Workbook
Name Factors_TK00001: #REF!
Name Factors_TK00002: #REF!
Name Factors_TK00003: #REF!
Name Factors_TK00004: #REF!
Name Factors_TK00005: #REF!
Name Factors_TK00006: #REF!
Name Factors_TK00007: #REF!
Name Factors_TK00008: #REF!
Name Factors_TK00009: #REF!
Name Factors_TK00010: #REF!
Name Factors_TK00011: #REF!
Name Factors_TK00012: #REF!
Name Factors_TK00013: #REF!
Name Factors_TK00014: #REF!
Name Factors_TK00015: #REF!
Name Factors_TK00016: #REF!
Name Factors_TK00017: #REF!
Name Factors_TK00018: #REF!
Name Factors_TK00019: #REF!
Name Factors_TK00020: #REF!
Name Factors_TK00021: #REF!
Name Factors_TK00022: #REF!
Name Factors_TK00023: #REF!
Name Factors_TK00024: #REF!
Name Factors_TK00025: #REF!
Name Factors_TK00026: #REF!
Name Factors_TK00027: #REF!
Name Factors_TK00028: #REF!
Name Factors_TK00029: #REF!
Name Factors_TK00030: #REF!
Name Factors_TK00031: #REF!
Name Factors_TK00032: #REF!
Name Factors_TK00033: #REF!
Name Factors_TK00034: #REF!
Name Factors_TK00035: #REF!
Name Factors_TK00036: #REF!
Name Factors_TK00037: #REF!
Name Factors_TK00038: #REF!
Name Factors_TK00039: #REF!
Name Factors_TK00040: #REF!
Name Factors_TK00041: #REF!
Name Factors_TK00042: #REF!
Name Factors_TK00043: #REF!
Name Factors_TK00044: #REF!
Name Factors_TK00045: #REF!
Name Factors_TK00046: #REF!
Name Factors_TK00047: #REF!
Name Factors_TK00048: #REF!
Name Factors_TK00049: #REF!
Name Factors_TK00050: #REF!
Name Factors_TK00051: #REF!
Name Factors_TK00052: #REF!
Name Factors_TK00053: #REF!
Name Factors_TK00054: #REF!
Name Factors_TK00055: #REF!
Name Factors_TK00056: #REF!
Name Factors_TK00057: #REF!
Name Factors_TK00058: #REF!
Name Factors_TK00059: #REF!
Name Factors_TK00060: #REF!

Sheet Taxepunkter
B1: XX kommuns avfallstaxa – fullständig kalkyl (intäkter)
B2: Matriser expanderas: en rad per (Taxapunkt × Variant). §6: Taxapunkt kompletteras med Avfallskod, UN-nummer blir Variant och Enhet tas från enhetskolumn.
A5: Paragraf | B5: Paragrafnamn | C5: Taxapunkt | D5: Variant | E5: Enhet | F5: Taxakod | G5: Föreslagen Taxa | H5: Taxabeskrivning | I5: Faktor | J5: Aktuellt pris (exkl m) | K5: Föreslaget pris | L5: Antal | M5: Pris kr (inkl.) | N5: Intäkt (kr) exkl
A6: §2 Avgifter och tjänster – en- och tvåbostadshus, fritidshus, verksamhet, lägenhet och anläggning
A7: §2.1 Grundavgifter
A8: §2.1.1 Grundavgifter
A9: §2.1 | B9: Grundavgift | C9: En- och tvåbostadshus | E9: st/år | F9: GRUNDPER | G9: =IF($F9<>"",$F9,IFERROR(_xlfn.XLOOKUP(ROW(),Taxa_Saknas!$H:$H,Taxa_Saknas!$G:$G),"")) -> GRUNDPER | H9: =IF($F9<>"",IFERROR(_xlfn.XLOOKUP($F9,Taxa_från_edp!$B:$B,Taxa_från_edp!C:C),""),"") -> Grundavgift permanentboende | I9: =IF($F9<>"",IFERROR(_xlfn.XLOOKUP($F9,Taxa_från_edp!$B:$B,Taxa_från_edp!G:G),""),"") -> ÅRPR | J9: =IF($F9<>"",IFERROR(_xlfn.XLOOKUP($F9,Taxa_från_edp!$B:$B,Taxa_från_edp!K:K),""),"") -> 1280 | M9: =IFERROR(IF(J9<>"",J9*1.25,IF(K9<>"",K9*1.25,"")),"") -> 1600 | N9: =IFERROR(IF(J9<>"",L9*J9,IF(K9<>"",L9*K9,"")),"") -> 0
A10: §2.1 | B10: Grundavgift | C10: Fritidshus | E10: st/år | F10: GRUNDFRI | G10: =IF($F10<>"",$F10,IFERROR(_xlfn.XLOOKUP(ROW(),Taxa_Saknas!$H:$H,Taxa_Saknas!$G:$G),"")) -> GRUNDFRI | H10: =IF($F10<>"",IFERROR(_xlfn.XLOOKUP($F10,Taxa_från_edp!$B:$B,Taxa_från_edp!C:C),""),"") -> Grundavgift fritidshus | I10: =IF($F10<>"",IFERROR(_xlfn.XLOOKUP($F10,Taxa_från_edp!$B:$B,Taxa_från_edp!G:G),""),"") -> ÅRPR | J10: =IF($F10<>"",IFERROR(_xlfn.XLOOKUP($F10,Taxa_från_edp!$B:$B,Taxa_från_edp!K:K),""),"") -> 1040 | M10: =IFERROR(IF(J10<>"",J10*1.25,IF(K10<>"",K10*1.25,"")),"") -> 1300 | N10: =IFERROR(IF(J10<>"",L10*J10,IF(K10<>"",L10*K10,"")),"") -> 0
A11: §2.1 | B11: Grundavgift | C11: Verksamhet | E11: st/år | F11: GRUNDLÄG | G11: =IF($F11<>"",$F11,IFERROR(_xlfn.XLOOKUP(ROW(),Taxa_Saknas!$H:$H,Taxa_Saknas!$G:$G),"")) -> GRUNDLÄG | H11: =IF($F11<>"",IFERROR(_xlfn.XLOOKUP($F11,Taxa_från_edp!$B:$B,Taxa_från_edp!C:C),""),"") -> Grundavgift, tvåbostadshus | I11: =IF($F11<>"",IFERROR(_xlfn.XLOOKUP($F11,Taxa_från_edp!$B:$B,Taxa_från_edp!G:G),""),"") -> ÅRKV | J11: =IF($F11<>"",IFERROR(_xlfn.XLOOKUP($F11,Taxa_från_edp!$B:$B,Taxa_från_edp!K:K),""),"") -> 680 | M11: =IFERROR(IF(J11<>"",J11*1.25,IF(K11<>"",K11*1.25,"")),"") -> 850 | N11: =IFERROR(IF(J11<>"",L11*J11,IF(K11<>"",L11*K11,"")),"") -> 0
A12: §2.1 | B12: Grundavgift | C12: Lägenhet i flerbostadshus | E12: st/år | F12: GRUNDFLB | G12: =IF($F12<>"",$F12,IFERROR(_xlfn.XLOOKUP(ROW(),Taxa_Saknas!$H:$H,Taxa_Saknas!$G:$G),"")) -> GRUNDFLB | H12: =IF($F12<>"",IFERROR(_xlfn.XLOOKUP($F12,Taxa_från_edp!$B:$B,Taxa_från_edp!C:C),""),"") -> Grundavgift per lägenhet, flerbostadshus | I12: =IF($F12<>"",IFERROR(_xlfn.XLOOKUP($F12,Taxa_från_edp!$B:$B,Taxa_från_edp!G:G),""),"") -> ÅRKV | J12: =IF($F12<>"",IFERROR(_xlfn.XLOOKUP($F12,Taxa_från_edp!$B:$B,Taxa_från_edp!K:K),""),"") -> 562.5 | M12: =IFERROR(IF(J12<>"",J12*1.25,IF(K12<>"",K12*1.25,"")),"") -> 703.125 | N12: =IFERROR(IF(J12<>"",L12*J12,IF(K12<>"",L12*K12,"")),"") -> 0
A13: §2.1 | B13: Grundavgift | C13: Lägenhet för specialändamål | E13: st/år | H13: =IF($F13<>"",IFERROR(_xlfn.XLOOKUP($F13,Taxa_från_edp!$B:$B,Taxa_från_edp!C:C),""),"") | I13: =IF($F13<>"",IFERROR(_xlfn.XLOOKUP($F13,Taxa_från_edp!$B:$B,Taxa_från_edp!G:G),""),"") | J13: =IF($F13<>"",IFERROR(_xlfn.XLOOKUP($F13,Taxa_från_edp!$B:$B,Taxa_från_edp!K:K),""),"") | M13: =IFERROR(IF(J13<>"",J13*1.25,IF(K13<>"",K13*1.25,"")),"") | N13: =IFERROR(IF(J13<>"",L13*J13,IF(K13<>"",L13*K13,"")),"")
A14: §2.1 | B14: Grundavgift | C14: Anläggning | E14: st/år | H14: =IF($F14<>"",IFERROR(_xlfn.XLOOKUP($F14,Taxa_från_edp!$B:$B,Taxa_från_edp!C:C),""),"") | I14: =IF($F14<>"",IFERROR(_xlfn.XLOOKUP($F14,Taxa_från_edp!$B:$B,Taxa_från_edp!G:G),""),"") | J14: =IF($F14<>"",IFERROR(_xlfn.XLOOKUP($F14,Taxa_från_edp!$B:$B,Taxa_från_edp!K:K),""),"") | M14: =IFERROR(IF(J14<>"",J14*1.25,IF(K14<>"",K14*1.25,"")),"") | N14: =IFERROR(IF(J14<>"",L14*J14,IF(K14<>"",L14*K14,"")),"")
A15: §2.1 | B15: Grundavgift | C15: Säsongsbaserad uppställningsplats | E15: st/år | H15: =IF($F15<>"",IFERROR(_xlfn.XLOOKUP($F15,Taxa_från_edp!$B:$B,Taxa_från_edp!C:C),""),"") | I15: =IF($F15<>"",IFERROR(_xlfn.XLOOKUP($F15,Taxa_från_edp!$B:$B,Taxa_från_edp!G:G),""),"") | J15: =IF($F15<>"",IFERROR(_xlfn.XLOOKUP($F15,Taxa_från_edp!$B:$B,Taxa_från_edp!K:K),""),"") | M15: =IFERROR(IF(J15<>"",J15*1.25,IF(K15<>"",K15*1.25,"")),"") | N15: =IFERROR(IF(J15<>"",L15*J15,IF(K15<>"",L15*K15,"")),"")
A16: §2.1 | B16: Grundavgift | C16: Campingstuga/-lägenhet | E16: st/år | H16: =IF($F16<>"",IFERROR(_xlfn.XLOOKUP($F16,Taxa_från_edp!$B:$B,Taxa_från_edp!C:C),""),"") | I16: =IF($F16<>"",IFERROR(_xlfn.XLOOKUP($F16,Taxa_från_edp!$B:$B,Taxa_från_edp!G:G),""),"") | J16: =IF($F16<>"",IFERROR(_xlfn.XLOOKUP($F16,Taxa_från_edp!$B:$B,Taxa_från_edp!K:K),""),"") | M16: =IFERROR(IF(J16<>"",J16*1.25,IF(K16<>"",K16*1.25,"")),"") | N16: =IFERROR(IF(J16<>"",L16*J16,IF(K16<>"",L16*K16,"")),"")
A17: §2.1 | B17: Grundavgift | C17: Administrativ avgift vid beviljad dispens om uppehåll i hämtning eller eget omhändertagande av avfall under kommunalt ansvar | E17: st/år | H17: =IF($F17<>"",IFERROR(_xlfn.XLOOKUP($F17,Taxa_från_edp!$B:$B,Taxa_från_edp!C:C),""),"") | I17: =IF($F17<>"",IFERROR(_xlfn.XLOOKUP($F17,Taxa_från_edp!$B:$B,Taxa_från_edp!G:G),""),"") | J17: =IF($F17<>"",IFERROR(_xlfn.XLOOKUP($F17,Taxa_från_edp!$B:$B,Taxa_från_edp!K:K),""),"") | M17: =IFERROR(IF(J17<>"",J17*1.25,IF(K17<>"",K17*1.25,"")),"") | N17: =IFERROR(IF(J17<>"",L17*J17,IF(K17<>"",L17*K17,"")),"")
A18: §2.2 Årlig hämtningsavgift per abonnemangstyp | G18: =IF($F18<>"",$F18,IFERROR(_xlfn.XLOOKUP(ROW(),Taxa_Saknas!$H:$H,Taxa_Saknas!$G:$G),"")) | H18: =IF($F18<>"",IFERROR(_xlfn.XLOOKUP($F18,Taxa_från_edp!$B:$B,Taxa_från_edp!C:C),""),"") | I18: =IF($F18<>"",IFERROR(_xlfn.XLOOKUP($F18,Taxa_från_edp!$B:$B,Taxa_från_edp!G:G),""),"") | J18: =IF($F18<>"",IFERROR(_xlfn.XLOOKUP($F18,Taxa_från_edp!$B:$B,Taxa_från_edp!K:K),""),"") | M18: =IFERROR(IF(J18<>"",J18*1.25,IF(K18<>"",K18*1.25,"")),"") | N18: =IFERROR(IF(J18<>"",L18*J18,IF(K18<>"",L18*K18,"")),"")
A19: §2.2.1 Hämtningsavgift per år för en- och tvåbostadshus | G19: =IF($F19<>"",$F19,IFERROR(_xlfn.XLOOKUP(ROW(),Taxa_Saknas!$H:$H,Taxa_Saknas!$G:$G),"")) | H19: =IF($F19<>"",IFERROR(_xlfn.XLOOKUP($F19,Taxa_från_edp!$B:$B,Taxa_från_edp!C:C),""),"") | I19: =IF($F19<>"",IFERROR(_xlfn.XLOOKUP($F19,Taxa_från_edp!$B:$B,Taxa_från_edp!G:G),""),"") | J19: =IF($F19<>"",IFERROR(_xlfn.XLOOKUP($F19,Taxa_från_edp!$B:$B,Taxa_från_edp!K:K),""),"") | M19: =IFERROR(IF(J19<>"",J19*1.25,IF(K19<>"",K19*1.25,"")),"") | N19: =IFERROR(IF(J19<>"",L19*J19,IF(K19<>"",L19*K19,"")),"")
A20: §2.2.1 | B20: Hämtningsavgift per år för en- och tvåbostadshus | C20: Kärl 240 l (mat-/restavfall) | D20: Hämtning var 14:e dag | E20: st/år | F20: KÄ240RM26 | G20: =IF($F20<>"",$F20,IFERROR(_xlfn.XLOOKUP(ROW(),Taxa_Saknas!$H:$H,Taxa_Saknas!$G:$G),"")) -> KÄ240RM26 | H20: =IF($F20<>"",IFERROR(_xlfn.XLOOKUP($F20,Taxa_från_edp!$B:$B,Taxa_från_edp!C:C),""),"") -> Tvåfackskärl , rest/matavfall. | I20: =IF($F20<>"",IFERROR(_xlfn.XLOOKUP($F20,Taxa_från_edp!$B:$B,Taxa_från_edp!G:G),""),"") -> ÅRKV | J20: =IF($F20<>"",IFERROR(_xlfn.XLOOKUP($F20,Taxa_från_edp!$B:$B,Taxa_från_edp!K:K),""),"") -> 640 | M20: =IFERROR(IF(J20<>"",J20*1.25,IF(K20<>"",K20*1.25,"")),"") -> 800 | N20: =IFERROR(IF(J20<>"",L20*J20,IF(K20<>"",L20*K20,"")),"") -> 0
A21: §2.2.1 | B21: Hämtningsavgift per år för en- och tvåbostadshus | C21: Kärl 240 l (mat-/restavfall) | D21: Hämtning månadsvis | E21: st/år | H21: =IF($F21<>"",IFERROR(_xlfn.XLOOKUP($F21,Taxa_från_edp!$B:$B,Taxa_från_edp!C:C),""),"") | I21: =IF($F21<>"",IFERROR(_xlfn.XLOOKUP($F21,Taxa_från_edp!$B:$B,Taxa_från_edp!G:G),""),"") | J21: =IF($F21<>"",IFERROR(_xlfn.XLOOKUP($F21,Taxa_från_edp!$B:$B,Taxa_från_edp!K:K),""),"") | M21: =IFERROR(IF(J21<>"",J21*1.25,IF(K21<>"",K21*1.25,"")),"") | N21: =IFERROR(IF(J21<>"",L21*J21,IF(K21<>"",L21*K21,"")),"")
A22: §2.2.1 | B22: Hämtningsavgift per år för en- och tvåbostadshus | C22: Extrakärl 190 l (restavfall) | D22: Hämtning var 14:e dag | E22: st/år | F22: KÄ190XRM26 | G22: =IF($F22<>"",$F22,IFERROR(_xlfn.XLOOKUP(ROW(),Taxa_Saknas!$H:$H,Taxa_Saknas!$G:$G),"")) -> KÄ190XRM26 | H22: =IF($F22<>"",IFERROR(_xlfn.XLOOKUP($F22,Taxa_från_edp!$B:$B,Taxa_från_edp!C:C),""),"") | I22: =IF($F22<>"",IFERROR(_xlfn.XLOOKUP($F22,Taxa_från_edp!$B:$B,Taxa_från_edp!G:G),""),"") | J22: =IF($F22<>"",IFERROR(_xlfn.XLOOKUP($F22,Taxa_från_edp!$B:$B,Taxa_från_edp!K:K),""),"") | M22: =IFERROR(IF(J22<>"",J22*1.25,IF(K22<>"",K22*1.25,"")),"") | N22: =IFERROR(IF(J22<>"",L22*J22,IF(K22<>"",L22*K22,"")),"")
A23: §2.2.1 | B23: Hämtningsavgift per år för en- och tvåbostadshus | C23: Extrakärl 190 l (restavfall) | D23: Hämtning månadsvis | E23: st/år | H23: =IF($F23<>"",IFERROR(_xlfn.XLOOKUP($F23,Taxa_från_edp!$B:$B,Taxa_från_edp!C:C),""),"") | I23: =IF($F23<>"",IFERROR(_xlfn.XLOOKUP($F23,Taxa_från_edp!$B:$B,Taxa_från_edp!G:G),""),"") | J23: =IF($F23<>"",IFERROR(_xlfn.XLOOKUP($F23,Taxa_från_edp!$B:$B,Taxa_från_edp!K:K),""),"") | M23: =IFERROR(IF(J23<>"",J23*1.25,IF(K23<>"",K23*1.25,"")),"") | N23: =IFERROR(IF(J23<>"",L23*J23,IF(K23<>"",L23*K23,"")),"")
A24: §2.2.1 | B24: Hämtningsavgift per år för en- och tvåbostadshus | C24: Kärl 370 l (papper-/plastförpackningar) | D24: Kostnadsfritt | E24: st/år | H24: =IF($F24<>"",IFERROR(_xlfn.XLOOKUP($F24,Taxa_från_edp!$B:$B,Taxa_från_edp!C:C),""),"") | I24: =IF($F24<>"",IFERROR(_xlfn.XLOOKUP($F24,Taxa_från_edp!$B:$B,Taxa_från_edp!G:G),""),"") | J24: =IF($F24<>"",IFERROR(_xlfn.XLOOKUP($F24,Taxa_från_edp!$B:$B,Taxa_från_edp!K:K),""),"") | M24: =IFERROR(IF(J24<>"",J24*1.25,IF(K24<>"",K24*1.25,"")),"") | N24: =IFERROR(IF(J24<>"",L24*J24,IF(K24<>"",L24*K24,"")),"")
A25: §2.2.2 Hämtningsavgift per år för fritidshus inom hämtningsområde X | G25: =IF($F25<>"",$F25,IFERROR(_xlfn.XLOOKUP(ROW(),Taxa_Saknas!$H:$H,Taxa_Saknas!$G:$G),"")) | H25: =IF($F25<>"",IFERROR(_xlfn.XLOOKUP($F25,Taxa_från_edp!$B:$B,Taxa_från_edp!C:C),""),"") | I25: =IF($F25<>"",IFERROR(_xlfn.XLOOKUP($F25,Taxa_från_edp!$B:$B,Taxa_från_edp!G:G),""),"") | J25: =IF($F25<>"",IFERROR(_xlfn.XLOOKUP($F25,Taxa_från_edp!$B:$B,Taxa_från_edp!K:K),""),"") | M25: =IFERROR(IF(J25<>"",J25*1.25,IF(K25<>"",K25*1.25,"")),"") | N25: =IFERROR(IF(J25<>"",L25*J25,IF(K25<>"",L25*K25,"")),"")
A26: §2.2.2 | B26: Hämtningsavgift per år för fritidshus | C26: Kärl 240 l (mat-/restavfall) | D26: Hämtning var 14:e dag | E26: st/år | F26: KÄ240RM26 | G26: =IF($F26<>"",$F26,IFERROR(_xlfn.XLOOKUP(ROW(),Taxa_Saknas!$H:$H,Taxa_Saknas!$G:$G),"")) -> KÄ240RM26 | H26: =IF($F26<>"",IFERROR(_xlfn.XLOOKUP($F26,Taxa_från_edp!$B:$B,Taxa_från_edp!C:C),""),"") -> Tvåfackskärl , rest/matavfall. | I26: =IF($F26<>"",IFERROR(_xlfn.XLOOKUP($F26,Taxa_från_edp!$B:$B,Taxa_från_edp!G:G),""),"") -> ÅRKV | J26: =IF($F26<>"",IFERROR(_xlfn.XLOOKUP($F26,Taxa_från_edp!$B:$B,Taxa_från_edp!K:K),""),"") -> 640 | M26: =IFERROR(IF(J26<>"",J26*1.25,IF(K26<>"",K26*1.25,"")),"") -> 800 | N26: =IFERROR(IF(J26<>"",L26*J26,IF(K26<>"",L26*K26,"")),"") -> 0
A27: §2.2.2 | B27: Hämtningsavgift per år för fritidshus | C27: Kärl 240 l (mat-/restavfall) | D27: Hämtning månadsvis | E27: st/år | H27: =IF($F27<>"",IFERROR(_xlfn.XLOOKUP($F27,Taxa_från_edp!$B:$B,Taxa_från_edp!C:C),""),"") | I27: =IF($F27<>"",IFERROR(_xlfn.XLOOKUP($F27,Taxa_från_edp!$B:$B,Taxa_från_edp!G:G),""),"") | J27: =IF($F27<>"",IFERROR(_xlfn.XLOOKUP($F27,Taxa_från_edp!$B:$B,Taxa_från_edp!K:K),""),"") | M27: =IFERROR(IF(J27<>"",J27*1.25,IF(K27<>"",K27*1.25,"")),"") | N27: =IFERROR(IF(J27<>"",L27*J27,IF(K27<>"",L27*K27,"")),"")
A28: §2.2.2 | B28: Hämtningsavgift per år för fritidshus | C28: Extrakärl 190 l (restavfall) | D28: Hämtning var 14:e dag | E28: st/år | F28: KÄ190XRM26FRI | G28: =IF($F28<>"",$F28,IFERROR(_xlfn.XLOOKUP(ROW(),Taxa_Saknas!$H:$H,Taxa_Saknas!$G:$G),"")) -> KÄ190XRM26FRI | H28: =IF($F28<>"",IFERROR(_xlfn.XLOOKUP($F28,Taxa_från_edp!$B:$B,Taxa_från_edp!C:C),""),"") | I28: =IF($F28<>"",IFERROR(_xlfn.XLOOKUP($F28,Taxa_från_edp!$B:$B,Taxa_från_edp!G:G),""),"") | J28: =IF($F28<>"",IFERROR(_xlfn.XLOOKUP($F28,Taxa_från_edp!$B:$B,Taxa_från_edp!K:K),""),"") | M28: =IFERROR(IF(J28<>"",J28*1.25,IF(K28<>"",K28*1.25,"")),"") | N28: =IFERROR(IF(J28<>"",L28*J28,IF(K28<>"",L28*K28,"")),"")
A29: §2.2.2 | B29: Hämtningsavgift per år för fritidshus | C29: Kärl 370 l (papper-/plastförpackningar) | D29: Kostnadsfritt | E29: st/år | H29: =IF($F29<>"",IFERROR(_xlfn.XLOOKUP($F29,Taxa_från_edp!$B:$B,Taxa_från_edp!C:C),""),"") | I29: =IF($F29<>"",IFERROR(_xlfn.XLOOKUP($F29,Taxa_från_edp!$B:$B,Taxa_från_edp!G:G),""),"") | J29: =IF($F29<>"",IFERROR(_xlfn.XLOOKUP($F29,Taxa_från_edp!$B:$B,Taxa_från_edp!K:K),""),"") | M29: =IFERROR(IF(J29<>"",J29*1.25,IF(K29<>"",K29*1.25,"")),"") | N29: =IFERROR(IF(J29<>"",L29*J29,IF(K29<>"",L29*K29,"")),"")
A30: §2.2.3 Gemensam uppsamlingsplats inom hämtningsområde X | G30: =IF($F30<>"",$F30,IFERROR(_xlfn.XLOOKUP(ROW(),Taxa_Saknas!$H:$H,Taxa_Saknas!$G:$G),"")) | H30: =IF($F30<>"",IFERROR(_xlfn.XLOOKUP($F30,Taxa_från_edp!$B:$B,Taxa_från_edp!C:C),""),"") | I30: =IF($F30<>"",IFERROR(_xlfn.XLOOKUP($F30,Taxa_från_edp!$B:$B,Taxa_från_edp!G:G),""),"") | J30: =IF($F30<>"",IFERROR(_xlfn.XLOOKUP($F30,Taxa_från_edp!$B:$B,Taxa_från_edp!K:K),""),"") | M30: =IFERROR(IF(J30<>"",J30*1.25,IF(K30<>"",K30*1.25,"")),"") | N30: =IFERROR(IF(J30<>"",L30*J30,IF(K30<>"",L30*K30,"")),"")
A31: §2.2.3 | B31: Gemensam uppsamlingsplats inom hämtningsområde X | C31: Gemensam uppsamlingsplats för mat-/restavfall | E31: st/år | F31: GEMUPPFRI | G31: =IF($F31<>"",$F31,IFERROR(_xlfn.XLOOKUP(ROW(),Taxa_Saknas!$H:$H,Taxa_Saknas!$G:$G),"")) -> GEMUPPFRI | H31: =IF($F31<>"",IFERROR(_xlfn.XLOOKUP($F31,Taxa_från_edp!$B:$B,Taxa_från_edp!C:C),""),"") | I31: =IF($F31<>"",IFERROR(_xlfn.XLOOKUP($F31,Taxa_från_edp!$B:$B,Taxa_från_edp!G:G),""),"") | J31: =IF($F31<>"",IFERROR(_xlfn.XLOOKUP($F31,Taxa_från_edp!$B:$B,Taxa_från_edp!K:K),""),"") | M31: =IFERROR(IF(J31<>"",J31*1.25,IF(K31<>"",K31*1.25,"")),"") | N31: =IFERROR(IF(J31<>"",L31*J31,IF(K31<>"",L31*K31,"")),"")
A32: §2.2.3 | B32: Gemensam uppsamlingsplats inom hämtningsområde X | C32: Gemensam uppsamlingsplats för förpackningar | D32: Kostnadsfritt | E32: st/år | H32: =IF($F32<>"",IFERROR(_xlfn.XLOOKUP($F32,Taxa_från_edp!$B:$B,Taxa_från_edp!C:C),""),"") | I32: =IF($F32<>"",IFERROR(_xlfn.XLOOKUP($F32,Taxa_från_edp!$B:$B,Taxa_från_edp!G:G),""),"") | J32: =IF($F32<>"",IFERROR(_xlfn.XLOOKUP($F32,Taxa_från_edp!$B:$B,Taxa_från_edp!K:K),""),"") | M32: =IFERROR(IF(J32<>"",J32*1.25,IF(K32<>"",K32*1.25,"")),"") | N32: =IFERROR(IF(J32<>"",L32*J32,IF(K32<>"",L32*K32,"")),"")
A33: §2.2.3 | B33: Gemensam uppsamlingsplats inom hämtningsområde X | C33: Extra digital licens (årskostnad) | E33: st/år | H33: =IF($F33<>"",IFERROR(_xlfn.XLOOKUP($F33,Taxa_från_edp!$B:$B,Taxa_från_edp!C:C),""),"") | I33: =IF($F33<>"",IFERROR(_xlfn.XLOOKUP($F33,Taxa_från_edp!$B:$B,Taxa_från_edp!G:G),""),"") | J33: =IF($F33<>"",IFERROR(_xlfn.XLOOKUP($F33,Taxa_från_edp!$B:$B,Taxa_från_edp!K:K),""),"") | M33: =IFERROR(IF(J33<>"",J33*1.25,IF(K33<>"",K33*1.25,"")),"") | N33: =IFERROR(IF(J33<>"",L33*J33,IF(K33<>"",L33*K33,"")),"")
A34: §2.2.3 | B34: Gemensam uppsamlingsplats inom hämtningsområde X | C34: Fysisk nyckel, kallad fob (engångskostnad) | E34: st/tillfälle | H34: =IF($F34<>"",IFERROR(_xlfn.XLOOKUP($F34,Taxa_från_edp!$B:$B,Taxa_från_edp!C:C),""),"") | I34: =IF($F34<>"",IFERROR(_xlfn.XLOOKUP($F34,Taxa_från_edp!$B:$B,Taxa_från_edp!G:G),""),"") | J34: =IF($F34<>"",IFERROR(_xlfn.XLOOKUP($F34,Taxa_från_edp!$B:$B,Taxa_från_edp!K:K),""),"") | M34: =IFERROR(IF(J34<>"",J34*1.25,IF(K34<>"",K34*1.25,"")),"") | N34: =IFERROR(IF(J34<>"",L34*J34,IF(K34<>"",L34*K34,"")),"")
A35: §2.2.3 | B35: Gemensam uppsamlingsplats inom hämtningsområde X | C35: Byte av telefonnummer kopplat till licens | E35: st/tillfälle | H35: =IF($F35<>"",IFERROR(_xlfn.XLOOKUP($F35,Taxa_från_edp!$B:$B,Taxa_från_edp!C:C),""),"") | I35: =IF($F35<>"",IFERROR(_xlfn.XLOOKUP($F35,Taxa_från_edp!$B:$B,Taxa_från_edp!G:G),""),"") | J35: =IF($F35<>"",IFERROR(_xlfn.XLOOKUP($F35,Taxa_från_edp!$B:$B,Taxa_från_edp!K:K),""),"") | M35: =IFERROR(IF(J35<>"",J35*1.25,IF(K35<>"",K35*1.25,"")),"") | N35: =IFERROR(IF(J35<>"",L35*J35,IF(K35<>"",L35*K35,"")),"")
A36: §2.2.3 | B36: Gemensam uppsamlingsplats inom hämtningsområde X | C36: Kostnad för öppning av behållare | E36: st/tillfälle | H36: =IF($F36<>"",IFERROR(_xlfn.XLOOKUP($F36,Taxa_från_edp!$B:$B,Taxa_från_edp!C:C),""),"") | I36: =IF($F36<>"",IFERROR(_xlfn.XLOOKUP($F36,Taxa_från_edp!$B:$B,Taxa_från_edp!G:G),""),"") | J36: =IF($F36<>"",IFERROR(_xlfn.XLOOKUP($F36,Taxa_från_edp!$B:$B,Taxa_från_edp!K:K),""),"") | M36: =IFERROR(IF(J36<>"",J36*1.25,IF(K36<>"",K36*1.25,"")),"") | N36: =IFERROR(IF(J36<>"",L36*J36,IF(K36<>"",L36*K36,"")),"")
A37: §2.2.4 Hämtningsavgift per år för flerbostadshus inom hämtningsområde X | G37: =IF($F37<>"",$F37,IFERROR(_xlfn.XLOOKUP(ROW(),Taxa_Saknas!$H:$H,Taxa_Saknas!$G:$G),"")) | H37: =IF($F37<>"",IFERROR(_xlfn.XLOOKUP($F37,Taxa_från_edp!$B:$B,Taxa_från_edp!C:C),""),"") | I37: =IF($F37<>"",IFERROR(_xlfn.XLOOKUP($F37,Taxa_från_edp!$B:$B,Taxa_från_edp!G:G),""),"") | J37: =IF($F37<>"",IFERROR(_xlfn.XLOOKUP($F37,Taxa_från_edp!$B:$B,Taxa_från_edp!K:K),""),"") | M37: =IFERROR(IF(J37<>"",J37*1.25,IF(K37<>"",K37*1.25,"")),"") | N37: =IFERROR(IF(J37<>"",L37*J37,IF(K37<>"",L37*K37,"")),"")
A38: §2.2.4 | B38: Hämtningsavgift per år för flerbostadshus | C38: Kärl 240 l (mat-/restavfall) | D38: Hämtning varje vecka | E38: st/år | H38: =IF($F38<>"",IFERROR(_xlfn.XLOOKUP($F38,Taxa_från_edp!$B:$B,Taxa_från_edp!C:C),""),"") | I38: =IF($F38<>"",IFERROR(_xlfn.XLOOKUP($F38,Taxa_från_edp!$B:$B,Taxa_från_edp!G:G),""),"") | J38: =IF($F38<>"",IFERROR(_xlfn.XLOOKUP($F38,Taxa_från_edp!$B:$B,Taxa_från_edp!K:K),""),"") | M38: =IFERROR(IF(J38<>"",J38*1.25,IF(K38<>"",K38*1.25,"")),"") | N38: =IFERROR(IF(J38<>"",L38*J38,IF(K38<>"",L38*K38,"")),"")
A39: §2.2.4 | B39: Hämtningsavgift per år för flerbostadshus | C39: Kärl 240 l (mat-/restavfall) | D39: Hämtning var 14:e dag | E39: st/år | F39: KÄ240RM26FV | G39: =IF($F39<>"",$F39,IFERROR(_xlfn.XLOOKUP(ROW(),Taxa_Saknas!$H:$H,Taxa_Saknas!$G:$G),"")) -> KÄ240RM26FV | H39: =IF($F39<>"",IFERROR(_xlfn.XLOOKUP($F39,Taxa_från_edp!$B:$B,Taxa_från_edp!C:C),""),"") -> Tvåfackskärl, rest/mat FLB/VHT | I39: =IF($F39<>"",IFERROR(_xlfn.XLOOKUP($F39,Taxa_från_edp!$B:$B,Taxa_från_edp!G:G),""),"") -> ÅRKV | J39: =IF($F39<>"",IFERROR(_xlfn.XLOOKUP($F39,Taxa_från_edp!$B:$B,Taxa_från_edp!K:K),""),"") -> 640 | M39: =IFERROR(IF(J39<>"",J39*1.25,IF(K39<>"",K39*1.25,"")),"") -> 800 | N39: =IFERROR(IF(J39<>"",L39*J39,IF(K39<>"",L39*K39,"")),"") -> 0
A40: §2.2.4 | B40: Hämtningsavgift per år för flerbostadshus | C40: Kärl 240 l (mat-/restavfall) | D40: Hämtning månadsvis | E40: st/år | H40: =IF($F40<>"",IFERROR(_xlfn.XLOOKUP($F40,Taxa_från_edp!$B:$B,Taxa_från_edp!C:C),""),"") | I40: =IF($F40<>"",IFERROR(_xlfn.XLOOKUP($F40,Taxa_från_edp!$B:$B,Taxa_från_edp!G:G),""),"") | J40: =IF($F40<>"",IFERROR(_xlfn.XLOOKUP($F40,Taxa_från_edp!$B:$B,Taxa_från_edp!K:K),""),"") | M40: =IFERROR(IF(J40<>"",J40*1.25,IF(K40<>"",K40*1.25,"")),"") | N40: =IFERROR(IF(J40<>"",L40*J40,IF(K40<>"",L40*K40,"")),"")
A41: §2.2.4 | B41: Hämtningsavgift per år för flerbostadshus | C41: Kärl 370 l (restavfall) | D41: Hämtning varje vecka | E41: st/år | H41: =IF($F41<>"",IFERROR(_xlfn.XLOOKUP($F41,Taxa_från_edp!$B:$B,Taxa_från_edp!C:C),""),"") | I41: =IF($F41<>"",IFERROR(_xlfn.XLOOKUP($F41,Taxa_från_edp!$B:$B,Taxa_från_edp!G:G),""),"") | J41: =IF($F41<>"",IFERROR(_xlfn.XLOOKUP($F41,Taxa_från_edp!$B:$B,Taxa_från_edp!K:K),""),"") | M41: =IFERROR(IF(J41<>"",J41*1.25,IF(K41<>"",K41*1.25,"")),"") | N41: =IFERROR(IF(J41<>"",L41*J41,IF(K41<>"",L41*K41,"")),"")
A42: §2.2.4 | B42: Hämtningsavgift per år för flerbostadshus | C42: Kärl 370 l (restavfall) | D42: Hämtning var 14:e dag | E42: st/år | F42: KÄ370RE26FV | G42: =IF($F42<>"",$F42,IFERROR(_xlfn.XLOOKUP(ROW(),Taxa_Saknas!$H:$H,Taxa_Saknas!$G:$G),"")) -> KÄ370RE26FV | H42: =IF($F42<>"",IFERROR(_xlfn.XLOOKUP($F42,Taxa_från_edp!$B:$B,Taxa_från_edp!C:C),""),"") -> Kärl 370 L, rest. FLB/VHT | I42: =IF($F42<>"",IFERROR(_xlfn.XLOOKUP($F42,Taxa_från_edp!$B:$B,Taxa_från_edp!G:G),""),"") -> ÅRKV | J42: =IF($F42<>"",IFERROR(_xlfn.XLOOKUP($F42,Taxa_från_edp!$B:$B,Taxa_från_edp!K:K),""),"") -> 800 | M42: =IFERROR(IF(J42<>"",J42*1.25,IF(K42<>"",K42*1.25,"")),"") -> 1000 | N42: =IFERROR(IF(J42<>"",L42*J42,IF(K42<>"",L42*K42,"")),"") -> 0
A43: §2.2.4 | B43: Hämtningsavgift per år för flerbostadshus | C43: Kärl 370 l (restavfall) | D43: Hämtning månadsvis | E43: st/år | H43: =IF($F43<>"",IFERROR(_xlfn.XLOOKUP($F43,Taxa_från_edp!$B:$B,Taxa_från_edp!C:C),""),"") | I43: =IF($F43<>"",IFERROR(_xlfn.XLOOKUP($F43,Taxa_från_edp!$B:$B,Taxa_från_edp!G:G),""),"") | J43: =IF($F43<>"",IFERROR(_xlfn.XLOOKUP($F43,Taxa_från_edp!$B:$B,Taxa_från_edp!K:K),""),"") | M43: =IFERROR(IF(J43<>"",J43*1.25,IF(K43<>"",K43*1.25,"")),"") | N43: =IFERROR(IF(J43<>"",L43*J43,IF(K43<>"",L43*K43,"")),"")
A44: §2.2.4 | B44: Hämtningsavgift per år för flerbostadshus | C44: Kärl 660 l (restavfall) | D44: Hämtning varje vecka | E44: st/år | H44: =IF($F44<>"",IFERROR(_xlfn.XLOOKUP($F44,Taxa_från_edp!$B:$B,Taxa_från_edp!C:C),""),"") | I44: =IF($F44<>"",IFERROR(_xlfn.XLOOKUP($F44,Taxa_från_edp!$B:$B,Taxa_från_edp!G:G),""),"") | J44: =IF($F44<>"",IFERROR(_xlfn.XLOOKUP($F44,Taxa_från_edp!$B:$B,Taxa_från_edp!K:K),""),"") | M44: =IFERROR(IF(J44<>"",J44*1.25,IF(K44<>"",K44*1.25,"")),"") | N44: =IFERROR(IF(J44<>"",L44*J44,IF(K44<>"",L44*K44,"")),"")
A45: §2.2.4 | B45: Hämtningsavgift per år för flerbostadshus | C45: Kärl 660 l (restavfall) | D45: Hämtning var 14:e dag | E45: st/år | F45: KÄ660RE26FV | G45: =IF($F45<>"",$F45,IFERROR(_xlfn.XLOOKUP(ROW(),Taxa_Saknas!$H:$H,Taxa_Saknas!$G:$G),"")) -> KÄ660RE26FV | H45: =IF($F45<>"",IFERROR(_xlfn.XLOOKUP($F45,Taxa_från_edp!$B:$B,Taxa_från_edp!C:C),""),"") -> Kärl 660 L, rest. FLB/VHT | I45: =IF($F45<>"",IFERROR(_xlfn.XLOOKUP($F45,Taxa_från_edp!$B:$B,Taxa_från_edp!G:G),""),"") -> ÅRKV | J45: =IF($F45<>"",IFERROR(_xlfn.XLOOKUP($F45,Taxa_från_edp!$B:$B,Taxa_från_edp!K:K),""),"") -> 1040 | M45: =IFERROR(IF(J45<>"",J45*1.25,IF(K45<>"",K45*1.25,"")),"") -> 1300 | N45: =IFERROR(IF(J45<>"",L45*J45,IF(K45<>"",L45*K45,"")),"") -> 0
A46: §2.2.4 | B46: Hämtningsavgift per år för flerbostadshus | C46: Kärl 660 l (restavfall) | D46: Hämtning månadsvis | E46: st/år | H46: =IF($F46<>"",IFERROR(_xlfn.XLOOKUP($F46,Taxa_från_edp!$B:$B,Taxa_från_edp!C:C),""),"") | I46: =IF($F46<>"",IFERROR(_xlfn.XLOOKUP($F46,Taxa_från_edp!$B:$B,Taxa_från_edp!G:G),""),"") | J46: =IF($F46<>"",IFERROR(_xlfn.XLOOKUP($F46,Taxa_från_edp!$B:$B,Taxa_från_edp!K:K),""),"") | M46: =IFERROR(IF(J46<>"",J46*1.25,IF(K46<>"",K46*1.25,"")),"") | N46: =IFERROR(IF(J46<>"",L46*J46,IF(K46<>"",L46*K46,"")),"")
A47: §2.2.4 | B47: Hämtningsavgift per år för flerbostadshus | C47: Kärl 140 l (matavfall) | D47: Hämtning varje vecka | E47: st/år | H47: =IF($F47<>"",IFERROR(_xlfn.XLOOKUP($F47,Taxa_från_edp!$B:$B,Taxa_från_edp!C:C),""),"") | I47: =IF($F47<>"",IFERROR(_xlfn.XLOOKUP($F47,Taxa_från_edp!$B:$B,Taxa_från_edp!G:G),""),"") | J47: =IF($F47<>"",IFERROR(_xlfn.XLOOKUP($F47,Taxa_från_edp!$B:$B,Taxa_från_edp!K:K),""),"") | M47: =IFERROR(IF(J47<>"",J47*1.25,IF(K47<>"",K47*1.25,"")),"") | N47: =IFERROR(IF(J47<>"",L47*J47,IF(K47<>"",L47*K47,"")),"")
A48: §2.2.4 | B48: Hämtningsavgift per år för flerbostadshus | C48: Kärl 140 l (matavfall) | D48: Hämtning var 14:e dag | E48: st/år | F48: KÄ140MA26FV | G48: =IF($F48<>"",$F48,IFERROR(_xlfn.XLOOKUP(ROW(),Taxa_Saknas!$H:$H,Taxa_Saknas!$G:$G),"")) -> KÄ140MA26FV | H48: =IF($F48<>"",IFERROR(_xlfn.XLOOKUP($F48,Taxa_från_edp!$B:$B,Taxa_från_edp!C:C),""),"") -> Kärl 140 L, matavfall. Var 14:e dag. FLB/VHT | I48: =IF($F48<>"",IFERROR(_xlfn.XLOOKUP($F48,Taxa_från_edp!$B:$B,Taxa_från_edp!G:G),""),"") -> ÅRKV | J48: =IF($F48<>"",IFERROR(_xlfn.XLOOKUP($F48,Taxa_från_edp!$B:$B,Taxa_från_edp!K:K),""),"") -> 500 | M48: =IFERROR(IF(J48<>"",J48*1.25,IF(K48<>"",K48*1.25,"")),"") -> 625 | N48: =IFERROR(IF(J48<>"",L48*J48,IF(K48<>"",L48*K48,"")),"") -> 0
A49: §2.2.4 | B49: Hämtningsavgift per år för flerbostadshus | C49: Kärl 140 l (matavfall) | D49: Hämtning månadsvis | E49: st/år | H49: =IF($F49<>"",IFERROR(_xlfn.XLOOKUP($F49,Taxa_från_edp!$B:$B,Taxa_från_edp!C:C),""),"") | I49: =IF($F49<>"",IFERROR(_xlfn.XLOOKUP($F49,Taxa_från_edp!$B:$B,Taxa_från_edp!G:G),""),"") | J49: =IF($F49<>"",IFERROR(_xlfn.XLOOKUP($F49,Taxa_från_edp!$B:$B,Taxa_från_edp!K:K),""),"") | M49: =IFERROR(IF(J49<>"",J49*1.25,IF(K49<>"",K49*1.25,"")),"") | N49: =IFERROR(IF(J49<>"",L49*J49,IF(K49<>"",L49*K49,"")),"")
A50: §2.2.4 | B50: Hämtningsavgift per år för flerbostadshus | C50: Kärl 190 l (förpackningar) | D50: Hämtning varje vecka | E50: st/år | H50: =IF($F50<>"",IFERROR(_xlfn.XLOOKUP($F50,Taxa_från_edp!$B:$B,Taxa_från_edp!C:C),""),"") | I50: =IF($F50<>"",IFERROR(_xlfn.XLOOKUP($F50,Taxa_från_edp!$B:$B,Taxa_från_edp!G:G),""),"") | J50: =IF($F50<>"",IFERROR(_xlfn.XLOOKUP($F50,Taxa_från_edp!$B:$B,Taxa_från_edp!K:K),""),"") | M50: =IFERROR(IF(J50<>"",J50*1.25,IF(K50<>"",K50*1.25,"")),"") | N50: =IFERROR(IF(J50<>"",L50*J50,IF(K50<>"",L50*K50,"")),"")
A51: §2.2.4 | B51: Hämtningsavgift per år för flerbostadshus | C51: Kärl 190 l (förpackningar) | D51: Hämtning var 14:e dag | E51: st/år | H51: =IF($F51<>"",IFERROR(_xlfn.XLOOKUP($F51,Taxa_från_edp!$B:$B,Taxa_från_edp!C:C),""),"") | I51: =IF($F51<>"",IFERROR(_xlfn.XLOOKUP($F51,Taxa_från_edp!$B:$B,Taxa_från_edp!G:G),""),"") | J51: =IF($F51<>"",IFERROR(_xlfn.XLOOKUP($F51,Taxa_från_edp!$B:$B,Taxa_från_edp!K:K),""),"") | M51: =IFERROR(IF(J51<>"",J51*1.25,IF(K51<>"",K51*1.25,"")),"") | N51: =IFERROR(IF(J51<>"",L51*J51,IF(K51<>"",L51*K51,"")),"")
A52: §2.2.4 | B52: Hämtningsavgift per år för flerbostadshus | C52: Kärl 190 l (förpackningar) | D52: Hämtning månadsvis | E52: st/år | H52: =IF($F52<>"",IFERROR(_xlfn.XLOOKUP($F52,Taxa_från_edp!$B:$B,Taxa_från_edp!C:C),""),"") | I52: =IF($F52<>"",IFERROR(_xlfn.XLOOKUP($F52,Taxa_från_edp!$B:$B,Taxa_från_edp!G:G),""),"") | J52: =IF($F52<>"",IFERROR(_xlfn.XLOOKUP($F52,Taxa_från_edp!$B:$B,Taxa_från_edp!K:K),""),"") | M52: =IFERROR(IF(J52<>"",J52*1.25,IF(K52<>"",K52*1.25,"")),"") | N52: =IFERROR(IF(J52<>"",L52*J52,IF(K52<>"",L52*K52,"")),"")
A53: §2.2.4 | B53: Hämtningsavgift per år för flerbostadshus | C53: Kärl 370 l (förpackningar) | D53: Hämtning varje vecka | E53: st/år | H53: =IF($F53<>"",IFERROR(_xlfn.XLOOKUP($F53,Taxa_från_edp!$B:$B,Taxa_från_edp!C:C),""),"") | I53: =IF($F53<>"",IFERROR(_xlfn.XLOOKUP($F53,Taxa_från_edp!$B:$B,Taxa_från_edp!G:G),""),"") | J53: =IF($F53<>"",IFERROR(_xlfn.XLOOKUP($F53,Taxa_från_edp!$B:$B,Taxa_från_edp!K:K),""),"") | M53: =IFERROR(IF(J53<>"",J53*1.25,IF(K53<>"",K53*1.25,"")),"") | N53: =IFERROR(IF(J53<>"",L53*J53,IF(K53<>"",L53*K53,"")),"")
A54: §2.2.4 | B54: Hämtningsavgift per år för flerbostadshus | C54: Kärl 370 l (förpackningar) | D54: Hämtning var 14:e dag | E54: st/år | H54: =IF($F54<>"",IFERROR(_xlfn.XLOOKUP($F54,Taxa_från_edp!$B:$B,Taxa_från_edp!C:C),""),"") | I54: =IF($F54<>"",IFERROR(_xlfn.XLOOKUP($F54,Taxa_från_edp!$B:$B,Taxa_från_edp!G:G),""),"") | J54: =IF($F54<>"",IFERROR(_xlfn.XLOOKUP($F54,Taxa_från_edp!$B:$B,Taxa_från_edp!K:K),""),"") | M54: =IFERROR(IF(J54<>"",J54*1.25,IF(K54<>"",K54*1.25,"")),"") | N54: =IFERROR(IF(J54<>"",L54*J54,IF(K54<>"",L54*K54,"")),"")
A55: §2.2.4 | B55: Hämtningsavgift per år för flerbostadshus | C55: Kärl 370 l (förpackningar) | D55: Hämtning månadsvis | E55: st/år | H55: =IF($F55<>"",IFERROR(_xlfn.XLOOKUP($F55,Taxa_från_edp!$B:$B,Taxa_från_edp!C:C),""),"") | I55: =IF($F55<>"",IFERROR(_xlfn.XLOOKUP($F55,Taxa_från_edp!$B:$B,Taxa_från_edp!G:G),""),"") | J55: =IF($F55<>"",IFERROR(_xlfn.XLOOKUP($F55,Taxa_från_edp!$B:$B,Taxa_från_edp!K:K),""),"") | M55: =IFERROR(IF(J55<>"",J55*1.25,IF(K55<>"",K55*1.25,"")),"") | N55: =IFERROR(IF(J55<>"",L55*J55,IF(K55<>"",L55*K55,"")),"")
A56: §2.2.4 | B56: Hämtningsavgift per år för flerbostadshus | C56: Kärl 660 l (förpackningar) | D56: Hämtning varje vecka | E56: st/år | H56: =IF($F56<>"",IFERROR(_xlfn.XLOOKUP($F56,Taxa_från_edp!$B:$B,Taxa_från_edp!C:C),""),"") | I56: =IF($F56<>"",IFERROR(_xlfn.XLOOKUP($F56,Taxa_från_edp!$B:$B,Taxa_från_edp!G:G),""),"") | J56: =IF($F56<>"",IFERROR(_xlfn.XLOOKUP($F56,Taxa_från_edp!$B:$B,Taxa_från_edp!K:K),""),"") | M56: =IFERROR(IF(J56<>"",J56*1.25,IF(K56<>"",K56*1.25,"")),"") | N56: =IFERROR(IF(J56<>"",L56*J56,IF(K56<>"",L56*K56,"")),"")
A57: §2.2.4 | B57: Hämtningsavgift per år för flerbostadshus | C57: Kärl 660 l (förpackningar) | D57: Hämtning var 14:e dag | E57: st/år | H57: =IF($F57<>"",IFERROR(_xlfn.XLOOKUP($F57,Taxa_från_edp!$B:$B,Taxa_från_edp!C:C),""),"") | I57: =IF($F57<>"",IFERROR(_xlfn.XLOOKUP($F57,Taxa_från_edp!$B:$B,Taxa_från_edp!G:G),""),"") | J57: =IF($F57<>"",IFERROR(_xlfn.XLOOKUP($F57,Taxa_från_edp!$B:$B,Taxa_från_edp!K:K),""),"") | M57: =IFERROR(IF(J57<>"",J57*1.25,IF(K57<>"",K57*1.25,"")),"") | N57: =IFERROR(IF(J57<>"",L57*J57,IF(K57<>"",L57*K57,"")),"")
A58: §2.2.4 | B58: Hämtningsavgift per år för flerbostadshus | C58: Kärl 660 l (förpackningar) | D58: Hämtning månadsvis | E58: st/år | H58: =IF($F58<>"",IFERROR(_xlfn.XLOOKUP($F58,Taxa_från_edp!$B:$B,Taxa_från_edp!C:C),""),"") | I58: =IF($F58<>"",IFERROR(_xlfn.XLOOKUP($F58,Taxa_från_edp!$B:$B,Taxa_från_edp!G:G),""),"") | J58: =IF($F58<>"",IFERROR(_xlfn.XLOOKUP($F58,Taxa_från_edp!$B:$B,Taxa_från_edp!K:K),""),"") | M58: =IFERROR(IF(J58<>"",J58*1.25,IF(K58<>"",K58*1.25,"")),"") | N58: =IFERROR(IF(J58<>"",L58*J58,IF(K58<>"",L58*K58,"")),"")
A59: §2.2.4 | B59: Hämtningsavgift per år för flerbostadshus | C59: Kärl 190 l (tidningar och returpapper) | D59: Hämtning varje vecka | E59: st/år | H59: =IF($F59<>"",IFERROR(_xlfn.XLOOKUP($F59,Taxa_från_edp!$B:$B,Taxa_från_edp!C:C),""),"") | I59: =IF($F59<>"",IFERROR(_xlfn.XLOOKUP($F59,Taxa_från_edp!$B:$B,Taxa_från_edp!G:G),""),"") | J59: =IF($F59<>"",IFERROR(_xlfn.XLOOKUP($F59,Taxa_från_edp!$B:$B,Taxa_från_edp!K:K),""),"") | M59: =IFERROR(IF(J59<>"",J59*1.25,IF(K59<>"",K59*1.25,"")),"") | N59: =IFERROR(IF(J59<>"",L59*J59,IF(K59<>"",L59*K59,"")),"")
A60: §2.2.4 | B60: Hämtningsavgift per år för flerbostadshus | C60: Kärl 190 l (tidningar och returpapper) | D60: Hämtning var 14:e dag | E60: st/år | H60: =IF($F60<>"",IFERROR(_xlfn.XLOOKUP($F60,Taxa_från_edp!$B:$B,Taxa_från_edp!C:C),""),"") | I60: =IF($F60<>"",IFERROR(_xlfn.XLOOKUP($F60,Taxa_från_edp!$B:$B,Taxa_från_edp!G:G),""),"") | J60: =IF($F60<>"",IFERROR(_xlfn.XLOOKUP($F60,Taxa_från_edp!$B:$B,Taxa_från_edp!K:K),""),"") | M60: =IFERROR(IF(J60<>"",J60*1.25,IF(K60<>"",K60*1.25,"")),"") | N60: =IFERROR(IF(J60<>"",L60*J60,IF(K60<>"",L60*K60,"")),"")
... A67: §2.2.4 | B67: Hämtningsavgift per år för flerbostadshus | C67: Gemensam uppsamlingsplats för mat-/restavfall, förpackningar | D67: Avgift per lägenhet | E67: lägenhet/år | H67: =IF($F67<>"",IFERROR(_xlfn.XLOOKUP($F67,Taxa_från_edp!$B:$B,Taxa_från_edp!C:C),""),"") | I67: =IF($F67<>"",IFERROR(_xlfn.XLOOKUP($F67,Taxa_från_edp!$B:$B,Taxa_från_edp!G:G),""),"") | J67: =IF($F67<>"",IFERROR(_xlfn.XLOOKUP($F67,Taxa_från_edp!$B:$B,Taxa_från_edp!K:K),""),"") | M67: =IFERROR(IF(J67<>"",J67*1.25,IF(K67<>"",K67*1.25,"")),"") | N67: =IFERROR(IF(J67<>"",L67*J67,IF(K67<>"",L67*K67,"")),"")
A68: §2.2.5 Hämtningsavgift per år för verksamheter inom hämtningsområde X | H68: =IF($F68<>"",IFERROR(_xlfn.XLOOKUP($F68,Taxa_från_edp!$B:$B,Taxa_från_edp!C:C),""),"") | I68: =IF($F68<>"",IFERROR(_xlfn.XLOOKUP($F68,Taxa_från_edp!$B:$B,Taxa_från_edp!G:G),""),"") | J68: =IF($F68<>"",IFERROR(_xlfn.XLOOKUP($F68,Taxa_från_edp!$B:$B,Taxa_från_edp!K:K),""),"") | M68: =IFERROR(IF(J68<>"",J68*1.25,IF(K68<>"",K68*1.25,"")),"") | N68: =IFERROR(IF(J68<>"",L68*J68,IF(K68<>"",L68*K68,"")),"")
A69: §2.2.5 | B69: Hämtningsavgift per år för verksamheter | C69: Kärl 240 l (mat-/restavfall) | D69: Hämtning varje vecka | E69: st/år | H69: =IF($F69<>"",IFERROR(_xlfn.XLOOKUP($F69,Taxa_från_edp!$B:$B,Taxa_från_edp!C:C),""),"") | I69: =IF($F69<>"",IFERROR(_xlfn.XLOOKUP($F69,Taxa_från_edp!$B:$B,Taxa_från_edp!G:G),""),"") | J69: =IF($F69<>"",IFERROR(_xlfn.XLOOKUP($F69,Taxa_från_edp!$B:$B,Taxa_från_edp!K:K),""),"") | M69: =IFERROR(IF(J69<>"",J69*1.25,IF(K69<>"",K69*1.25,"")),"") | N69: =IFERROR(IF(J69<>"",L69*J69,IF(K69<>"",L69*K69,"")),"")
A70: §2.2.5 | B70: Hämtningsavgift per år för verksamheter | C70: Kärl 240 l (mat-/restavfall) | D70: Hämtning var 14:e dag | E70: st/år | F70: KÄ240RM26FV | G70: =IF($F70<>"",$F70,IFERROR(_xlfn.XLOOKUP(ROW(),Taxa_Saknas!$H:$H,Taxa_Saknas!$G:$G),"")) -> KÄ240RM26FV | H70: =IF($F70<>"",IFERROR(_xlfn.XLOOKUP($F70,Taxa_från_edp!$B:$B,Taxa_från_edp!C:C),""),"") -> Tvåfackskärl, rest/mat FLB/VHT | I70: =IF($F70<>"",IFERROR(_xlfn.XLOOKUP($F70,Taxa_från_edp!$B:$B,Taxa_från_edp!G:G),""),"") -> ÅRKV | J70: =IF($F70<>"",IFERROR(_xlfn.XLOOKUP($F70,Taxa_från_edp!$B:$B,Taxa_från_edp!K:K),""),"") -> 640 | M70: =IFERROR(IF(J70<>"",J70*1.25,IF(K70<>"",K70*1.25,"")),"") -> 800 | N70: =IFERROR(IF(J70<>"",L70*J70,IF(K70<>"",L70*K70,"")),"") -> 0
A71: §2.2.5 | B71: Hämtningsavgift per år för verksamheter | C71: Kärl 240 l (mat-/restavfall) | D71: Hämtning månadsvis | E71: st/år | G71: =IF($F71<>"",$F71,IFERROR(_xlfn.XLOOKUP(ROW(),Taxa_Saknas!$H:$H,Taxa_Saknas!$G:$G),"")) | H71: =IF($F71<>"",IFERROR(_xlfn.XLOOKUP($F71,Taxa_från_edp!$B:$B,Taxa_från_edp!C:C),""),"") | I71: =IF($F71<>"",IFERROR(_xlfn.XLOOKUP($F71,Taxa_från_edp!$B:$B,Taxa_från_edp!G:G),""),"") | J71: =IF($F71<>"",IFERROR(_xlfn.XLOOKUP($F71,Taxa_från_edp!$B:$B,Taxa_från_edp!K:K),""),"") | M71: =IFERROR(IF(J71<>"",J71*1.25,IF(K71<>"",K71*1.25,"")),"") | N71: =IFERROR(IF(J71<>"",L71*J71,IF(K71<>"",L71*K71,"")),"")
A72: §2.2.5 | B72: Hämtningsavgift per år för verksamheter | C72: Kärl 370 l (restavfall) | D72: Hämtning varje vecka | E72: st/år | H72: =IF($F72<>"",IFERROR(_xlfn.XLOOKUP($F72,Taxa_från_edp!$B:$B,Taxa_från_edp!C:C),""),"") | I72: =IF($F72<>"",IFERROR(_xlfn.XLOOKUP($F72,Taxa_från_edp!$B:$B,Taxa_från_edp!G:G),""),"") | J72: =IF($F72<>"",IFERROR(_xlfn.XLOOKUP($F72,Taxa_från_edp!$B:$B,Taxa_från_edp!K:K),""),"") | M72: =IFERROR(IF(J72<>"",J72*1.25,IF(K72<>"",K72*1.25,"")),"") | N72: =IFERROR(IF(J72<>"",L72*J72,IF(K72<>"",L72*K72,"")),"")
A73: §2.2.5 | B73: Hämtningsavgift per år för verksamheter | C73: Kärl 370 l (restavfall) | D73: Hämtning var 14:e dag | E73: st/år | F73: KÄ370RE26FV | G73: =IF($F73<>"",$F73,IFERROR(_xlfn.XLOOKUP(ROW(),Taxa_Saknas!$H:$H,Taxa_Saknas!$G:$G),"")) -> KÄ370RE26FV | H73: =IF($F73<>"",IFERROR(_xlfn.XLOOKUP($F73,Taxa_från_edp!$B:$B,Taxa_från_edp!C:C),""),"") -> Kärl 370 L, rest. FLB/VHT | I73: =IF($F73<>"",IFERROR(_xlfn.XLOOKUP($F73,Taxa_från_edp!$B:$B,Taxa_från_edp!G:G),""),"") -> ÅRKV | J73: =IF($F73<>"",IFERROR(_xlfn.XLOOKUP($F73,Taxa_från_edp!$B:$B,Taxa_från_edp!K:K),""),"") -> 800 | M73: =IFERROR(IF(J73<>"",J73*1.25,IF(K73<>"",K73*1.25,"")),"") -> 1000 | N73: =IFERROR(IF(J73<>"",L73*J73,IF(K73<>"",L73*K73,"")),"") -> 0
A74: §2.2.5 | B74: Hämtningsavgift per år för verksamheter | C74: Kärl 370 l (restavfall) | D74: Hämtning månadsvis | E74: st/år | H74: =IF($F74<>"",IFERROR(_xlfn.XLOOKUP($F74,Taxa_från_edp!$B:$B,Taxa_från_edp!C:C),""),"") | I74: =IF($F74<>"",IFERROR(_xlfn.XLOOKUP($F74,Taxa_från_edp!$B:$B,Taxa_från_edp!G:G),""),"") | J74: =IF($F74<>"",IFERROR(_xlfn.XLOOKUP($F74,Taxa_från_edp!$B:$B,Taxa_från_edp!K:K),""),"") | M74: =IFERROR(IF(J74<>"",J74*1.25,IF(K74<>"",K74*1.25,"")),"") | N74: =IFERROR(IF(J74<>"",L74*J74,IF(K74<>"",L74*K74,"")),"")
A75: §2.2.5 | B75: Hämtningsavgift per år för verksamheter | C75: Kärl 660 l (restavfall) | D75: Hämtning varje vecka | E75: st/år | H75: =IF($F75<>"",IFERROR(_xlfn.XLOOKUP($F75,Taxa_från_edp!$B:$B,Taxa_från_edp!C:C),""),"") | I75: =IF($F75<>"",IFERROR(_xlfn.XLOOKUP($F75,Taxa_från_edp!$B:$B,Taxa_från_edp!G:G),""),"") | J75: =IF($F75<>"",IFERROR(_xlfn.XLOOKUP($F75,Taxa_från_edp!$B:$B,Taxa_från_edp!K:K),""),"") | M75: =IFERROR(IF(J75<>"",J75*1.25,IF(K75<>"",K75*1.25,"")),"") | N75: =IFERROR(IF(J75<>"",L75*J75,IF(K75<>"",L75*K75,"")),"")
A76: §2.2.5 | B76: Hämtningsavgift per år för verksamheter | C76: Kärl 660 l (restavfall) | D76: Hämtning var 14:e dag | E76: st/år | F76: KÄ660RE26FV | G76: =IF($F76<>"",$F76,IFERROR(_xlfn.XLOOKUP(ROW(),Taxa_Saknas!$H:$H,Taxa_Saknas!$G:$G),"")) -> KÄ660RE26FV | H76: =IF($F76<>"",IFERROR(_xlfn.XLOOKUP($F76,Taxa_från_edp!$B:$B,Taxa_från_edp!C:C),""),"") -> Kärl 660 L, rest. FLB/VHT | I76: =IF($F76<>"",IFERROR(_xlfn.XLOOKUP($F76,Taxa_från_edp!$B:$B,Taxa_från_edp!G:G),""),"") -> ÅRKV | J76: =IF($F76<>"",IFERROR(_xlfn.XLOOKUP($F76,Taxa_från_edp!$B:$B,Taxa_från_edp!K:K),""),"") -> 1040 | M76: =IFERROR(IF(J76<>"",J76*1.25,IF(K76<>"",K76*1.25,"")),"") -> 1300 | N76: =IFERROR(IF(J76<>"",L76*J76,IF(K76<>"",L76*K76,"")),"") -> 0
A77: §2.2.5 | B77: Hämtningsavgift per år för verksamheter | C77: Kärl 660 l (restavfall) | D77: Hämtning månadsvis | E77: st/år | H77: =IF($F77<>"",IFERROR(_xlfn.XLOOKUP($F77,Taxa_från_edp!$B:$B,Taxa_från_edp!C:C),""),"") | I77: =IF($F77<>"",IFERROR(_xlfn.XLOOKUP($F77,Taxa_från_edp!$B:$B,Taxa_från_edp!G:G),""),"") | J77: =IF($F77<>"",IFERROR(_xlfn.XLOOKUP($F77,Taxa_från_edp!$B:$B,Taxa_från_edp!K:K),""),"") | M77: =IFERROR(IF(J77<>"",J77*1.25,IF(K77<>"",K77*1.25,"")),"") | N77: =IFERROR(IF(J77<>"",L77*J77,IF(K77<>"",L77*K77,"")),"")
A78: §2.2.5 | B78: Hämtningsavgift per år för verksamheter | C78: Kärl 140 l (matavfall) | D78: Hämtning varje vecka | E78: st/år | H78: =IF($F78<>"",IFERROR(_xlfn.XLOOKUP($F78,Taxa_från_edp!$B:$B,Taxa_från_edp!C:C),""),"") | I78: =IF($F78<>"",IFERROR(_xlfn.XLOOKUP($F78,Taxa_från_edp!$B:$B,Taxa_från_edp!G:G),""),"") | J78: =IF($F78<>"",IFERROR(_xlfn.XLOOKUP($F78,Taxa_från_edp!$B:$B,Taxa_från_edp!K:K),""),"") | M78: =IFERROR(IF(J78<>"",J78*1.25,IF(K78<>"",K78*1.25,"")),"") | N78: =IFERROR(IF(J78<>"",L78*J78,IF(K78<>"",L78*K78,"")),"")
A79: §2.2.5 | B79: Hämtningsavgift per år för verksamheter | C79: Kärl 140 l (matavfall) | D79: Hämtning var 14:e dag | E79: st/år | F79: KÄ140MA26FV | G79: =IF($F79<>"",$F79,IFERROR(_xlfn.XLOOKUP(ROW(),Taxa_Saknas!$H:$H,Taxa_Saknas!$G:$G),"")) -> KÄ140MA26FV | H79: =IF($F79<>"",IFERROR(_xlfn.XLOOKUP($F79,Taxa_från_edp!$B:$B,Taxa_från_edp!C:C),""),"") -> Kärl 140 L, matavfall. Var 14:e dag. FLB/VHT | I79: =IF($F79<>"",IFERROR(_xlfn.XLOOKUP($F79,Taxa_från_edp!$B:$B,Taxa_från_edp!G:G),""),"") -> ÅRKV | J79: =IF($F79<>"",IFERROR(_xlfn.XLOOKUP($F79,Taxa_från_edp!$B:$B,Taxa_från_edp!K:K),""),"") -> 500 | M79: =IFERROR(IF(J79<>"",J79*1.25,IF(K79<>"",K79*1.25,"")),"") -> 625 | N79: =IFERROR(IF(J79<>"",L79*J79,IF(K79<>"",L79*K79,"")),"") -> 0
A80: §2.2.5 | B80: Hämtningsavgift per år för verksamheter | C80: Kärl 140 l (matavfall) | D80: Hämtning månadsvis | E80: st/år | H80: =IF($F80<>"",IFERROR(_xlfn.XLOOKUP($F80,Taxa_från_edp!$B:$B,Taxa_från_edp!C:C),""),"") | I80: =IF($F80<>"",IFERROR(_xlfn.XLOOKUP($F80,Taxa_från_edp!$B:$B,Taxa_från_edp!G:G),""),"") | J80: =IF($F80<>"",IFERROR(_xlfn.XLOOKUP($F80,Taxa_från_edp!$B:$B,Taxa_från_edp!K:K),""),"") | M80: =IFERROR(IF(J80<>"",J80*1.25,IF(K80<>"",K80*1.25,"")),"") | N80: =IFERROR(IF(J80<>"",L80*J80,IF(K80<>"",L80*K80,"")),"")
A81: §2.2.5 | B81: Hämtningsavgift per år för verksamheter | C81: Bottentömmande behållare (mat-/restavfall) | D81: Avgift per tömning | E81: st/tömning | H81: =IF($F81<>"",IFERROR(_xlfn.XLOOKUP($F81,Taxa_från_edp!$B:$B,Taxa_från_edp!C:C),""),"") | I81: =IF($F81<>"",IFERROR(_xlfn.XLOOKUP($F81,Taxa_från_edp!$B:$B,Taxa_från_edp!G:G),""),"") | J81: =IF($F81<>"",IFERROR(_xlfn.XLOOKUP($F81,Taxa_från_edp!$B:$B,Taxa_från_edp!K:K),""),"") | M81: =IFERROR(IF(J81<>"",J81*1.25,IF(K81<>"",K81*1.25,"")),"") | N81: =IFERROR(IF(J81<>"",L81*J81,IF(K81<>"",L81*K81,"")),"")
A82: §2.2.5 | B82: Hämtningsavgift per år för verksamheter | C82: Lastväxlarflak (restavfall) | D82: Avgift per tömning | E82: st/tömning | H82: =IF($F82<>"",IFERROR(_xlfn.XLOOKUP($F82,Taxa_från_edp!$B:$B,Taxa_från_edp!C:C),""),"") | I82: =IF($F82<>"",IFERROR(_xlfn.XLOOKUP($F82,Taxa_från_edp!$B:$B,Taxa_från_edp!G:G),""),"") | J82: =IF($F82<>"",IFERROR(_xlfn.XLOOKUP($F82,Taxa_från_edp!$B:$B,Taxa_från_edp!K:K),""),"") | M82: =IFERROR(IF(J82<>"",J82*1.25,IF(K82<>"",K82*1.25,"")),"") | N82: =IFERROR(IF(J82<>"",L82*J82,IF(K82<>"",L82*K82,"")),"")
A83: §2.2.5 | B83: Hämtningsavgift per år för verksamheter | C83: Bottentömmande behållare (mat-/restavfall) | D83: Tillägg för två tömningar per vecka | E83: st/tömning | H83: =IF($F83<>"",IFERROR(_xlfn.XLOOKUP($F83,Taxa_från_edp!$B:$B,Taxa_från_edp!C:C),""),"") | I83: =IF($F83<>"",IFERROR(_xlfn.XLOOKUP($F83,Taxa_från_edp!$B:$B,Taxa_från_edp!G:G),""),"") | J83: =IF($F83<>"",IFERROR(_xlfn.XLOOKUP($F83,Taxa_från_edp!$B:$B,Taxa_från_edp!K:K),""),"") | M83: =IFERROR(IF(J83<>"",J83*1.25,IF(K83<>"",K83*1.25,"")),"") | N83: =IFERROR(IF(J83<>"",L83*J83,IF(K83<>"",L83*K83,"")),"")
A84: §2.2.6 Hämtningsavgift per år för verksamhet inom detaljhandeln med beviljad hantering av kommunalt avfall | G84: =IF($F84<>"",$F84,IFERROR(_xlfn.XLOOKUP(ROW(),Taxa_Saknas!$H:$H,Taxa_Saknas!$G:$G),"")) | H84: =IF($F84<>"",IFERROR(_xlfn.XLOOKUP($F84,Taxa_från_edp!$B:$B,Taxa_från_edp!C:C),""),"") | I84: =IF($F84<>"",IFERROR(_xlfn.XLOOKUP($F84,Taxa_från_edp!$B:$B,Taxa_från_edp!G:G),""),"") | J84: =IF($F84<>"",IFERROR(_xlfn.XLOOKUP($F84,Taxa_från_edp!$B:$B,Taxa_från_edp!K:K),""),"") | M84: =IFERROR(IF(J84<>"",J84*1.25,IF(K84<>"",K84*1.25,"")),"") | N84: =IFERROR(IF(J84<>"",L84*J84,IF(K84<>"",L84*K84,"")),"")
A85: §2.2.6 | B85: Hämtningsavgift per år för verksamhet inom detaljhandeln med beviljad hantering av kommunalt avfall | C85: Kärl 240 l (mat-/restavfall) | D85: Hämtning varje vecka | E85: st/år | H85: =IF($F85<>"",IFERROR(_xlfn.XLOOKUP($F85,Taxa_från_edp!$B:$B,Taxa_från_edp!C:C),""),"") | I85: =IF($F85<>"",IFERROR(_xlfn.XLOOKUP($F85,Taxa_från_edp!$B:$B,Taxa_från_edp!G:G),""),"") | J85: =IF($F85<>"",IFERROR(_xlfn.XLOOKUP($F85,Taxa_från_edp!$B:$B,Taxa_från_edp!K:K),""),"") | M85: =IFERROR(IF(J85<>"",J85*1.25,IF(K85<>"",K85*1.25,"")),"") | N85: =IFERROR(IF(J85<>"",L85*J85,IF(K85<>"",L85*K85,"")),"")
A86: §2.2.6 | B86: Hämtningsavgift per år för verksamhet inom detaljhandeln med beviljad hantering av kommunalt avfall | C86: Kärl 240 l (mat-/restavfall) | D86: Hämtning var 14:e dag | E86: st/år | H86: =IF($F86<>"",IFERROR(_xlfn.XLOOKUP($F86,Taxa_från_edp!$B:$B,Taxa_från_edp!C:C),""),"") | I86: =IF($F86<>"",IFERROR(_xlfn.XLOOKUP($F86,Taxa_från_edp!$B:$B,Taxa_från_edp!G:G),""),"") | J86: =IF($F86<>"",IFERROR(_xlfn.XLOOKUP($F86,Taxa_från_edp!$B:$B,Taxa_från_edp!K:K),""),"") | M86: =IFERROR(IF(J86<>"",J86*1.25,IF(K86<>"",K86*1.25,"")),"") | N86: =IFERROR(IF(J86<>"",L86*J86,IF(K86<>"",L86*K86,"")),"")
A87: §2.2.6 | B87: Hämtningsavgift per år för verksamhet inom detaljhandeln med beviljad hantering av kommunalt avfall | C87: Kärl 240 l (mat-/restavfall) | D87: Hämtning månadsvis | E87: st/år | H87: =IF($F87<>"",IFERROR(_xlfn.XLOOKUP($F87,Taxa_från_edp!$B:$B,Taxa_från_edp!C:C),""),"") | I87: =IF($F87<>"",IFERROR(_xlfn.XLOOKUP($F87,Taxa_från_edp!$B:$B,Taxa_från_edp!G:G),""),"") | J87: =IF($F87<>"",IFERROR(_xlfn.XLOOKUP($F87,Taxa_från_edp!$B:$B,Taxa_från_edp!K:K),""),"") | M87: =IFERROR(IF(J87<>"",J87*1.25,IF(K87<>"",K87*1.25,"")),"") | N87: =IFERROR(IF(J87<>"",L87*J87,IF(K87<>"",L87*K87,"")),"")
A88: §2.2.6 | B88: Hämtningsavgift per år för verksamhet inom detaljhandeln med beviljad hantering av kommunalt avfall | C88: Kärl 370 l (restavfall) | D88: Hämtning varje vecka | E88: st/år | H88: =IF($F88<>"",IFERROR(_xlfn.XLOOKUP($F88,Taxa_från_edp!$B:$B,Taxa_från_edp!C:C),""),"") | I88: =IF($F88<>"",IFERROR(_xlfn.XLOOKUP($F88,Taxa_från_edp!$B:$B,Taxa_från_edp!G:G),""),"") | J88: =IF($F88<>"",IFERROR(_xlfn.XLOOKUP($F88,Taxa_från_edp!$B:$B,Taxa_från_edp!K:K),""),"") | M88: =IFERROR(IF(J88<>"",J88*1.25,IF(K88<>"",K88*1.25,"")),"") | N88: =IFERROR(IF(J88<>"",L88*J88,IF(K88<>"",L88*K88,"")),"")
A89: §2.2.6 | B89: Hämtningsavgift per år för verksamhet inom detaljhandeln med beviljad hantering av kommunalt avfall | C89: Kärl 370 l (restavfall) | D89: Hämtning var 14:e dag | E89: st/år | H89: =IF($F89<>"",IFERROR(_xlfn.XLOOKUP($F89,Taxa_från_edp!$B:$B,Taxa_från_edp!C:C),""),"") | I89: =IF($F89<>"",IFERROR(_xlfn.XLOOKUP($F89,Taxa_från_edp!$B:$B,Taxa_från_edp!G:G),""),"") | J89: =IF($F89<>"",IFERROR(_xlfn.XLOOKUP($F89,Taxa_från_edp!$B:$B,Taxa_från_edp!K:K),""),"") | M89: =IFERROR(IF(J89<>"",J89*1.25,IF(K89<>"",K89*1.25,"")),"") | N89: =IFERROR(IF(J89<>"",L89*J89,IF(K89<>"",L89*K89,"")),"")
A90: §2.2.6 | B90: Hämtningsavgift per år för verksamhet inom detaljhandeln med beviljad hantering av kommunalt avfall | C90: Kärl 370 l (restavfall) | D90: Hämtning månadsvis | E90: st/år | H90: =IF($F90<>"",IFERROR(_xlfn.XLOOKUP($F90,Taxa_från_edp!$B:$B,Taxa_från_edp!C:C),""),"") | I90: =IF($F90<>"",IFERROR(_xlfn.XLOOKUP($F90,Taxa_från_edp!$B:$B,Taxa_från_edp!G:G),""),"") | J90: =IF($F90<>"",IFERROR(_xlfn.XLOOKUP($F90,Taxa_från_edp!$B:$B,Taxa_från_edp!K:K),""),"") | M90: =IFERROR(IF(J90<>"",J90*1.25,IF(K90<>"",K90*1.25,"")),"") | N90: =IFERROR(IF(J90<>"",L90*J90,IF(K90<>"",L90*K90,"")),"")
A91: §2.2.6 | B91: Hämtningsavgift per år för verksamhet inom detaljhandeln med beviljad hantering av kommunalt avfall | C91: Kärl 660 l (restavfall) | D91: Hämtning varje vecka | E91: st/år | H91: =IF($F91<>"",IFERROR(_xlfn.XLOOKUP($F91,Taxa_från_edp!$B:$B,Taxa_från_edp!C:C),""),"") | I91: =IF($F91<>"",IFERROR(_xlfn.XLOOKUP($F91,Taxa_från_edp!$B:$B,Taxa_från_edp!G:G),""),"") | J91: =IF($F91<>"",IFERROR(_xlfn.XLOOKUP($F91,Taxa_från_edp!$B:$B,Taxa_från_edp!K:K),""),"") | M91: =IFERROR(IF(J91<>"",J91*1.25,IF(K91<>"",K91*1.25,"")),"") | N91: =IFERROR(IF(J91<>"",L91*J91,IF(K91<>"",L91*K91,"")),"")
A92: §2.2.6 | B92: Hämtningsavgift per år för verksamhet inom detaljhandeln med beviljad hantering av kommunalt avfall | C92: Kärl 660 l (restavfall) | D92: Hämtning var 14:e dag | E92: st/år | H92: =IF($F92<>"",IFERROR(_xlfn.XLOOKUP($F92,Taxa_från_edp!$B:$B,Taxa_från_edp!C:C),""),"") | I92: =IF($F92<>"",IFERROR(_xlfn.XLOOKUP($F92,Taxa_från_edp!$B:$B,Taxa_från_edp!G:G),""),"") | J92: =IF($F92<>"",IFERROR(_xlfn.XLOOKUP($F92,Taxa_från_edp!$B:$B,Taxa_från_edp!K:K),""),"") | M92: =IFERROR(IF(J92<>"",J92*1.25,IF(K92<>"",K92*1.25,"")),"") | N92: =IFERROR(IF(J92<>"",L92*J92,IF(K92<>"",L92*K92,"")),"")
A93: §2.2.6 | B93: Hämtningsavgift per år för verksamhet inom detaljhandeln med beviljad hantering av kommunalt avfall | C93: Kärl 660 l (restavfall) | D93: Hämtning månadsvis | E93: st/år | H93: =IF($F93<>"",IFERROR(_xlfn.XLOOKUP($F93,Taxa_från_edp!$B:$B,Taxa_från_edp!C:C),""),"") | I93: =IF($F93<>"",IFERROR(_xlfn.XLOOKUP($F93,Taxa_från_edp!$B:$B,Taxa_från_edp!G:G),""),"") | J93: =IF($F93<>"",IFERROR(_xlfn.XLOOKUP($F93,Taxa_från_edp!$B:$B,Taxa_från_edp!K:K),""),"") | M93: =IFERROR(IF(J93<>"",J93*1.25,IF(K93<>"",K93*1.25,"")),"") | N93: =IFERROR(IF(J93<>"",L93*J93,IF(K93<>"",L93*K93,"")),"")
A94: §2.2.6 | B94: Hämtningsavgift per år för verksamhet inom detaljhandeln med beviljad hantering av kommunalt avfall | C94: Kärl 140 l (matavfall) | D94: Hämtning varje vecka | E94: st/år | H94: =IF($F94<>"",IFERROR(_xlfn.XLOOKUP($F94,Taxa_från_edp!$B:$B,Taxa_från_edp!C:C),""),"") | I94: =IF($F94<>"",IFERROR(_xlfn.XLOOKUP($F94,Taxa_från_edp!$B:$B,Taxa_från_edp!G:G),""),"") | J94: =IF($F94<>"",IFERROR(_xlfn.XLOOKUP($F94,Taxa_från_edp!$B:$B,Taxa_från_edp!K:K),""),"") | M94: =IFERROR(IF(J94<>"",J94*1.25,IF(K94<>"",K94*1.25,"")),"") | N94: =IFERROR(IF(J94<>"",L94*J94,IF(K94<>"",L94*K94,"")),"")
A95: §2.2.6 | B95: Hämtningsavgift per år för verksamhet inom detaljhandeln med beviljad hantering av kommunalt avfall | C95: Kärl 140 l (matavfall) | D95: Hämtning var 14:e dag | E95: st/år | H95: =IF($F95<>"",IFERROR(_xlfn.XLOOKUP($F95,Taxa_från_edp!$B:$B,Taxa_från_edp!C:C),""),"") | I95: =IF($F95<>"",IFERROR(_xlfn.XLOOKUP($F95,Taxa_från_edp!$B:$B,Taxa_från_edp!G:G),""),"") | J95: =IF($F95<>"",IFERROR(_xlfn.XLOOKUP($F95,Taxa_från_edp!$B:$B,Taxa_från_edp!K:K),""),"") | M95: =IFERROR(IF(J95<>"",J95*1.25,IF(K95<>"",K95*1.25,"")),"") | N95: =IFERROR(IF(J95<>"",L95*J95,IF(K95<>"",L95*K95,"")),"")
A96: §2.2.6 | B96: Hämtningsavgift per år för verksamhet inom detaljhandeln med beviljad hantering av kommunalt avfall | C96: Kärl 140 l (matavfall) | D96: Hämtning månadsvis | E96: st/år | H96: =IF($F96<>"",IFERROR(_xlfn.XLOOKUP($F96,Taxa_från_edp!$B:$B,Taxa_från_edp!C:C),""),"") | I96: =IF($F96<>"",IFERROR(_xlfn.XLOOKUP($F96,Taxa_från_edp!$B:$B,Taxa_från_edp!G:G),""),"") | J96: =IF($F96<>"",IFERROR(_xlfn.XLOOKUP($F96,Taxa_från_edp!$B:$B,Taxa_från_edp!K:K),""),"") | M96: =IFERROR(IF(J96<>"",J96*1.25,IF(K96<>"",K96*1.25,"")),"") | N96: =IFERROR(IF(J96<>"",L96*J96,IF(K96<>"",L96*K96,"")),"")
... A99: §2.2.6 | B99: Hämtningsavgift per år för verksamhet inom detaljhandeln med beviljad hantering av kommunalt avfall | C99: Bottentömmande behållare (mat-/restavfall) | D99: Tillägg för två tömningar per vecka | E99: st/tömning | H99: =IF($F99<>"",IFERROR(_xlfn.XLOOKUP($F99,Taxa_från_edp!$B:$B,Taxa_från_edp!C:C),""),"") | I99: =IF($F99<>"",IFERROR(_xlfn.XLOOKUP($F99,Taxa_från_edp!$B:$B,Taxa_från_edp!G:G),""),"") | J99: =IF($F99<>"",IFERROR(_xlfn.XLOOKUP($F99,Taxa_från_edp!$B:$B,Taxa_från_edp!K:K),""),"") | M99: =IFERROR(IF(J99<>"",J99*1.25,IF(K99<>"",K99*1.25,"")),"") | N99: =IFERROR(IF(J99<>"",L99*J99,IF(K99<>"",L99*K99,"")),"")
A100: §2.2.7 Verksamheter med beviljad hantering av förbrukat matfett, kontorspapper eller returpapper | H100: =IF($F100<>"",IFERROR(_xlfn.XLOOKUP($F100,Taxa_från_edp!$B:$B,Taxa_från_edp!C:C),""),"") | I100: =IF($F100<>"",IFERROR(_xlfn.XLOOKUP($F100,Taxa_från_edp!$B:$B,Taxa_från_edp!G:G),""),"") | J100: =IF($F100<>"",IFERROR(_xlfn.XLOOKUP($F100,Taxa_från_edp!$B:$B,Taxa_från_edp!K:K),""),"") | M100: =IFERROR(IF(J100<>"",J100*1.25,IF(K100<>"",K100*1.25,"")),"") | N100: =IFERROR(IF(J100<>"",L100*J100,IF(K100<>"",L100*K100,"")),"")
A101: §2.2.7 | B101: Verksamheter med beviljad hantering av förbrukat matfett, kontorspapper eller returpapper | C101: Kärl 140 l (kontors-/returpapper) | D101: Avgift per tömning | E101: st/tömning | H101: =IF($F101<>"",IFERROR(_xlfn.XLOOKUP($F101,Taxa_från_edp!$B:$B,Taxa_från_edp!C:C),""),"") | I101: =IF($F101<>"",IFERROR(_xlfn.XLOOKUP($F101,Taxa_från_edp!$B:$B,Taxa_från_edp!G:G),""),"") | J101: =IF($F101<>"",IFERROR(_xlfn.XLOOKUP($F101,Taxa_från_edp!$B:$B,Taxa_från_edp!K:K),""),"") | M101: =IFERROR(IF(J101<>"",J101*1.25,IF(K101<>"",K101*1.25,"")),"") | N101: =IFERROR(IF(J101<>"",L101*J101,IF(K101<>"",L101*K101,"")),"")
A102: §2.2.7 | B102: Verksamheter med beviljad hantering av förbrukat matfett, kontorspapper eller returpapper | C102: Egen överlämning av förbrukat kontors-/returpapper enligt anvisning | D102: Avgift per tömning | E102: st/tömning | H102: =IF($F102<>"",IFERROR(_xlfn.XLOOKUP($F102,Taxa_från_edp!$B:$B,Taxa_från_edp!C:C),""),"") | I102: =IF($F102<>"",IFERROR(_xlfn.XLOOKUP($F102,Taxa_från_edp!$B:$B,Taxa_från_edp!G:G),""),"") | J102: =IF($F102<>"",IFERROR(_xlfn.XLOOKUP($F102,Taxa_från_edp!$B:$B,Taxa_från_edp!K:K),""),"") | M102: =IFERROR(IF(J102<>"",J102*1.25,IF(K102<>"",K102*1.25,"")),"") | N102: =IFERROR(IF(J102<>"",L102*J102,IF(K102<>"",L102*K102,"")),"")
A103: §2.2.7 | B103: Verksamheter med beviljad hantering av förbrukat matfett, kontorspapper eller returpapper | C103: Egen överlämning av förbrukat matfett enligt anvisning | D103: Avgift per tömning | E103: st/tömning | H103: =IF($F103<>"",IFERROR(_xlfn.XLOOKUP($F103,Taxa_från_edp!$B:$B,Taxa_från_edp!C:C),""),"") | I103: =IF($F103<>"",IFERROR(_xlfn.XLOOKUP($F103,Taxa_från_edp!$B:$B,Taxa_från_edp!G:G),""),"") | J103: =IF($F103<>"",IFERROR(_xlfn.XLOOKUP($F103,Taxa_från_edp!$B:$B,Taxa_från_edp!K:K),""),"") | M103: =IFERROR(IF(J103<>"",J103*1.25,IF(K103<>"",K103*1.25,"")),"") | N103: =IFERROR(IF(J103<>"",L103*J103,IF(K103<>"",L103*K103,"")),"")
A104: §2.3 Rörlig avgift (gäller ej gemensam uppsamlingsplats) | G104: =IF($F104<>"",$F104,IFERROR(_xlfn.XLOOKUP(ROW(),Taxa_Saknas!$H:$H,Taxa_Saknas!$G:$G),"")) | H104: =IF($F104<>"",IFERROR(_xlfn.XLOOKUP($F104,Taxa_från_edp!$B:$B,Taxa_från_edp!C:C),""),"") | I104: =IF($F104<>"",IFERROR(_xlfn.XLOOKUP($F104,Taxa_från_edp!$B:$B,Taxa_från_edp!G:G),""),"") | J104: =IF($F104<>"",IFERROR(_xlfn.XLOOKUP($F104,Taxa_från_edp!$B:$B,Taxa_från_edp!K:K),""),"") | M104: =IFERROR(IF(J104<>"",J104*1.25,IF(K104<>"",K104*1.25,"")),"") | N104: =IFERROR(IF(J104<>"",L104*J104,IF(K104<>"",L104*K104,"")),"")
A105: §2.3.1 Rörlig avgift (gäller ej gemensam uppsamlingsplats) | G105: =IF($F105<>"",$F105,IFERROR(_xlfn.XLOOKUP(ROW(),Taxa_Saknas!$H:$H,Taxa_Saknas!$G:$G),"")) | H105: =IF($F105<>"",IFERROR(_xlfn.XLOOKUP($F105,Taxa_från_edp!$B:$B,Taxa_från_edp!C:C),""),"") | I105: =IF($F105<>"",IFERROR(_xlfn.XLOOKUP($F105,Taxa_från_edp!$B:$B,Taxa_från_edp!G:G),""),"") | J105: =IF($F105<>"",IFERROR(_xlfn.XLOOKUP($F105,Taxa_från_edp!$B:$B,Taxa_från_edp!K:K),""),"") | M105: =IFERROR(IF(J105<>"",J105*1.25,IF(K105<>"",K105*1.25,"")),"") | N105: =IFERROR(IF(J105<>"",L105*J105,IF(K105<>"",L105*K105,"")),"")
A106: §2.3.1 | B106: Rörlig avgift (gäller ej gemensam uppsamlingsplats) | C106: Viktavgift matavfall | E106: kr/kg | F106: VIKTMAT | H106: =IF($F106<>"",IFERROR(_xlfn.XLOOKUP($F106,Taxa_från_edp!$B:$B,Taxa_från_edp!C:C),""),"") -> Tvåfackskärl 240 liter viktavgift | I106: =IF($F106<>"",IFERROR(_xlfn.XLOOKUP($F106,Taxa_från_edp!$B:$B,Taxa_från_edp!G:G),""),"") -> KVAN | J106: =IF($F106<>"",IFERROR(_xlfn.XLOOKUP($F106,Taxa_från_edp!$B:$B,Taxa_från_edp!K:K),""),"") -> 2.24 | M106: =IFERROR(IF(J106<>"",J106*1.25,IF(K106<>"",K106*1.25,"")),"") -> 2.8 | N106: =IFERROR(IF(J106<>"",L106*J106,IF(K106<>"",L106*K106,"")),"") -> 0
A107: §2.3.1 | B107: Rörlig avgift (gäller ej gemensam uppsamlingsplats) | C107: Viktavgift restavfall | E107: kr/kg | F107: VIKTREST | H107: =IF($F107<>"",IFERROR(_xlfn.XLOOKUP($F107,Taxa_från_edp!$B:$B,Taxa_från_edp!C:C),""),"") -> Tvåfackskärl, viktavgift rest | I107: =IF($F107<>"",IFERROR(_xlfn.XLOOKUP($F107,Taxa_från_edp!$B:$B,Taxa_från_edp!G:G),""),"") -> KVAN | J107: =IF($F107<>"",IFERROR(_xlfn.XLOOKUP($F107,Taxa_från_edp!$B:$B,Taxa_från_edp!K:K),""),"") -> 4.4 | M107: =IFERROR(IF(J107<>"",J107*1.25,IF(K107<>"",K107*1.25,"")),"") -> 5.5 | N107: =IFERROR(IF(J107<>"",L107*J107,IF(K107<>"",L107*K107,"")),"") -> 0
A108: §2.3.1 | B108: Rörlig avgift (gäller ej gemensam uppsamlingsplats) | C108: Lyftavgift kärl | E108: st/tömning | H108: =IF($F108<>"",IFERROR(_xlfn.XLOOKUP($F108,Taxa_från_edp!$B:$B,Taxa_från_edp!C:C),""),"") | I108: =IF($F108<>"",IFERROR(_xlfn.XLOOKUP($F108,Taxa_från_edp!$B:$B,Taxa_från_edp!G:G),""),"") | J108: =IF($F108<>"",IFERROR(_xlfn.XLOOKUP($F108,Taxa_från_edp!$B:$B,Taxa_från_edp!K:K),""),"") | M108: =IFERROR(IF(J108<>"",J108*1.25,IF(K108<>"",K108*1.25,"")),"") | N108: =IFERROR(IF(J108<>"",L108*J108,IF(K108<>"",L108*K108,"")),"")
A109: §2.4 Tillägg och avgifter för avfall | G109: =IF($F109<>"",$F109,IFERROR(_xlfn.XLOOKUP(ROW(),Taxa_Saknas!$H:$H,Taxa_Saknas!$G:$G),"")) | H109: =IF($F109<>"",IFERROR(_xlfn.XLOOKUP($F109,Taxa_från_edp!$B:$B,Taxa_från_edp!C:C),""),"") | I109: =IF($F109<>"",IFERROR(_xlfn.XLOOKUP($F109,Taxa_från_edp!$B:$B,Taxa_från_edp!G:G),""),"") | J109: =IF($F109<>"",IFERROR(_xlfn.XLOOKUP($F109,Taxa_från_edp!$B:$B,Taxa_från_edp!K:K),""),"") | M109: =IFERROR(IF(J109<>"",J109*1.25,IF(K109<>"",K109*1.25,"")),"") | N109: =IFERROR(IF(J109<>"",L109*J109,IF(K109<>"",L109*K109,"")),"")
A110: §2.4.1 Fakturaavgift | G110: =IF($F110<>"",$F110,IFERROR(_xlfn.XLOOKUP(ROW(),Taxa_Saknas!$H:$H,Taxa_Saknas!$G:$G),"")) | H110: =IF($F110<>"",IFERROR(_xlfn.XLOOKUP($F110,Taxa_från_edp!$B:$B,Taxa_från_edp!C:C),""),"") | I110: =IF($F110<>"",IFERROR(_xlfn.XLOOKUP($F110,Taxa_från_edp!$B:$B,Taxa_från_edp!G:G),""),"") | J110: =IF($F110<>"",IFERROR(_xlfn.XLOOKUP($F110,Taxa_från_edp!$B:$B,Taxa_från_edp!K:K),""),"") | M110: =IFERROR(IF(J110<>"",J110*1.25,IF(K110<>"",K110*1.25,"")),"") | N110: =IFERROR(IF(J110<>"",L110*J110,IF(K110<>"",L110*K110,"")),"")
...

Sheet Taxepunkter_Rådata
A1: Paragraf | B1: Paragrafnamn | C1: Taxapunkt | D1: Variant | E1: Enhet | F1: Taxakod | G1: Taxabeskrivning | H1: Faktor | I1: Aktuellt pris (exkl m) | J1: Antal | K1: Pris (kr) | L1: Intäkt (kr)
A2: =Taxepunkter!A9 -> §2.1 | B2: =Taxepunkter!B9 -> Grundavgift | C2: =Taxepunkter!C9 -> En- och tvåbostadshus | D2: =Taxepunkter!D9 -> 0 | E2: =Taxepunkter!E9 -> st/år | F2: =Taxepunkter!F9 -> GRUNDPER | G2: =Taxepunkter!G9 -> GRUNDPER | H2: =Taxepunkter!H9 -> Grundavgift permanentboende | ... L2: =Taxepunkter!L9 -> 0
A3: =Taxepunkter!A10 -> §2.1 | B3: =Taxepunkter!B10 -> Grundavgift | C3: =Taxepunkter!C10 -> Fritidshus | D3: =Taxepunkter!D10 -> 0 | E3: =Taxepunkter!E10 -> st/år | F3: =Taxepunkter!F10 -> GRUNDFRI | G3: =Taxepunkter!G10 -> GRUNDFRI | H3: =Taxepunkter!H10 -> Grundavgift fritidshus | ... L3: =Taxepunkter!L10 -> 0
A4: =Taxepunkter!A11 -> §2.1 | B4: =Taxepunkter!B11 -> Grundavgift | C4: =Taxepunkter!C11 -> Verksamhet | D4: =Taxepunkter!D11 -> 0 | E4: =Taxepunkter!E11 -> st/år | F4: =Taxepunkter!F11 -> GRUNDLÄG | G4: =Taxepunkter!G11 -> GRUNDLÄG | H4: =Taxepunkter!H11 -> Grundavgift, tvåbostadshus | ... L4: =Taxepunkter!L11 -> 0
A5: =Taxepunkter!A12 -> §2.1 | B5: =Taxepunkter!B12 -> Grundavgift | C5: =Taxepunkter!C12 -> Lägenhet i flerbostadshus | D5: =Taxepunkter!D12 -> 0 | E5: =Taxepunkter!E12 -> st/år | F5: =Taxepunkter!F12 -> GRUNDFLB | G5: =Taxepunkter!G12 -> GRUNDFLB | H5: =Taxepunkter!H12 -> Grundavgift per lägenhet, flerbostadshus | ... L5: =Taxepunkter!L12 -> 0
A6: =Taxepunkter!A13 -> §2.1 | B6: =Taxepunkter!B13 -> Grundavgift | C6: =Taxepunkter!C13 -> Lägenhet för specialändamål | D6: =Taxepunkter!D13 -> 0 | E6: =Taxepunkter!E13 -> st/år | F6: =Taxepunkter!F13 -> 0 | G6: =Taxepunkter!G13 -> 0 | H6: =Taxepunkter!H13 | ... L6: =Taxepunkter!L13 -> 0
A7: =Taxepunkter!A14 -> §2.1 | B7: =Taxepunkter!B14 -> Grundavgift | C7: =Taxepunkter!C14 -> Anläggning | D7: =Taxepunkter!D14 -> 0 | E7: =Taxepunkter!E14 -> st/år | F7: =Taxepunkter!F14 -> 0 | G7: =Taxepunkter!G14 -> 0 | H7: =Taxepunkter!H14 | ... L7: =Taxepunkter!L14 -> 0
A8: =Taxepunkter!A15 -> §2.1 | B8: =Taxepunkter!B15 -> Grundavgift | C8: =Taxepunkter!C15 -> Säsongsbaserad uppställningsplats | D8: =Taxepunkter!D15 -> 0 | E8: =Taxepunkter!E15 -> st/år | F8: =Taxepunkter!F15 -> 0 | G8: =Taxepunkter!G15 -> 0 | H8: =Taxepunkter!H15 | ... L8: =Taxepunkter!L15 -> 0
A9: =Taxepunkter!A16 -> §2.1 | B9: =Taxepunkter!B16 -> Grundavgift | C9: =Taxepunkter!C16 -> Campingstuga/-lägenhet | D9: =Taxepunkter!D16 -> 0 | E9: =Taxepunkter!E16 -> st/år | F9: =Taxepunkter!F16 -> 0 | G9: =Taxepunkter!G16 -> 0 | H9: =Taxepunkter!H16 | ... L9: =Taxepunkter!L16 -> 0
A10: =Taxepunkter!A17 -> §2.1 | B10: =Taxepunkter!B17 -> Grundavgift | C10: =Taxepunkter!C17 -> Administrativ avgift vid beviljad dispens om uppehåll i hämtning eller eget omhändertagande av avfall under kommunalt ansvar | D10: =Taxepunkter!D17 -> 0 | E10: =Taxepunkter!E17 -> st/år | F10: =Taxepunkter!F17 -> 0 | G10: =Taxepunkter!G17 -> 0 | H10: =Taxepunkter!H17 | ... L10: =Taxepunkter!L17 -> 0
A11: =Taxepunkter!A18 -> §2.2 Årlig hämtningsavgift per abonnemangstyp | B11: =Taxepunkter!B18 -> 0 | C11: =Taxepunkter!C18 -> 0 | D11: =Taxepunkter!D18 -> 0 | E11: =Taxepunkter!E18 -> 0 | F11: =Taxepunkter!F18 -> 0 | G11: =Taxepunkter!G18 | H11: =Taxepunkter!H18 | ... L11: =Taxepunkter!L18 -> 0
A12: =Taxepunkter!A19 -> §2.2.1 Hämtningsavgift per år för en- och tvåbostadshus | B12: =Taxepunkter!B19 -> 0 | C12: =Taxepunkter!C19 -> 0 | D12: =Taxepunkter!D19 -> 0 | E12: =Taxepunkter!E19 -> 0 | F12: =Taxepunkter!F19 -> 0 | G12: =Taxepunkter!G19 | H12: =Taxepunkter!H19 | ... L12: =Taxepunkter!L19 -> 0
A13: =Taxepunkter!A20 -> §2.2.1 | B13: =Taxepunkter!B20 -> Hämtningsavgift per år för en- och tvåbostadshus | C13: =Taxepunkter!C20 -> Kärl 240 l (mat-/restavfall) | D13: =Taxepunkter!D20 -> Hämtning var 14:e dag | E13: =Taxepunkter!E20 -> st/år | F13: =Taxepunkter!F20 -> KÄ240RM26 | G13: =Taxepunkter!G20 -> KÄ240RM26 | H13: =Taxepunkter!H20 -> Tvåfackskärl , rest/matavfall. | ... L13: =Taxepunkter!L20 -> 0
... A361: =Taxepunkter!A368 -> §6.1.6 | B361: =Taxepunkter!B368 -> Tillägg och avgifter | C361: =Taxepunkter!C368 -> ombud för registrering av El-kretsen avlämnarintyg i Hämtplatsportalen | D361: =Taxepunkter!D368 -> 0 | E361: =Taxepunkter!E368 -> st/år | F361: =Taxepunkter!F368 -> 0 | G361: =Taxepunkter!G368 | H361: =Taxepunkter!H368 | ... L361: =Taxepunkter!L368 -> 0

Sheet Taxa_från_edp
A1: intRecnum | B1: strTaxekod | C1: strTaxebenamning | D1: strProdukt | E1: strDelProdukt | F1: bytDelradnr | G1: strFaktor | H1: strTaxedelAvser | I1: strEntreprenorkod | J1: strRenhDistrKod | K1: curNuvarandePris | L1: datNuvarandePrisDatum | M1: bolPrisPerTomning | N1: strAvvikandeFormel | O1: bolPriserInklMoms | P1: bytMomskod | Q1: strFormel
A2: 13 | B2: A | C2: AVLOPP BOSTADSHUS | D2: VA | E2: AVL | F2: 1 | G2: ÅRPR | H2: Avlopp bostadshus | K2: 2762 | L2: 45658 | M2: 0 | O2: - | P2: 1
A3: 14 | B3: AF | C3: AVLOPP FRITIDSHUS | D3: VA | E3: AVL | F3: 1 | G3: ÅRPR | H3: Avlopp fritidshus | K3: 1939 | L3: 45658 | M3: 0 | O3: - | P3: 1
A4: 15 | B4: AFC | C4: AVLOPP FRITIDSHUS CAMPING | D4: VA | E4: AVL | F4: 1 | G4: ÅRKV | H4: Avlopp fritidshus | K4: 1112 | L4: 39814 | M4: 0 | O4: - | P4: 1 | Q4: KETT
A5: 16 | B5: AKUT | C5: EXTRAAVGIFT AKUT SLAMTÖMNING | D5: RENH | E5: SLAM | F5: 1 | G5: KVAN | H5: Extraavg akut slamtömning | K5: 640 | L5: 43922 | M5: 0 | O5: - | P5: 1 | Q5: ANTL
A6: 178 | B6: AKUTSÄCK | C6: Avgift för akutsäck | D6: RENH | E6: HUSH | F6: 1 | G6: KVAN | H6: Avgift för akutsäck | K6: 160 | L6: 45200 | M6: 0 | O6: - | P6: 1 | Q6: ANTL
A7: 2 | B7: AMOAVISER | C7: Amorteringsplanavisering | D7: VA | F7: 1 | G7: KVAN | H7: Amorteringsplanavisering | K7: 20 | L7: 32874 | M7: 0 | O7: - | P7: 0
A8: 12 | B8: AMOPLAN | C8: Amorteringsplan | D8: VA | F8: 1 | G8: KVAN | H8: Amorteringsplan | M8: 0 | O8: - | P8: 0 | Q8: ANTL
A9: 3 | B9: AMORÄNTA | C9: Amorteringsplanränta | D9: VA | F9: 1 | G9: KVAN | H9: Amorteringsplanränta | K9: 0 | L9: 32874 | M9: 0 | O9: - | P9: 0
A10: 1 | B10: AMOUPP | C10: Amorteringsplansuppläggning | D10: VA | F10: 1 | G10: KVAN | H10: Amorteringsplansuppläggning | K10: 150 | L10: 32874 | M10: 0 | O10: - | P10: 0
A11: 127 | B11: ANL03SL | C11: Tömning slamanläggning | D11: RENH | E11: SLAM | F11: 1 | G11: KVAN | H11: Tömning av slamanläggning | K11: 1420 | L11: 45658 | M11: 0 | O11: - | P11: 1 | Q11: ANTL
A12: 128 | B12: ANL36SL | C12: Tömning slamanläggning 3,1-6 m³ | D12: RENH | E12: SLAM | F12: 1 | G12: KVAN | H12: Tömning av slamanlägg. 3,1-6 | K12: 1920 | L12: 45658 | M12: 0 | O12: - | P12: 1 | Q12: ANTL
A13: 294 | B13: ANLSLBASTÖM | C13: Tömning slam från Reningsverksbassäng | D13: RENH | E13: SLAM | F13: 1 | G13: KVAN | H13: Tömning slam från Reningsverksbassäng | K13: 0 | L13: 45658 | M13: 0 | O13: - | P13: 1 | Q13: ANTL
A14: 129 | B14: ANLÖ6SL | C14: Tömning slamanläggning över 6 m³ | D14: RENH | E14: SLAM | F14: 1 | G14: KVAN | H14: Tömning av slamanlägg över 6 m³ | K14: 2448 | L14: 45658 | M14: 0 | O14: - | P14: 1 | Q14: ANTL
A15: 156 | B15: AOBF | C15: A, OBEBYGGD FAST. INOM DETALJPLAN | D15: VA | E15: AVL | F15: 1 | G15: ÅRPR | H15: Avlopp obebygg inom detaljp | K15: 2200 | L15: 45078 | M15: 0 | O15: - | P15: 1
A16: 287 | B16: AVSLUTA_TJÄNST | C16: Dummy för avslut av tjänst via order | D16: RENH | E16: HUSH | F16: 1 | G16: KVAN | H16: Avslut av tjänst | M16: 0 | O16: - | P16: 0 | Q16: 0
A17: 293 | B17: BASSLORDKOM | C17: Reningsverksbassäng, slam. Ord. tur Kommunal | D17: RENH | E17: SLAM | F17: 1 | G17: ÅRKV | H17: Reningsverksbassäng, slam. Ord. tur Kommunal | K17: 0 | L17: 44927 | M17: 0 | O17: - | P17: 1 | Q17: ANTB
A18: 115 | B18: BDT03SLBUD | C18: BDT 0-3 m³, slam. Budning | D18: RENH | E18: SLAM | F18: 1 | G18: ÅRKV | H18: BDT 0-3 m³, slam. Budning | K18: 800 | L18: 45658 | M18: 0 | O18: - | P18: 1 | Q18: ANTB
A19: 142 | B19: BDT03SLORD | C19: BDT 0-3 m³, slam. Ordinarie tur | D19: RENH | E19: SLAM | F19: 1 | G19: ÅRKV | H19: BDT 0-3 m³, slam. Ord. tur | K19: 1420 | L19: 45658 | M19: 0 | O19: - | P19: 1 | Q19: ANTB
A20: 116 | B20: BDT36SLBUD | C20: BDT 3,1-6 m³, slam. Budning | D20: RENH | E20: SLAM | F20: 1 | G20: ÅRKV | H20: BDT 3,1-6 m³, slam. Budning | K20: 0 | L20: 44927 | M20: 0 | O20: - | P20: 1 | Q20: ANTB
A21: 143 | B21: BDT36SLORD | C21: BDT 3,1-6 m³, slam. Ord. tur | D21: RENH | E21: SLAM | F21: 1 | G21: ÅRKV | H21: BDT 3,1-6 m³, slam. Ord. tur | K21: 0 | L21: 44927 | M21: 0 | O21: - | P21: 1 | Q21: ANTB
A22: 117 | B22: BDTÖ6SLBUD | C22: BDT över 6 m³, slam. Budning | D22: RENH | E22: SLAM | F22: 1 | G22: ÅRKV | H22: BDT över 6 m³, slam. Budning | K22: 0 | L22: 44927 | M22: 0 | O22: - | P22: 1 | Q22: ANTB
A23: 144 | B23: BDTÖ6SLORD | C23: BDT över 6 m³, slam. Ord. tur | D23: RENH | E23: SLAM | F23: 1 | G23: ÅRKV | H23: BDT över 6 m³, slam. Ord. tur | K23: 0 | L23: 44927 | M23: 0 | O23: - | P23: 1 | Q23: ANTB
A24: 262 | B24: BEHASKA | C24: Behandlingsavgift Aska | D24: RENH | E24: CONT | F24: 1 | G24: KVAN | H24: Behandlingsavgift Aska | K24: 650 | L24: 45658 | M24: 0 | O24: - | P24: 1 | Q24: KBM
A25: 267 | B25: BEHREST | C25: Behandlingsavgift Restavfall | D25: RENH | E25: CONT | F25: 1 | G25: KVAN | H25: Behandlingsavgift Restavfall | K25: 2500 | L25: 45658 | M25: 0 | O25: - | P25: 1 | Q25: VITO
A26: 289 | B26: BEHSLAM | C26: Behandlingsavgift Slam | D26: RENH | E26: CONT | F26: 1 | G26: KVAN | H26: Behandlingsavgift Slam | K26: 0 | L26: 45658 | M26: 0 | O26: - | P26: 1 | Q26: KBM
A27: 296 | B27: BEHSLAMSTAT | C27: Behandlingsavgift Slam Statistik | D27: RENH | E27: CONT | F27: 1 | G27: KVAN | H27: Behandlingsavgift Slam | K27: 0 | L27: 45658 | M27: 0 | O27: - | P27: 1 | Q27: KBM
A28: 162 | B28: BETALSÄCK | C28: Betalsäck, pris per säck | D28: RENH | E28: HUSH | F28: 1 | G28: KVAN | H28: Betalsäck, pris per säck | K28: 128 | L28: 45200 | M28: 0 | O28: - | P28: 1 | Q28: ANTL
... A42: 18 | B42: DE190 | C42: 190 L KÄRL DELAT | D42: RENH | E42: HUSH | F42: 1 | G42: ÅRKV | H42: Sophämtning delat 190 l kärl | K42: 706 | L42: 40179 | M42: 0 | O42: - | P42: 1 | Q42: ANTB
A43: 7 | B43: DRÖJRÄNTA | C43: Dröjsmålsränta | D43: VA | F43: 1 | G43: KVAN | H43: Dröjsmålsränta | K43: 0 | L43: 32874 | M43: 0 | O43: - | P43: 0
A44: 184 | B44: EVEKÄ140MA | C44: Evenemangskärl 140 L, matavfall | D44: RENH | E44: HUSH | F44: 1 | G44: KVAN | H44: Evenemangskärl 140 L, matavfall | K44: 1000 | L44: 45200 | M44: 0 | O44: - | P44: 1 | Q44: ANTL
A45: 185 | B45: EVEKÄ190RE | C45: Evenemangskärl 190 L, restavfall | D45: RENH | E45: HUSH | F45: 1 | G45: KVAN | H45: Evenemangskärl 190 L, restavfall | K45: 1200 | L45: 45200 | M45: 0 | O45: - | P45: 1 | Q45: ANTL
A46: 186 | B46: EVEKÄ660RE | C46: Evenemangskärl 660 L, restavfall | D46: RENH | E46: HUSH | F46: 1 | G46: KVAN | H46: Evenemangskärl 660 L, restavfall | K46: 2000 | L46: 45200 | M46: 0 | O46: - | P46: 1 | Q46: ANTL
A47: 187 | B47: EVENEMANG | C47: Tjänsttaxa för tillfälliga evenemangskärl | D47: RENH | E47: HUSH | F47: 1 | G47: ÅRKV | H47: Tjänsttaxa för evenemangskärl | K47: 0 | L47: 45200 | M47: 0 | O47: - | P47: 1 | Q47: 0
A48: 19 | B48: EXTRA | C48: Efteranmälan slamtömning | D48: RENH | E48: SLAM | F48: 1 | G48: KVAN | H48: Förseningsavgift efteranmälan | K48: 640 | L48: 43922 | M48: 0 | O48: - | P48: 1 | Q48: ANTL
A49: 166 | B49: FARLIGTBUD | C49: Budning av farligt avfall, pris per tillfälle | D49: RENH | E49: HUSH | F49: 1 | G49: KVAN | H49: Budning av farligt avfall, pris per tillfälle | K49: 1600 | L49: 45200 | M49: 0 | O49: - | P49: 1 | Q49: ANTL
A50: 163 | B50: FELSORT | C50: Felsorteringsavgift, pris per tillfälle och kärl | D50: RENH | E50: HUSH | F50: 1 | G50: KVAN | H50: Felsorteringsavgift, pris per tillfälle och kärl | K50: 400 | L50: 45200 | M50: 0 | O50: - | P50: 1 | Q50: ANTL
A51: 207 | B51: FILMBESIKT | C51: Filmning/besiktning | D51: RENH | E51: EXT | F51: 1 | G51: KVAN | H51: Filmning/besiktning | K51: 113.6 | L51: 44927 | M51: 0 | O51: - | P51: 1 | Q51: TIMT
A52: 20 | B52: FJ | C52: FJÄRRVÄRME | D52: VA | E52: FJ | F52: 1 | G52: FÖRB | H52: Fjärrvärme | K52: 424 | L52: 37987 | M52: 0 | O52: - | P52: 1
A53: 94 | B53: FRAMKAVG | C53: Framkörningsavgift | D53: RENH | E53: SLAM | F53: 1 | G53: KVAN | H53: Framkörningsavgift | K53: 652 | L53: 45658 | M53: 0 | O53: - | P53: 1 | Q53: ANTL
A54: 11 | B54: FRIFAKTURA | C54: Fri faktura, standard | D54: VA | F54: 1 | G54: KVAN | H54: Fri faktura, standard | K54: 0 | L54: 32874 | M54: 0 | O54: - | P54: 1
A55: 22 | B55: FRIKV | C55: FRI KVANTITET | D55: AD | F55: 1 | G55: KVAN | K55: 0 | L55: 34700 | M55: 0 | O55: - | P55: 1 | Q55: ANTB
A56: 23 | B56: FRIUT | C56: FRITT UTFÖRANDE | D56: AD | F56: 1 | G56: KVAN | K56: 123 | L56: 35431 | M56: 0 | O56: - | P56: 1 | Q56: ANTL
A57: 24 | B57: FRUSEN | C57: BYTE AV FRUSEN MÄTARE | D57: VA | E57: VA | F57: 1 | G57: KVAN | H57: Byte av frusen mätare | K57: 720 | L57: 35431 | M57: 0 | O57: - | P57: 1 | Q57: ANTL
A58: 192 | B58: GEMKÄFRI | C58: Gemensam uppsamlingsplats med eget kärl, fritidshus | D58: RENH | E58: HUSH | F58: 1 | G58: ÅRKV | H58: Hämtningavgift gemensam uppsamlingsplats, eget kärl | K58: 280 | L58: 45200 | M58: 0 | O58: - | P58: 1 | Q58: ANTB
A59: 193 | B59: GEMKÄFRI | C59: Gemensam uppsamlingsplats med eget kärl, fritidshus | D59: RENH | E59: HUSH | F59: 2 | G59: ÅRKV | H59: Viktavgift rest- matavfall kr/kg | K59: 4 | L59: 45200 | M59: 0 | O59: - | P59: 1 | Q59: VIKG
A60: 195 | B60: GEMLIPFRI | C60: Gemensam uppsamlingsplats (LIP), fritidshus | D60: RENH | E60: HUSH | F60: 1 | G60: ÅRKV | H60: LIP, mat- och restavfall | K60: 640 | L60: 45200 | M60: 0 | O60: - | P60: 1 | Q60: FAST
A61: 244 | B61: GEMNYCKEL3 | C61: Telefonnyckel nr 3 Gemlipfri | D61: RENH | E61: HUSH | F61: 1 | G61: ÅRPR | H61: Telefonnyckel nr 3 Gemlipfri | K61: 80 | L61: 45362 | M61: 0 | O61: - | P61: 1
A62: 245 | B62: GEMNYCKEL4 | C62: Telefonnyckel nr 4 Gemlipfri | D62: RENH | E62: HUSH | F62: 1 | G62: ÅRPR | H62: Telefonnyckel nr 4 Gemlipfri | K62: 80 | L62: 45362 | M62: 0 | O62: - | P62: 1
A63: 246 | B63: GEMNYCKELTAGG | C63: Tagg Gemlipfri | D63: RENH | E63: HUSH | F63: 1 | G63: ÅRPR | H63: Tagg Gemlipfri | K63: 80 | L63: 45362 | M63: 0 | O63: - | P63: 1
A64: 27 | B64: GM | C64: GRUND OCH MÄTARAVGIFT | D64: VA | E64: VA | F64: 1 | G64: ÅRPR | H64: Grund och mätaravgift | K64: 2884 | L64: 44378 | M64: 0 | O64: - | P64: 1
A65: 171 | B65: GROVAVFALL | C65: Grovavfall/organiskt avfall, storkompost (verksamhet) | D65: RENH | E65: BYGG | F65: 1 | G65: KVAN | H65: Grovavfall/organiskt avfall, storkompost | K65: 260 | L65: 45200 | M65: 0 | O65: - | P65: 1 | Q65: VITO
A66: 164 | B66: GROVBUD | C66: Budning av grovavfall, pris per tillfälle | D66: RENH | E66: HUSH | F66: 1 | G66: KVAN | H66: Budning av grovavfall, pris per tillfälle | K66: 1600 | L66: 45200 | M66: 0 | O66: - | P66: 1 | Q66: ANTL
A67: 160 | B67: GRUNDFLB | C67: Grundavgift per lägenhet, flerbostadshus | D67: RENH | E67: HUSH | F67: 1 | G67: ÅRKV | H67: Grundavgift per lägenhet | K67: 562.5 | L67: 45200 | M67: 0 | O67: - | P67: 1 | Q67: LÄGH
A68: 110 | B68: GRUNDFRI | C68: Grundavgift fritidshus | D68: RENH | E68: HUSH | F68: 1 | G68: ÅRPR | H68: Grundavg. renhåll. fritid | K68: 1040 | L68: 45658 | M68: 0 | O68: - | P68: 1
A69: 113 | B69: GRUNDFÖR1 | C69: Grundavgift nivå 1, små/medel | D69: RENH | E69: HUSH | F69: 1 | G69: ÅRPR | H69: Grundavgift nivå 1 | K69: 4500 | L69: 45658 | M69: 0 | O69: - | P69: 1
A70: 114 | B70: GRUNDFÖR2 | C70: Grundavgift nivå 2, större företag | D70: RENH | E70: HUSH | F70: 1 | G70: ÅRPR | H70: Grundavgift nivå 2 | K70: 6000 | L70: 45658 | M70: 0 | O70: - | P70: 1
A71: 161 | B71: GRUNDLOK | C71: Grundavgift lokaler, föreningar etc. | D71: RENH | E71: HUSH | F71: 1 | G71: ÅRPR | H71: Grundavgift | K71: 960 | L71: 45658 | M71: 0 | O71: - | P71: 1
A72: 112 | B72: GRUNDLÄG | C72: Grundavgift, tvåbostadshus | D72: RENH | E72: HUSH | F72: 1 | G72: ÅRKV | H72: Grundavgift per lägenhet | K72: 680 | L72: 45658 | M72: 0 | O72: - | P72: 1 | Q72: LÄGH
A73: 111 | B73: GRUNDPER | C73: Grundavgift permanentboende | D73: RENH | E73: HUSH | F73: 1 | G73: ÅRPR | H73: Grundavgift renhållning perm. | K73: 1280 | L73: 45658 | M73: 0 | O73: - | P73: 1
A74: 153 | B74: GRUNDPERM | C74: Grundavgift permanentboende *ska upphöra* | D74: RENH | E74: HUSH | F74: 1 | G74: ÅRPR | H74: Grundavgift permanentboende | K74: 936 | L74: 44378 | M74: 0 | O74: - | P74: 1
A75: 31 | B75: H120 | C75: 120 L KÄRL 14-DAG. HÄMTN. | D75: RENH | E75: HUSH | F75: 1 | G75: ÅRKV | H75: 14-dagars hämtning 120 l kärl | K75: 1340 | L75: 44378 | M75: 0 | O75: - | P75: 1 | Q75: ANTB
A76: 32 | B76: H120 | C76: 120 L KÄRL 14-DAG. HÄMTN. | D76: RENH | E76: HUSH | F76: 2 | G76: ÅRPR | H76: Grundavgift | K76: 936 | L76: 44378 | M76: 0 | O76: - | P76: 1
A77: 33 | B77: H190 | C77: 190 L KÄRL 14-DAG. HÄMTN. | D77: RENH | E77: HUSH | F77: 1 | G77: ÅRKV | H77: 14-dagars hämtning 190 l kärl | K77: 2336 | L77: 44378 | M77: 0 | O77: - | P77: 1 | Q77: ANTB
A78: 34 | B78: H190 | C78: 190 L KÄRL 14-DAG. HÄMTN. | D78: RENH | E78: HUSH | F78: 2 | G78: ÅRPR | H78: Grundavgift | K78: 936 | L78: 44378 | M78: 0 | O78: - | P78: 1
A79: 35 | B79: H190TT | C79: 190 L KÄRL tillf tjänst | D79: RENH | E79: HUSH | F79: 1 | G79: KVAN | H79: 190 L KÄRL tillf tjänst | K79: 396.15 | L79: 41275 | M79: 0 | O79: - | P79: 1 | Q79: ANTL
A80: 36 | B80: H370 | C80: 370 L KÄRL 14-DAG. HÄMTN. | D80: RENH | E80: HUSH | F80: 1 | G80: ÅRKV | H80: 14-dagars hämtning 370 l kärl | K80: 3632 | L80: 44378 | M80: 0 | O80: - | P80: 1 | Q80: ANTB
A81: 37 | B81: H370 | C81: 370 L KÄRL 14-DAG. HÄMTN. | D81: RENH | E81: HUSH | F81: 2 | G81: ÅRPR | H81: Grundavgift | K81: 936 | L81: 44378 | M81: 0 | O81: - | P81: 1
A82: 38 | B82: H660 | C82: 660 L KÄRL 14-DAG. HÄMTN. | D82: RENH | E82: HUSH | F82: 1 | G82: ÅRKV | H82: 14-dagars hämtning 660 l kärl | K82: 6240 | L82: 44378 | M82: 0 | O82: - | P82: 1 | Q82: ANTB
A83: 180 | B83: HCO03 | C83: Hyra container 3 m³ | D83: RENH | E83: BYGG | F83: 1 | G83: ÅRKV | H83: Hyra container 3 m³ | K83: 21900 | L83: 45200 | M83: 0 | O83: - | P83: 1 | Q83: ANTB
A84: 181 | B84: HCO05 | C84: Hyra container 5 m³ | D84: RENH | E84: BYGG | F84: 1 | G84: ÅRKV | H84: Hyra container 5 m³ | K84: 29200 | L84: 45200 | M84: 0 | O84: - | P84: 1 | Q84: ANTB
A85: 182 | B85: HCO08 | C85: Hyra container 8 m³ | D85: RENH | E85: BYGG | F85: 1 | G85: ÅRKV | H85: Hyra container 8 m³ | K85: 36500 | L85: 45200 | M85: 0 | O85: - | P85: 1 | Q85: ANTB
A86: 39 | B86: HF120 | C86: 120 L KÄRL FRITIDSHUS | D86: RENH | E86: HUSH | F86: 1 | G86: ÅRKV | H86: 14-dagars hämtning 120 l kärl | K86: 832 | L86: 44378 | M86: 0 | O86: - | P86: 1 | Q86: ANTB
A87: 40 | B87: HF120 | C87: 120 L KÄRL FRITIDSHUS | D87: RENH | E87: HUSH | F87: 2 | G87: ÅRPR | H87: Grundavgift | K87: 580 | L87: 44378 | M87: 0 | O87: - | P87: 1
A88: 41 | B88: HF190 | C88: 190 L KÄRL FRITIDSHUS | D88: RENH | E88: HUSH | F88: 1 | G88: ÅRKV | H88: 14-dagars hämtning 190 l kärl | K88: 1216 | L88: 44378 | M88: 0 | O88: - | P88: 1 | Q88: ANTB
A89: 42 | B89: HF190 | C89: 190 L KÄRL FRITIDSHUS | D89: RENH | E89: HUSH | F89: 2 | G89: ÅRPR | H89: Grundavgift | K89: 580 | L89: 44378 | M89: 0 | O89: - | P89: 1
A90: 43 | B90: HF190T | C90: 190 L KÄRL tillf tjänst | D90: RENH | E90: HUSH | F90: 1 | G90: KVAN | H90: 190 L KÄRL tillf tjänst | K90: 207.13 | L90: 41275 | M90: 0 | O90: - | P90: 1 | Q90: ANTL
A91: 44 | B91: HF370 | C91: 370 L KÄRL FRITIDSHUS | D91: RENH | E91: HUSH | F91: 1 | G91: ÅRKV | H91: 14-dagars hämtning 370 l kärl | K91: 1784 | L91: 44378 | M91: 0 | O91: - | P91: 1 | Q91: ANTB
A92: 45 | B92: HF370 | C92: 370 L KÄRL FRITIDSHUS | D92: RENH | E92: HUSH | F92: 2 | G92: ÅRPR | H92: Grundavgift | K92: 580 | L92: 44378 | M92: 0 | O92: - | P92: 1
A93: 46 | B93: HU120 | C93: 120 L KÄRL UTAN GRUNDAVGIFT | D93: RENH | E93: HUSH | F93: 1 | G93: ÅRKV | H93: Sophämtning 120 l kärl | K93: 1340 | L93: 44378 | M93: 0 | O93: - | P93: 1 | Q93: ANTB
A94: 47 | B94: HU190 | C94: 190 L KÄRL UTAN GRUNDAVGIFT | D94: RENH | E94: HUSH | F94: 1 | G94: ÅRKV | H94: Sophämtning 190 l kärl | K94: 2336 | L94: 44378 | M94: 0 | O94: - | P94: 1 | Q94: ANTB
A95: 48 | B95: HU370 | C95: 370 L KÄRL UTAN GRUNDAVGIFT | D95: RENH | E95: HUSH | F95: 1 | G95: ÅRKV | H95: Sophämtning 370 l kärl | K95: 3632 | L95: 44378 | M95: 0 | O95: - | P95: 1 | Q95: ANTB
A96: 49 | B96: HU660 | C96: 660 L KÄRL UTAN GRUNDAVGIFT | D96: RENH | E96: HUSH | F96: 1 | G96: ÅRKV | H96: Sophämtning 660 l kärl | K96: 6240 | L96: 44378 | M96: 0 | O96: - | P96: 1 | Q96: ANTB
A97: 50 | B97: HUF120 | C97: 120 L KÄRL FRITIDSHUS UTAN GRUNDAVG. | D97: RENH | E97: HUSH | F97: 1 | G97: ÅRKV | H97: Sophämtning 120 lit kärl | K97: 832 | L97: 44378 | M97: 0 | O97: - | P97: 1 | Q97: ANTB
A98: 51 | B98: HUF370 | C98: 370 L KÄRL FRITIDSHUS UTAN GRUNDAVG. | D98: RENH | E98: HUSH | F98: 1 | G98: ÅRKV | H98: Sophämtning 370 l kärl | K98: 1784 | L98: 44378 | M98: 0 | O98: - | P98: 1 | Q98: ANTB
A99: 174 | B99: HÄMTFARLIGT | C99: Hämtning av farligt avfall hos hushåll (max 25 kg) | D99: RENH | E99: HUSH | F99: 1 | G99: KVAN | H99: Hämtning av farligt avfall, pris per tillfälle | K99: 2000 | L99: 45200 | M99: 0 | O99: - | P99: 1 | Q99: ANTL
A100: 170 | B100: INERTAVFALL | C100: Inert avfall. Tex klinker, porslin, toalettstolar | D100: RENH | E100: BYGG | F100: 1 | G100: KVAN | H100: Inert avfall. Tex klinker, porslin, toalettstolar | K100: 1800 | L100: 45200 | M100: 0 | O100: - | P100: 1 | Q100: VITO
A101: 5 | B101: INKASSO | C101: Inkassoavgift | D101: VA | F101: 1 | G101: KVAN | H101: Inkassoavgift | K101: 160 | L101: 32874 | M101: 0 | O101: - | P101: 0
A102: 152 | B102: KREDGRUNDPER | C102: Kreditering av grundavgifter april/maj 2023 | D102: RENH | F102: 1 | G102: KVAN | H102: Kreditering av grundavgifter april/maj 2023 | K102: 0 | L102: 32874 | M102: 0 | O102: - | P102: 1 | Q102: ANTL
A103: 199 | B103: KÄ140MA26FV | C103: Kärl 140 L, matavfall. Var 14:e dag. FLB/VHT | D103: RENH | E103: HUSH | F103: 1 | G103: ÅRKV | H103: Kärl 140 L matavfall FLB/VHT | K103: 500 | L103: 45658 | M103: 0 | O103: - | P103: 1 | Q103: ANTB
A104: 200 | B104: KÄ140MA26FV | C104: Kärl 140 L, matavfall. Var 14:e dag. FLB/VHT | D104: RENH | E104: HUSH | F104: 3 | G104: KVAN | H104: Viktavgift matavfall kr/kg | K104: 2.24 | L104: 45658 | M104: 0 | O104: - | P104: 1 | Q104: VIKG,MAX60
A105: 217 | B105: KÄ140MA26FV | C105: Kärl 140 L, matavfall. Var 14:e dag. FLB/VHT | D105: RENH | E105: HUSH | F105: 4 | G105: KVAN | H105: Vikt över 60 kg, matavfall | K105: 4 | L105: 45658 | M105: 0 | O105: - | P105: 1 | Q105: VIKG-60,MIN0
A106: 196 | B106: KÄ140MA26FV_old | C106: Kärl 140 L, matavfall. Var 14:e dag. FLB/VHT | D106: RENH | E106: HUSH | F106: 1 | G106: ÅRKV | H106: Kärlavgift 140 L kärl, matavfall. Var 14:e dag | K106: 0 | L106: 44927 | M106: 0 | O106: - | P106: 1 | Q106: ANTB
A107: 197 | B107: KÄ140MA26FV_old | C107: Kärl 140 L, matavfall. Var 14:e dag. FLB/VHT | D107: RENH | E107: HUSH | F107: 2 | G107: KVAN | H107: Viktavgift restavfall kr/kg | K107: 0 | L107: 44927 | M107: 0 | O107: - | P107: 1 | Q107: 0
A108: 198 | B108: KÄ140MA26FV_old | C108: Kärl 140 L, matavfall. Var 14:e dag. FLB/VHT | D108: RENH | E108: HUSH | F108: 3 | G108: KVAN | H108: Viktavgift matavfall kr/kg | K108: 0 | L108: 44927 | M108: 0 | O108: - | P108: 1 | Q108: VIKG
A109: 148 | B109: KÄ140MAEXTRA | C109: Kärlavgift för extra kärl 140 L, matavfall. Var 14:e dag | D109: RENH | E109: HUSH | F109: 1 | G109: ÅRKV | H109: Extra kärl 140 L, matavfall | K109: 240 | L109: 45658 | M109: 0 | O109: - | P109: 1 | Q109: ANTB
A110: 149 | B110: KÄ140MAEXTRA | C110: Kärlavgift för extra kärl 140 L, matavfall. Var 14:e dag | D110: RENH | E110: HUSH | F110: 2 | G110: KVAN | H110: Viktavgift matavfall kr/kg | K110: 2.24 | L110: 45658 | M110: 0 | O110: - | P110: 1 | Q110: VIKG,MAX60
A111: 218 | B111: KÄ140MAEXTRA | C111: Kärlavgift för extra kärl 140 L, matavfall. Var 14:e dag | D111: RENH | E111: HUSH | F111: 3 | G111: KVAN | H111: Vikt över 60 kg, matavfall | K111: 4 | L111: 45658 | M111: 0 | O111: - | P111: 1 | Q111: VIKG-60,MIN0
A112: 150 | B112: KÄ140REEXTRA | C112: Kärlavgift för extra kärl 140 L, restavfall. Var 14:e dag | D112: RENH | E112: HUSH | F112: 1 | G112: ÅRKV | H112: Extra kärl 140 L, restavfall | K112: 240 | L112: 45658 | M112: 0 | O112: - | P112: 1 | Q112: ANTB
A113: 151 | B113: KÄ140REEXTRA | C113: Kärlavgift för extra kärl 140 L, restavfall. Var 14:e dag | D113: RENH | E113: HUSH | F113: 2 | G113: KVAN | H113: Viktavgift restavfall kr/kg | K113: 4.4 | L113: 45658 | M113: 0 | O113: - | P113: 1 | Q113: VIKG,MAX60
...

Sheet Taxa_till_edp
A1: intRecnum | B1: strTaxekod | C1: strTaxebenamning | D1: strProdukt | E1: strDelProdukt | F1: bytDelradnr | G1: strFaktor | H1: strTaxedelAvser | I1: strEntreprenorkod | J1: strRenhDistrKod | K1: curNuvarandePris | L1: datNuvarandePrisDatum | M1: bolPrisPerTomning | N1: strAvvikandeFormel | O1: bolPriserInklMoms | P1: bytMomskod | Q1: strFormel

Sheet QA Word-Excel struktur
A1: Kontroll | B1: Status
A2: Källfil Word | B2: Förslag till taxestruktur mall ASN 2026-03-13 v2(2).docx
A3: Källfil Excel | B3: Avfallstaxa_redigerbar_korrigerad_tom_2_2_6(1).xlsx
A4: Åtgärd | B4: Taxepunkter har byggts om så att varje prisfält i Word motsvarar en egen rad i Excel.
A5: Antal rader i Taxepunkter efter korrigering | B5: 367
A7: Tillagda/korrigerade huvudområden | B7: Kommentar
A8: §2.2.6 | B8: Saknad paragraf byggd med samtliga 15 prispunkter.
A9: §2.2.7 | B9: Saknad paragraf byggd med 3 prispunkter.
A10: §2.2.1–§2.2.2 | B10: Rader delade upp per hämtningsintervall enligt Word.
A11: §2.4.1–§2.4.11 | B11: Tidigare §2.6.* och separata 2.4/2.5 har byggts om enligt Word-numrering.
A12: §2.5.1 | B12: Budning för fastighetsnära hämtning flyttad från tidigare §2.7.4 till Word-strukturen.
A13: §3–§5 | B13: Saknade rader för tillägg per m3, extra tank/brunn, latrin, fosforfilter och fettavskiljare har lagts till enligt Word.
A14: §6.1.1–§6.1.4 | B14: ÅVC-struktur byggd enligt Word-numrering; befintliga §6- och tidigare §2.7-rader har bevarats under §6.
A16: Obs | B16: Taxakod/pris har bara bevarats där befintlig rad kunde matchas. Nya rader saknar taxakod/pris tills ni fyller i dessa.

Sheet Taxa_Saknas
A1: Källparagraf | B1: Källpunkt | C1: Rad i Taxepunkter | D1: Wordtext | E1: Status | F1: Matchmetod | G1: FöreslagenTaxekod | H1: intRecnum | I1: Taxepunkt | J1: strTaxekod | K1: strTaxebenamning | L1: strProdukt | M1: strDelProdukt | N1: bytDelradnr | O1: strFaktor | P1: strTaxedelAvser | Q1: strEntreprenorkod | R1: strRenhDistrKod | S1: curNuvarandePris | T1: datNuvarandePrisDatum | U1: bolPrisPerTomning | V1: strAvvikandeFormel | W1: bolPriserInklMoms | X1: bytMomskod | Y1: strFormel
A194: =IF($C194="","",INDEX(Taxepunkter!$A:$A,$C194)) | D194: =IF($C194="","",_xludf.TEXTJOIN(" ",TRUE,INDEX(Taxepunkter!$C:$C,$C194),INDEX(Taxepunkter!$D:$D,$C194))) | E194: =IF($C194="","","Saknas i EDP – föreslagen ny taxa") | F194: =IF($C194="","","Automatiserad mall: fyll Rad i Taxepunkter och FöreslagenTaxekod") | H194: =IF($C194="","",$C194) | I194: =IF($C194="","",INDEX(Taxepunkter!$B:$B,$C194)&" / "&INDEX(Taxepunkter!$C:$C,$C194)) | J194: =IF($G194="","",$G194) | K194: =IF($C194="","",INDEX(Taxepunkter!$C:$C,$C194)&IF(INDEX(Taxepunkter!$D:$D,$C194)="","",". "&INDEX(Taxepunkter!$D:$D,$C194))) | L194: =IF($C194="","","RENH") | M194: =IF($C194="","","HUSH") | N194: =IF($C194="","",1) | O194: =IF($C194="","","ÅRKV") | P194: =IF($C194="","",_xludf.TEXTJOIN(" ",TRUE,INDEX(Taxepunkter!$C:$C,$C194),INDEX(Taxepunkter!$D:$D,$C194))) | U194: =IF($C194="","",0) | W194: =IF($C194="","","-") | X194: =IF($C194="","",1) | Y194: =IF($C194="","","ANTB")
A195: =IF($C195="","",INDEX(Taxepunkter!$A:$A,$C195)) | D195: =IF($C195="","",_xludf.TEXTJOIN(" ",TRUE,INDEX(Taxepunkter!$C:$C,$C195),INDEX(Taxepunkter!$D:$D,$C195))) | E195: =IF($C195="","","Saknas i EDP – föreslagen ny taxa") | F195: =IF($C195="","","Automatiserad mall: fyll Rad i Taxepunkter och FöreslagenTaxekod") | H195: =IF($C195="","",$C195) | I195: =IF($C195="","",INDEX(Taxepunkter!$B:$B,$C195)&" / "&INDEX(Taxepunkter!$C:$C,$C195)) | J195: =IF($G195="","",$G195) | K195: =IF($C195="","",INDEX(Taxepunkter!$C:$C,$C195)&IF(INDEX(Taxepunkter!$D:$D,$C195)="","",". "&INDEX(Taxepunkter!$D:$D,$C195))) | L195: =IF($C195="","","RENH") | M195: =IF($C195="","","HUSH") | N195: =IF($C195="","",1) | O195: =IF($C195="","","ÅRKV") | P195: =IF($C195="","",_xludf.TEXTJOIN(" ",TRUE,INDEX(Taxepunkter!$C:$C,$C195),INDEX(Taxepunkter!$D:$D,$C195))) | U195: =IF($C195="","",0) | W195: =IF($C195="","","-") | X195: =IF($C195="","",1) | Y195: =IF($C195="","","ANTB")
A196: =IF($C196="","",INDEX(Taxepunkter!$A:$A,$C196)) | D196: =IF($C196="","",_xludf.TEXTJOIN(" ",TRUE,INDEX(Taxepunkter!$C:$C,$C196),INDEX(Taxepunkter!$D:$D,$C196))) | E196: =IF($C196="","","Saknas i EDP – föreslagen ny taxa") | F196: =IF($C196="","","Automatiserad mall: fyll Rad i Taxepunkter och FöreslagenTaxekod") | H196: =IF($C196="","",$C196) | I196: =IF($C196="","",INDEX(Taxepunkter!$B:$B,$C196)&" / "&INDEX(Taxepunkter!$C:$C,$C196)) | J196: =IF($G196="","",$G196) | K196: =IF($C196="","",INDEX(Taxepunkter!$C:$C,$C196)&IF(INDEX(Taxepunkter!$D:$D,$C196)="","",". "&INDEX(Taxepunkter!$D:$D,$C196))) | L196: =IF($C196="","","RENH") | M196: =IF($C196="","","HUSH") | N196: =IF($C196="","",1) | O196: =IF($C196="","","ÅRKV") | P196: =IF($C196="","",_xludf.TEXTJOIN(" ",TRUE,INDEX(Taxepunkter!$C:$C,$C196),INDEX(Taxepunkter!$D:$D,$C196))) | U196: =IF($C196="","",0) | W196: =IF($C196="","","-") | X196: =IF($C196="","",1) | Y196: =IF($C196="","","ANTB")
A197: =IF($C197="","",INDEX(Taxepunkter!$A:$A,$C197)) | D197: =IF($C197="","",_xludf.TEXTJOIN(" ",TRUE,INDEX(Taxepunkter!$C:$C,$C197),INDEX(Taxepunkter!$D:$D,$C197))) | E197: =IF($C197="","","Saknas i EDP – föreslagen ny taxa") | F197: =IF($C197="","","Automatiserad mall: fyll Rad i Taxepunkter och FöreslagenTaxekod") | H197: =IF($C197="","",$C197) | I197: =IF($C197="","",INDEX(Taxepunkter!$B:$B,$C197)&" / "&INDEX(Taxepunkter!$C:$C,$C197)) | J197: =IF($G197="","",$G197) | K197: =IF($C197="","",INDEX(Taxepunkter!$C:$C,$C197)&IF(INDEX(Taxepunkter!$D:$D,$C197)="","",". "&INDEX(Taxepunkter!$D:$D,$C197))) | L197: =IF($C197="","","RENH") | M197: =IF($C197="","","HUSH") | N197: =IF($C197="","",1) | O197: =IF($C197="","","ÅRKV") | P197: =IF($C197="","",_xludf.TEXTJOIN(" ",TRUE,INDEX(Taxepunkter!$C:$C,$C197),INDEX(Taxepunkter!$D:$D,$C197))) | U197: =IF($C197="","",0) | W197: =IF($C197="","","-") | X197: =IF($C197="","",1) | Y197: =IF($C197="","","ANTB")
A198: =IF($C198="","",INDEX(Taxepunkter!$A:$A,$C198)) | D198: =IF($C198="","",_xludf.TEXTJOIN(" ",TRUE,INDEX(Taxepunkter!$C:$C,$C198),INDEX(Taxepunkter!$D:$D,$C198))) | E198: =IF($C198="","","Saknas i EDP – föreslagen ny taxa") | F198: =IF($C198="","","Automatiserad mall: fyll Rad i Taxepunkter och FöreslagenTaxekod") | H198: =IF($C198="","",$C198) | I198: =IF($C198="","",INDEX(Taxepunkter!$B:$B,$C198)&" / "&INDEX(Taxepunkter!$C:$C,$C198)) | J198: =IF($G198="","",$G198) | K198: =IF($C198="","",INDEX(Taxepunkter!$C:$C,$C198)&IF(INDEX(Taxepunkter!$D:$D,$C198)="","",". "&INDEX(Taxepunkter!$D:$D,$C198))) | L198: =IF($C198="","","RENH") | M198: =IF($C198="","","HUSH") | N198: =IF($C198="","",1) | O198: =IF($C198="","","ÅRKV") | P198: =IF($C198="","",_xludf.TEXTJOIN(" ",TRUE,INDEX(Taxepunkter!$C:$C,$C198),INDEX(Taxepunkter!$D:$D,$C198))) | U198: =IF($C198="","",0) | W198: =IF($C198="","","-") | X198: =IF($C198="","",1) | Y198: =IF($C198="","","ANTB")
A199: =IF($C199="","",INDEX(Taxepunkter!$A:$A,$C199)) | D199: =IF($C199="","",_xludf.TEXTJOIN(" ",TRUE,INDEX(Taxepunkter!$C:$C,$C199),INDEX(Taxepunkter!$D:$D,$C199))) | E199: =IF($C199="","","Saknas i EDP – föreslagen ny taxa") | F199: =IF($C199="","","Automatiserad mall: fyll Rad i Taxepunkter och FöreslagenTaxekod") | H199: =IF($C199="","",$C199) | I199: =IF($C199="","",INDEX(Taxepunkter!$B:$B,$C199)&" / "&INDEX(Taxepunkter!$C:$C,$C199)) | J199: =IF($G199="","",$G199) | K199: =IF($C199="","",INDEX(Taxepunkter!$C:$C,$C199)&IF(INDEX(Taxepunkter!$D:$D,$C199)="","",". "&INDEX(Taxepunkter!$D:$D,$C199))) | L199: =IF($C199="","","RENH") | M199: =IF($C199="","","HUSH") | N199: =IF($C199="","",1) | O199: =IF($C199="","","ÅRKV") | P199: =IF($C199="","",_xludf.TEXTJOIN(" ",TRUE,INDEX(Taxepunkter!$C:$C,$C199),INDEX(Taxepunkter!$D:$D,$C199))) | U199: =IF($C199="","",0) | W199: =IF($C199="","","-") | X199: =IF($C199="","",1) | Y199: =IF($C199="","","ANTB")
A200: =IF($C200="","",INDEX(Taxepunkter!$A:$A,$C200)) | D200: =IF($C200="","",_xludf.TEXTJOIN(" ",TRUE,INDEX(Taxepunkter!$C:$C,$C200),INDEX(Taxepunkter!$D:$D,$C200))) | E200: =IF($C200="","","Saknas i EDP – föreslagen ny taxa") | F200: =IF($C200="","","Automatiserad mall: fyll Rad i Taxepunkter och FöreslagenTaxekod") | H200: =IF($C200="","",$C200) | I200: =IF($C200="","",INDEX(Taxepunkter!$B:$B,$C200)&" / "&INDEX(Taxepunkter!$C:$C,$C200)) | J200: =IF($G200="","",$G200) | K200: =IF($C200="","",INDEX(Taxepunkter!$C:$C,$C200)&IF(INDEX(Taxepunkter!$D:$D,$C200)="","",". "&INDEX(Taxepunkter!$D:$D,$C200))) | L200: =IF($C200="","","RENH") | M200: =IF($C200="","","HUSH") | N200: =IF($C200="","",1) | O200: =IF($C200="","","ÅRKV") | P200: =IF($C200="","",_xludf.TEXTJOIN(" ",TRUE,INDEX(Taxepunkter!$C:$C,$C200),INDEX(Taxepunkter!$D:$D,$C200))) | U200: =IF($C200="","",0) | W200: =IF($C200="","","-") | X200: =IF($C200="","",1) | Y200: =IF($C200="","","ANTB")

Sheet Taxekod_Tolkning
A1: Koddel | B1: Typ | C1: Betydelse | D1: Exempel | E1: Första förekomst | F1: Källa | G1: Status | H1: Kommentar
A2: KÄ | B2: Prefix | C2: Kärl | D2: KÄ240RM26 | E2: Taxa_från_edp rad 234 / strTaxekod KÄ240RM26 | F2: strTaxekod + strTaxebenamning | G2: Bekräftad
A3: MB | B3: Prefix | C3: Markbehållare eller underjordsbehållare | D3: MB3200RE26 | E3: Taxa_från_edp rad 211 / 271 | F3: strTaxebenamning + användarbekräftelse | G3: Bekräftad | H3: Kan omfatta både mark- och underjordsbehållare.
A4: BTMR | B4: Kodstruktur | C4: Bottentömmande behållare, mat-/restavfall | D4: BTMRFV | E4: Taxa_Saknas / föreslagen struktur | F4: Användarbekräftelse | G4: Bekräftad | H4: Används för nya föreslagna taxor när EDP-träff saknas.
A5: LVRE | B5: Kodstruktur | C5: Lastväxlarflak, restavfall | D5: LVREFV | E5: Taxa_Saknas / föreslagen struktur | F5: Användarbekräftelse | G5: Bekräftad | H5: Används för nya föreslagna taxor när EDP-träff saknas.
A6: RM | B6: Avfallsslag | C6: Rest-/matavfall | D6: KÄ240RM26 | E6: Taxa_från_edp rad 234 / strTaxekod KÄ240RM26 | F6: strTaxebenamning: rest/matavfall | G6: Bekräftad
A7: RK | B7: Avfallsslag | C7: Restavfall/kompost | D7: KÄ240RK26 | E7: Taxa_från_edp rad 232 / strTaxekod KÄ240RK26 | F7: strTaxebenamning: restavfall/kompost | G7: Bekräftad
A8: RE | B8: Avfallsslag | C8: Restavfall | D8: KÄ370RE26FV | E8: Taxa_från_edp rad 242 / strTaxekod KÄ370RE26FV | F8: strTaxebenamning + strTaxedelAvser | G8: Bekräftad
A9: MA | B9: Avfallsslag | C9: Matavfall | D9: KÄ140MA52FV | E9: Taxa_från_edp rad 221 / strTaxekod KÄ140MA52FV | F9: strTaxebenamning + strTaxedelAvser | G9: Bekräftad
A10: TI | B10: Avfallsslag | C10: Tidningar/returpapper | D10: KÄ190TI26FV | E10: Taxa_Saknas / föreslagen struktur | F10: Användarbekräftelse | G10: Bekräftad | H10: Används där EDP-träff saknas för tidningar/returpapper.
A11: FP | B11: Avfallsslag | C11: Förpackningar | D11: KÄ370FP26FV | E11: Taxa_Saknas / föreslagen struktur | F11: Användarbekräftelse | G11: Bekräftad | H11: Används där EDP-träff saknas för förpackningar.
A12: XRM | B12: Avfallsslag/kärltyp | C12: Extrakärl rest-/matavfall | D12: KÄ190XRM26 | E12: Taxa_från_edp rad 226 / strTaxekod KÄ190XRM26 | F12: strTaxebenamning: extrakärl, rest/matavfall | G12: Bekräftad
A13: 140 | B13: Volym | C13: 140 liter | D13: KÄ140MA26FV | E13: Taxa_från_edp rad 216 / strTaxekod KÄ140MA26FV | F13: strTaxebenamning | G13: Bekräftad
A14: 190 | B14: Volym | C14: 190 liter / 120–190 liter för extrakärl | D14: KÄ190XRM26 | E14: Taxa_från_edp rad 226 / strTaxekod KÄ190XRM26 | F14: strTaxebenamning | G14: Bekräftad
A15: 240 | B15: Volym | C15: 240 liter | D15: KÄ240RM26 | E15: Taxa_från_edp rad 234 / strTaxekod KÄ240RM26 | F15: strTaxebenamning | G15: Bekräftad
A16: 370 | B16: Volym | C16: 370 liter | D16: KÄ370RE26FV | E16: Taxa_från_edp rad 242 / strTaxekod KÄ370RE26FV | F16: strTaxebenamning | G16: Bekräftad
A17: 660 | B17: Volym | C17: 660 liter | D17: KÄ660RE26FV | E17: Taxa_från_edp rad 254 / strTaxekod KÄ660RE26FV | F17: strTaxebenamning | G17: Bekräftad
A18: 26 | B18: Frekvens | C18: Var 14:e dag / 26 tömningar per år | D18: KÄ240RM26 | E18: Taxa_från_edp rad 234 / strTaxekod KÄ240RM26 | F18: strTaxebenamning | G18: Bekräftad
A19: 52 | B19: Frekvens | C19: Varje vecka / 52 tömningar per år | D19: KÄ240RM52FV | E19: Taxa_från_edp rad 31 / strTaxekod KÄ240RM52FV | F19: strTaxebenamning | G19: Bekräftad
A20: 12 | B20: Frekvens | C20: Månadsvis / 12 tömningar per år | D20: KÄ240RM12FV | E20: Taxa_Saknas / föreslagen struktur | F20: Härledd från kodmönster och Word | G20: Härledd | H20: Finns inte som säker EDP-träff i genomgången hittills.
A21: FRI | B21: Suffix | C21: Fritidshus | D21: KÄ240RM26FRI | E21: Taxa_från_edp rad 236 / strTaxekod KÄ240RM26FRI | F21: strTaxebenamning | G21: Bekräftad
A22: FV | B22: Suffix | C22: Flerbostadshus eller verksamhet | D22: KÄ660RE52FV | E22: Taxa_från_edp rad 259 / strTaxekod KÄ660RE52FV | F22: strTaxebenamning: FLB/VHT + användarbekräftelse | G22: Bekräftad | H22: Samma FV-taxekod kan användas både för flerbostadshus och verksamhet om övriga villkor stämmer.
A23: FLB | B23: Förkortning i benämning | C23: Flerbostadshus | D23: FLB/VHT | E23: Taxa_från_edp, flera rader | F23: strTaxebenamning | G23: Bekräftad | H23: Förekommer i strTaxebenamning, inte nödvändigtvis som egen koddel.
A24: VHT | B24: Förkortning i benämning | C24: Verksamhet | D24: FLB/VHT | E24: Taxa_från_edp, flera rader | F24: strTaxebenamning | G24: Bekräftad | H24: Förekommer i strTaxebenamning, inte nödvändigtvis som egen koddel.
A25: SL | B25: Prefix/kategori | C25: Slam | D25: SLBUDFOS | E25: Taxa_från_edp rad 133 / strTaxekod SLBUDFOS | F25: strDelProdukt + strTaxebenamning | G25: Bekräftad
A26: ÅVC | B26: Kategori | C26: Återvinningscentral | D26: ASBEST | E26: Taxa_från_edp rad 66 / strDelProdukt ÅVC | F26: strDelProdukt | G26: Bekräftad
A27: TÖM | B27: Koddel | C27: Tömning | D27: MB3200TÖM | E27: Taxa_från_edp rad 211 / strTaxekod MB3200TÖM | F27: strTaxebenamning + strTaxedelAvser | G27: Bekräftad
A28: KVAN | B28: strFaktor | C28: Kvantitet | D28: KVAN | E28: Taxa_från_edp rad 2 | F28: kvantitetskoder + strFaktor | G28: Bekräftad
A29: ÅRKV | B29: strFaktor | C29: Årskvantitet | D29: ÅRKV | E29: Taxa_från_edp rad 216 | F29: kvantitetskoder + strFaktor | G29: Bekräftad
A30: ÅRPR | B30: strFaktor | C30: Årspris | D30: ÅRPR | E30: Taxa_från_edp VA-rader | F30: kvantitetskoder + strFaktor | G30: Bekräftad
A31: FÖRB | B31: strFaktor | C31: Förbrukning | D31: FÖRB | E31: Taxa_från_edp VA-rader | F31: kvantitetskoder + strFaktor | G31: Bekräftad
A32: UPFÖ | B32: strFaktor | C32: Uppskattad förbrukning | D32: UPFÖ | E32: Taxa_från_edp VA-rader | F32: kvantitetskoder + strFaktor | G32: Bekräftad
A33: ANTB | B33: strFormel | C33: Antal behållare | D33: ANTB | E33: Taxa_från_edp, kärlrader | F33: kvantitetskoder + strFormel | G33: Bekräftad
A34: ANTL | B34: strFormel | C34: Övriga antal / antal tillfällen | D34: ANTL | E34: Taxa_från_edp, t.ex. FELSORT | F34: kvantitetskoder + strFormel | G34: Bekräftad
A35: FAST | B35: strFormel | C35: Fast avgift | D35: FAST | E35: Taxa_från_edp rad 215 GEMUPPFRI | F35: kvantitetskoder + strFormel | G35: Bekräftad
A36: LÄGH | B36: strFormel | C36: Lägenheter | D36: LÄGH | E36: Taxa_från_edp VA-rader | F36: kvantitetskoder + strFormel | G36: Bekräftad
... A41: KBMS | B41: strFormel | C41: Kubikmeter slam | D41: KBMS | E41: Taxa_från_edp slamrader | F41: kvantitetskoder + strFormel | G41: Bekräftad
A45: DH | B45: Suffix | C45: Detaljhandel med beviljad hantering av kommunalt avfall | D45: KÄ240RM26DH | E45: Taxa_Saknas / föreslagen struktur | F45: Användarbekräftelse | G45: Bekräftad | H45: Används för §2.2.6. Ska inte använda FV eftersom detaljhandel inte räknas som vanlig verksamhet/flerbostad i denna taxa.
A49: MBRMFPFV | B49: Föreslagen kodstruktur | C49: Bottentömmande/markbehållare för mat-/restavfall och förpackningar, flerbostad/verksamhet | D49: MBRMFPFV | E49: Taxa_Saknas §2.2.4 | F49: Projektregel MB + Word | G49: Föreslagen | H49: Ersätter tidigare BTMR-struktur.
A50: MBRMFP2VFV | B50: Föreslagen kodstruktur | C50: Tillägg för två tömningar per vecka för bottentömmande/markbehållare, flerbostad/verksamhet | D50: MBRMFP2VFV | E50: Taxa_Saknas §2.2.4 | F50: Projektregel MB + Word | G50: Föreslagen
A51: GEMUPPMRFPFLB | B51: Föreslagen funktionskod | C51: Gemensam uppsamlingsplats för mat-/restavfall och förpackningar per lägenhet, flerbostadshus | D51: GEMUPPMRFPFLB | E51: Taxa_Saknas §2.2.4 | F51: Word + jämförelse med GEMUPPFÖRPFLB | G51: Föreslagen | H51: Befintlig GEMUPPFÖRPFLB avser endast förpackning enligt EDP, därför används inte som bekräftad taxekod.
A52: MBRMFV | B52: Föreslagen kodstruktur | C52: Bottentömmande/markbehållare för mat-/restavfall, flerbostad/verksamhet | D52: MBRMFV | E52: Taxa_Saknas §2.2.5 | F52: Projektregel MB + Word | G52: Föreslagen | H52: Ersätter tidigare BTMR-struktur.
A53: MBRM2VFV | B53: Föreslagen kodstruktur | C53: Tillägg för två tömningar per vecka för bottentömmande/markbehållare, flerbostad/verksamhet | D53: MBRM2VFV | E53: Taxa_Saknas §2.2.5 | F53: Projektregel MB + Word | G53: Föreslagen
A54: LVREFV | B54: Föreslagen kodstruktur | C54: Lastväxlarflak restavfall, flerbostad/verksamhet | D54: LVREFV | E54: Taxa_Saknas §2.2.5 | F54: Projektregel LV + Word | G54: Föreslagen
A55: DH | B55: Suffix | C55: Detaljhandel med beviljad hantering av kommunalt avfall | D55: KÄ240RM26DH | E55: Projektregel | F55: Användarbekräftelse | G55: Bekräftad | H55: Ska inte behandlas som FV.
A56: MBRMDH | B56: Föreslagen kodstruktur | C56: Bottentömmande/markbehållare för mat-/restavfall, detaljhandel | D56: MBRMDH | E56: Taxa_Saknas §2.2.6 | F56: Projektregel MB + DH | G56: Föreslagen | H56: Ersätter tidigare BTMRDH.
A57: MBRM2VDH | B57: Föreslagen kodstruktur | C57: Tillägg två tömningar per vecka för bottentömmande/markbehållare, detaljhandel | D57: MBRM2VDH | E57: Taxa_Saknas §2.2.6 | F57: Projektregel MB + DH | G57: Föreslagen | H57: Ersätter tidigare BTMR2VDH.
A59: KÄ140TI | B59: Föreslagen kodstruktur | C59: Kärl 140 l för kontors-/returpapper | D59: KÄ140TI | E59: Taxa_Saknas §2.2.7 | F59: Word + TI-regel | G59: Föreslagen | H59: TI är sedan tidigare bekräftat för tidningar/returpapper.
A60: EGENKONTRET | B60: Föreslagen funktionskod | C60: Egen överlämning av förbrukat kontors-/returpapper enligt anvisning | D60: EGENKONTRET | E60: Taxa_Saknas §2.2.7 | F60: Word | G60: Föreslagen
A61: EGENMATFETT | B61: Föreslagen funktionskod | C61: Egen överlämning av förbrukat matfett enligt anvisning | D61: EGENMATFETT | E61: Taxa_Saknas §2.2.7 | F61: Word | G61: Föreslagen
A62: KONTRET | B62: Avfallsslag/funktionsdel | C62: Kontors-/returpapper | D62: EGENKONTRET | E62: Taxa_Saknas §2.2.7 | F62: Word | G62: Föreslagen

Sheet Källa_Prislista_DH
A1: Prislista ASN – kärltömning och kärlhyra
A2: Avser marknadstjänster och/eller kommunens andrahandsansvar. Tjänsten ska särredovisas och inte belasta avfallstaxan eller taxekollektivet.
A4: Beräkningsgrund | B4: Full självkostnad med intern ersättning till taxekollektivet
A5: Moms | B5: 0.25 | C5: Ändra moms här
A7: Post | B7: Exkl. moms | C7: Inkl. moms
A8: Intern kalkyltimme sopbil inkl. chaufför och OH | B8: 1500 | C8: 1875
A9: Kärltömning 140–240 liter, ordinarie tur/intervall | B9: 125 | C9: 156.25
A10: Kärltömning 370 liter, ordinarie tur/intervall | B10: 145 | C10: 181.25
A11: Kärltömning 660 liter, ordinarie tur/intervall | B11: 165 | C11: 206.25
A12: Extra/avvikande tömning utanför planerad rutt | B12: 1500 | C12: 1875
A13: Kärlhyra 140 liter | B13: 25 | C13: 31.25
A14: Kärlhyra 190 liter | B14: 30 | C14: 37.5
A15: Kärlhyra 240 liter | B15: 35 | C15: 43.75
A16: Kärlhyra 370 liter | B16: 50 | C16: 62.5
A17: Kärlhyra 660 liter | B17: 85 | C17: 106.25
A18: Utkörning/utställning av kärl 140–240 | B18: 300 | C18: 375
A19: Utkörning/utställning av kärl 370–660 | B19: 450 | C19: 562.5
... A23: Restavfall | B23: 4200 | C23: 5250
A24: ABP | B24: Debiteras separat enligt faktisk kostnad | C24: Debiteras separat enligt faktisk kostnad
A27: Regel | B27: DH-priser är unika för detaljhandel och får inte användas i beräkningsmodeller för andra taxor.
A28: Källa | B28: Prislista DH.xlsx

Sheet Källa_Kvantitetskoder
A1: Kod | B1: Tolkning | C1: Källa/kommentar
A2: KVAN | B2: Kvantitet | C2: Användarens fil/uppgift + Taxa_från_edp strFaktor
A3: ÅRKV | B3: Årskvantitet | C3: Användarens fil/uppgift + Taxa_från_edp strFaktor
A4: ÅRPR | B4: Årspris | C4: Kvantitetskoder + Taxa_från_edp strFaktor
A5: FÖRB | B5: Förbrukning | C5: Användarens uppgift + Taxa_från_edp strFaktor
A6: UPFÖ | B6: Uppskattad förbrukning | C6: Kvantitetskoder + Taxa_från_edp strFaktor
A7: ANTB | B7: Antal behållare | C7: Taxa_från_edp strFormel
A8: ANTL | B8: Övriga antal / antal tillfällen | C8: Taxa_från_edp strFormel
A9: VIKG | B9: Vikt i kilo | C9: Taxa_från_edp strFormel
A10: DR10 | B10: Dragväg 1,5–10 meter | C10: Taxa_från_edp strFormel/strTaxedelAvser
A11: DR20 | B11: Dragväg 10,1–20 meter | C11: Taxa_från_edp strFormel/strTaxedelAvser
A12: LÄGH | B12: Lägenheter | C12: Taxa_från_edp strFormel
... A15: KBMS | B15: Kubikmeter slam | C15: Taxa_från_edp strFormel

Sheet 01_Projektöversikt
A1: Avfallstaxa – självdokumenterande masterfil
A2: Syfte | B2: Bygga och kvalitetssäkra Taxepunkter från Word, EDP och kompletterande prislistor.
A3: Fas 1 | B3: Word → Excel: pågår. Word styr struktur, Taxepunkter byggs successivt, Taxa_Saknas byggs successivt.
A4: Fas 2 | B4: Excel → Word: ej påbörjad. Ska hanteras separat senare. Regler för Fas 1 får inte blandas med Fas 2.
A5: Status | B5: Taxepunkter är under uppbyggnad. Arbetet är genomfört till och med §2.2.6 med kända justeringar.
A6: Viktig princip | B6: Arbetsboken ska kunna återanvändas med ny Taxa_från_edp från annat verksamhetssystem genom att läsa regler, källdokument, lexikon och beslutslogg.

Sheet 02_Projektregler
A1: ID | B1: Regel | C1: Beskrivning
A2: R001 | B2: Fasindelning | C2: Projektet består av två separata faser: Fas 1 Word → Excel och Fas 2 Excel → Word. De får inte blandas.
A3: R002 | B3: Word styr struktur i Fas 1 | C3: Alla taxepunkter, rader och kostnadsfria tjänster som finns i Word ska finnas i Taxepunkter.
A4: R003 | B4: Taxepunkter byggs successivt | C4: Taxepunkter är en arbetsflik under uppbyggnad och får inte ersättas med importdata.
A5: R004 | B5: Taxakod | C5: Kolumn Taxakod innehåller endast bekräftad exakt strTaxekod från Taxa_från_edp.
A6: R005 | B6: Ingen påhittad Taxakod | C6: Om match finns i Taxa_från_edp används exakt strTaxekod. Hitta inte på egen kod om EDP-kod finns.
A7: R006 | B7: Föreslagen Taxa | C7: Visar Taxakod om den är bekräftad, annars föreslagen taxa från Taxa_Saknas.
A8: R007 | B8: Aktuellt pris | C8: Aktuellt pris (exkl moms) hämtas alltid från Taxa_från_edp och får aldrig redigeras manuellt.
A9: R008 | B9: Föreslaget pris | C9: Får fyllas manuellt/beräknas som arbetspris när Aktuellt pris saknas. Detta är inte EDP-pris.
A10: R009 | B10: DH-priser | C10: Prislista DH används endast för detaljhandel och får aldrig användas för beräkningsmodeller för andra taxor.
A11: R010 | B11: Taxa_Saknas | C11: Innehåller saknade eller föreslagna taxor med samma EDP-kolumner som Taxa_från_edp samt arbetskolumner.
A12: R011 | B12: intRecnum i Taxa_Saknas | C12: intRecnum = radnummer i Taxepunkter för felsökning, inte EDP:s original-ID.
... A25: R024 | B25: Vanliga taxerader i Taxepunkter | C25: Rader där A:E innehåller uppdelad information, t.ex. Paragraf, Paragrafnamn, Taxapunkt, Variant och Enhet, ska inte vara sammanslagna och A:E ska ha vit bakgrund.

Sheet 03_Arbetsflöde
A1: Steg | B1: Arbetsmoment | C1: Beskrivning
A2: 1 | B2: Läs Projektöversikt | C2: Identifiera om arbetet gäller Fas 1 Word→Excel eller Fas 2 Excel→Word.
A3: 2 | B3: Läs Projektregler | C3: Följ reglerna innan några ändringar görs.
A4: 3 | B4: Läs Källdokument | C4: Kontrollera vilka importflikar och externa filer som krävs.
A5: 4 | B5: Läs Taxekod_Tolkning | C5: Använd lexikonet för prefix, suffix, koddelar, strFaktor och strFormel.
A6: 5 | B6: Importera/ersätt Taxa_från_edp | C6: Om ny EDP-export används ska endast importfliken bytas, inte arbetsflikarna.
A7: 6 | B7: Kontrollera Word mot Taxepunkter | C7: Lägg till saknade rader från Word, inklusive kostnadsfria rader.
A8: 7 | B8: Matcha mot Taxa_från_edp | C8: Använd matchningsordningen strTaxekod → strTaxebenamning → strTaxedelAvser → strFaktor.
A9: 8 | B9: Uppdatera Taxa_Saknas | C9: Alla saknade/osäkra taxor ska dokumenteras med intRecnum = Taxepunkter-rad.
A10: 9 | B10: Uppdatera Föreslagen Taxa | C10: Kolumnen hämtar bekräftad Taxakod eller förslag från Taxa_Saknas.
A11: 10 | B11: Fyll Föreslaget pris vid behov | C11: Aktuellt pris får aldrig ändras. Föreslaget pris används bara som arbetspris.
A12: 11 | B12: Dokumentera beslut | C12: Uppdatera Beslutslogg och Kontrollrapport.
A13: 12 | B13: Vänta med Excel→Word | C13: Prisöverföring till Word hanteras i senare separat fas.

Sheet 04_Källdokument
A1: Källa/flik | B1: Obligatorisk | C1: Funktion | D1: Får ersättas vid ny körning | E1: Kommentar
A2: Word taxedokument (.docx) | B2: Ja | C2: Juridisk/strukturell källa för Taxepunkter | D2: Ja | E2: Ska importeras/läsas vid ny taxemall. Nuvarande Word ligger ej som komplett filflik i Excel.
A3: Taxa_från_edp | B3: Ja | C3: Bekräftade taxekoder, benämningar, faktorer, formler och priser | D3: Ja | E3: Enda källa för Aktuellt pris. Får bytas mot ny export.
A4: Källa_Prislista_DH | B4: Ja om DH finns | C4: Unik prislista för detaljhandel | D4: Ja | E4: Får endast användas för DH och aldrig för andra beräkningsmodeller.
A5: Källa_Kvantitetskoder | B5: Ja | C5: Referens för strFaktor/strFormel | D5: Ja | E5: Används för tolkning, inte för pris.
A6: Taxepunkter | B6: Ja | C6: Arbetsflik som byggs från Word + EDP | D6: Nej | E6: Under uppbyggnad och ska inte ersättas.
A7: Taxa_Saknas | B7: Ja | C7: Saknade/föreslagna taxor | D7: Nej | E7: Under uppbyggnad och ska inte ersättas.
A8: Taxekod_Tolkning | B8: Ja | C8: Lexikon över koddelar | D8: Nej | E8: Byggs successivt.
A9: Projektregler/Arbetsflöde/Beslutslogg | B9: Ja | C9: Självdokumentation | D9: Nej | E9: Behövs för framtida promptning.

Sheet 06_Prompt_ChatGPT
A1: Instruktion till ChatGPT för fortsatt arbete
A2: 1. Läs flikarna 01_Projektöversikt, 02_Projektregler, 03_Arbetsflöde, 04_Källdokument, Taxekod_Tolkning och Beslutslogg innan du ändrar något.
A3: 2. Arbetet är i Fas 1 Word → Excel tills annat uttryckligen anges. Regler för Excel → Word ska inte användas ännu.
A4: 3. Taxepunkter är en arbetsflik under uppbyggnad. Den ska byggas från Word och Taxa_från_edp, inte ersättas.
A5: 4. Alla rader i Word, även kostnadsfria rader, ska finnas i Taxepunkter.
A6: 5. Taxakod får endast innehålla bekräftad exakt strTaxekod från Taxa_från_edp.
A7: 6. Aktuellt pris får aldrig redigeras manuellt. Det hämtas från Taxa_från_edp.
A8: 7. Föreslagen Taxa visar Taxakod om bekräftad, annars förslag från Taxa_Saknas.
A9: 8. Föreslaget pris kan användas som arbetspris när Aktuellt pris saknas. DH-priser får bara användas för DH.
A10: 9. Matcha taxor via strTaxekod, strTaxebenamning, strTaxedelAvser, strFaktor och strFormel.
A11: 10. Om taxan saknas: lägg i Taxa_Saknas med intRecnum = radnumret i Taxepunkter.
A12: 11. Uppdatera Taxekod_Tolkning när nya koddelar identifieras.
... A15: 14. Sätt aldrig Aktuellt pris manuellt till 0. Pris hämtas bara från Taxa_från_edp; använd Föreslaget pris endast som arbetskolumn vid behov.

Sheet 07_Word_export_senare
A1: Excel → Word är inte påbörjad
A2: Denna fas ska hanteras separat senare.
A3: Preliminära principer: Word-text får inte ändras, endast prisfält/XX kr ska uppdateras från rätt rad i Taxepunkter.
A4: Regler för Word → Excel får inte användas som regler för Excel → Word utan ny genomgång.

Sheet Projektstatus
A1: Delprojekt | B1: Status | C1: Progress/Kommentar
A2: Taxepunkter | B2: Under uppbyggnad | C2: Kontrollerad till och med §2.2.6; fortsättning återstår.
A3: Taxa_Saknas | B3: Under uppbyggnad | C3: Fylls löpande med saknade taxor och förslag.
A4: Taxekod_Tolkning | B4: Under uppbyggnad | C4: Lexikon påbörjat och uppdateras löpande.
A5: Word → Excel | B5: Pågår | C5: Fas 1.
A6: Excel → Word | B6: Ej påbörjad | C6: Fas 2 hanteras separat senare.
A7: DH-prislogik | B7: Fastställd | C7: DH-priser är fristående och får inte användas för andra modeller.
A8: Kostnadsfria rader | B8: Åtgärdat | C8: Tre kostnadsfria rader från Word har lagts till i Taxepunkter och Taxa_Saknas.

Sheet Dokumentation_Taxepunkter
A1: Kolumn | B1: Rubrik | C1: Typ | D1: Källa/beroende | E1: Formel/regel för en normalrad | F1: Får ändras manuellt
A2: A | B2: Paragraf | C2: Manuell | D2: Word | E2: Anges utifrån paragraf i Word. | F2: Ja
A3: B | B3: Paragrafnamn | C3: Manuell | D3: Word | E3: Anges utifrån rubrik i Word. | F3: Ja
A4: C | B4: Taxapunkt | C4: Manuell | D4: Word | E4: Anges utifrån raden/tjänsten i Word. | F4: Ja
A5: D | B5: Variant | C5: Manuell | D5: Word | E5: Anger t.ex. Hämtning varje vecka, Avgift per tömning, var 14:e dag. | F5: Ja
A6: E | B6: Enhet | C6: Manuell | D6: Word/bedömning | E6: Anger debiteringsenhet, t.ex. st/år, st/tömning, kg. | F6: Ja
A7: F | B7: Taxakod | C7: Manuell med dropdown | D7: Taxa_från_edp | E7: Endast bekräftad exakt strTaxekod från Taxa_från_edp. | F7: Ja
A8: G | B8: Föreslagen Taxa | C8: Automatisk | D8: Taxakod + Taxa_Saknas | E8: =IF($F7<>"",$F7,IFERROR(_xludf.XLOOKUP(ROW(),Taxa_Saknas!$H:$H,Taxa_Saknas!$G:$G),"")) -> Ja | F8: Nej
A9: H | B9: Taxabeskrivning | C9: Automatisk | D9: Taxa_från_edp[strTaxebenamning] | E9: Slår upp Taxakod i Taxa_från_edp kolumn strTaxekod och returnerar strTaxebenamning. | F9: Nej
A10: I | B10: Faktor | C10: Automatisk | D10: Taxa_från_edp[strFaktor] | E10: Slår upp Taxakod och returnerar strFaktor. | F10: Nej
A11: J | B11: Aktuellt pris (exkl m) | C11: Automatisk | D11: Taxa_från_edp[curNuvarandePris] | E11: Slår upp Taxakod och returnerar aktuellt pris exkl. moms. Får aldrig redigeras manuellt. | F11: Nej
A12: K | B12: Föreslaget pris | C12: Manuell/beräknad arbetskolumn | D12: Projektdata/DH-prislista/bedömning | E12: Används bara när Aktuellt pris saknas. DH-priser får endast användas för DH. | F12: Ja
A13: L | B13: Antal | C13: Manuell | D13: Taxevolym/bedömning | E13: Anges vid behov för intäktsberäkning. | F13: Ja
A14: M | B14: Pris kr (inkl.) | C14: Automatisk | D14: J eller K + moms | E14: =IFERROR(IF(J7<>"",J7*1.25,IF(K7<>"",K7*1.25,"")),"") | F14: Nej
A15: N | B15: Intäkt (kr) exkl | C15: Automatisk | D15: J/K och L | E15: =IFERROR(IF(J7<>"",L7*J7,IF(K7<>"",L7*K7,"")),"") | F15: Nej
A17: Beroende | B17: Beskrivning
A18: F påverkar G/H/I/J | B18: Taxakod styr föreslagen taxa, taxabeskrivning, faktor och aktuellt pris.
A19: G hämtar från Taxa_Saknas | B19: Om Taxakod saknas används intRecnum/radnummer för att hämta föreslagen taxa.
A20: J är låst principmässigt | B20: Aktuellt pris är alltid EDP-pris och får inte ändras manuellt.
A21: K är arbetspris | B21: Föreslaget pris används endast som arbetsunderlag när J saknas.
A22: Radtyp | B22: Kännetecken | C22: Format | D22: Regel | E22: Exempel | F22: Får ändras manuellt
A23: Underrubrik | B23: Endast kolumn A har text, B:E är tomma | C23: A:E sammanslaget, enfärgad ljusblå rad | D23: Används för avsnittsrubriker | E23: §2.1 Grundavgift | F23: Nej
A24: Taxerad | B24: A:E innehåller uppdelade fält | C24: A:E ej sammanslaget, vit bakgrund | D24: Används för faktiska taxepunkter | E24: §2.1 | Grundavgift | En- och tvåbostadshus | st/år | F24: Ja

Sheet Beslutslogg
A1: Datum | B1: Beslut | C1: Konsekvens
A2: 2026-07-02 | B2: FV betyder flerbostadshus eller verksamhet | C2: FV-taxor kan återanvändas mellan §2.2.4 och §2.2.5 om övriga villkor matchar.
A3: 2026-07-02 | B3: DH införs som suffix för detaljhandel | C3: §2.2.6 ska använda DH och inte FV.
A4: 2026-07-02 | B4: MB används för bottentömmande behållare | C4: BTMR ska inte användas som framtida standardförslag.
A5: 2026-07-02 | B5: Aktuellt pris hämtas bara från Taxa_från_edp | C5: Priskolumnen får inte redigeras manuellt.
A6: 2026-07-02 | B6: Föreslaget pris får användas som arbetspris | C6: Ny kolumn efter Aktuellt pris.
A7: 2026-07-02 | B7: DH-prislista är fristående | C7: DH-priser får inte användas som jämförelse för andra taxor.
A8: 2026-07-02 | B8: Taxepunkter är under uppbyggnad | C8: Fliken är arbetsflik och får inte ersättas.
A9: 2026-07-02 | B9: Fas 2 Excel→Word hanteras separat | C9: Nuvarande regler gäller Word→Excel.
A301: 2026-07-07 | B301: v0.9.4 Taxepunkter facit | C301: Fyllde 52 befintliga Taxepunkter-rader med saknad Taxakod från Taxa_Saknas och lade till 9 saknade rader längst ned i Taxepunkter. Taxa_från_edp ändrades inte.

Sheet Färgstandard
A1: Färgtyp | B1: Hex | C1: Användning | D1: Exempel
A2: Rubrik | B2: #1F4E78 | C2: Tabellrubriker och huvudrubriker | D2: Rad 1/5 i arbets- och dokumentationsflikar
A3: Manuell inmatning | B3: #FFF2CC | C3: Fält som får fyllas manuellt | D3: Taxepunkter A–F, L samt Taxa_Saknas arbetskolumner
A4: Automatisk uppslagning | B4: #DDEBF7 | C4: Formler och uppslag mot Taxa_från_edp | D4: Taxepunkter H–J
A5: Förslag | B5: #FCE4D6 | C5: Föreslagna taxekoder och arbetspris | D5: Taxepunkter G och K, Taxa_Saknas FöreslagenTaxekod
A6: Beräkning | B6: #E2F0D9 | C6: Beräknade värden | D6: Taxepunkter M–N
A7: Kontroll krävs | B7: #F4CCCC | C7: Fel, saknad match eller manuellt beslut | D7: Kontrollrapport och statusrader
A8: Dokumentation | B8: #E7E6E6 | C8: Regel- och dokumentationsflikar | D8: Projektregler, Arbetsflöde, Dokumentation_*
A9: Import/referens | B9: #D9EAD3 | C9: Importerade eller externa källflikar | D9: Taxa_från_edp, Källa_Prislista_DH
A11: Border-standard | B11: Värde | C11: Användning | D11: Kommentar
A12: Rutnätslinjer | B12: #D9D9D9 | C12: Alla celler i använda tabellområden | D12: Tunn ljusgrå kant runt varje cell, både inne i och runt tabellen.
A13: Ytterkant | B13: #7F7F7F | C13: Runt hela tabellområden | D13: Tunn mörkare grå kant runt tabellens ytterkant.
... A15: Underrubrik i Taxepunkter | B15: #BDD7EE | C15: Rader där A har paragraf+text och B:E är tomma | D15: A:E sammanslaget, hela raden färgad och samma rutnät.

Sheet Dokumentation_Taxa_Saknas
A1: Kolumn | B1: Rubrik | C1: Typ | D1: Källa/beroende | E1: Regel/användning | F1: Får ändras manuellt
A2: A | B2: Källparagraf | C2: Arbetskolumn | D2: Word/Taxepunkter | E2: Paragraf där raden hör hemma. | F2: Ja
A3: B | B3: Källpunkt | C3: Arbetskolumn | D3: Granskningslista | E3: Punktnummer i löpande Word-Excel-kontroll om tillgängligt. | F3: Ja
A4: C | B4: Rad i Taxepunkter | C4: Arbetskolumn | D4: Taxepunkter | E4: Radnummer i Taxepunkter för felsökning. | F4: Ja
A5: D | B5: Wordtext | C5: Arbetskolumn | D5: Word | E5: Kort beskrivning av texten/raden i Word. | F5: Ja
A6: E | B6: Status | C6: Arbetskolumn | D6: Projektet | E6: Saknas i EDP, osäker, åtgärdad, etc. | F6: Ja
A7: F | B7: Matchmetod | C7: Arbetskolumn | D7: Projektet | E7: Hur förslaget togs fram: strTaxebenamning, strTaxedelAvser, kodregel, etc. | F7: Ja
A8: G | B8: FöreslagenTaxekod | C8: Förslag | D8: Taxekod_Tolkning/projektregler | E8: Taxekod som föreslås om ingen bekräftad EDP-kod finns. | F8: Ja
A9: H | B9: intRecnum | C9: Arbetsnyckel | D9: Taxepunkter | E9: Ska vara radnumret i Taxepunkter, inte EDP:s intRecnum. | F9: Ja
A10: I | B10: Taxepunkt | C10: Arbetskolumn | D10: Taxepunkter | E10: Paragrafnamn / Taxapunkt. | F10: Ja
A11: J:Y | B11: EDP-kolumner | C11: Importstruktur | D11: Taxa_från_edp | E11: Samma struktur som Taxa_från_edp för att kunna skapa/importera nya taxor. | F11: Ja, men följ EDP-format
A13: Automationsmall | B13: Rad 72:200 | C13: Typ | D13: Källa/beroende | E13: Regel/användning | F13: Får ändras manuellt
... A16: Automatiskt | B16: Övriga fält | C16: Formler | D16: Taxepunkter + standardvärden | E16: Kolumner A, D:F, H:Y fylls automatiskt utifrån C och G. | F16: Nej/vid behov

Sheet Dokumentation_Taxa_från_edp
A1: Kolumn | B1: Rubrik | C1: Användning i projektet | D1: Regel
A2: A | B2: intRecnum | C2: EDP:s interna rad-ID | D2: Läses som källdata men används inte som nyckel i Taxa_Saknas.
A3: B | B3: strTaxekod | C3: Primär nyckel för bekräftade taxor | D3: Taxakod i Taxepunkter måste vara exakt värdet härifrån.
A4: C | B4: strTaxebenamning | C4: Matchning och dokumentation | D4: Kontrolleras alltid innan nya taxor föreslås.
A5: D | B5: strProdukt | C5: EDP-produkt | D5: Behålls vid förslag i Taxa_Saknas där möjligt.
A6: E | B6: strDelProdukt | C6: EDP-delprodukt | D6: Används för kategori, t.ex. HUSH, ÅVC, SLAM.
A7: F | B7: bytDelradnr | C7: Delrad i EDP-taxa | D7: Nya föreslagna taxor får ofta 1 om endast en grundrad skapas.
A8: G | B8: strFaktor | C8: Faktor/beräkningsgrund | D8: Tolkning hämtas från Källa_Kvantitetskoder och Taxekod_Tolkning.
A9: H | B9: strTaxedelAvser | C9: Viktig matchningskolumn | D9: Används före frågor ställs. Ofta tydligast för vad delraden avser.
A10: K | B10: curNuvarandePris | C10: Aktuellt pris exkl. moms | D10: Enda källa till Aktuellt pris i Taxepunkter. Får inte ändras manuellt.
A11: Q | B11: strFormel | C11: Beräkningsformel/faktor | D11: Används för att förstå enhet och beräkning, t.ex. ANTB, VIKG, DR10.

Sheet Revision_Etapp1
A1: Kontrollpunkt | B1: Resultat | C1: Åtgärd/kommentar | D1: Status
A2: Flikstruktur | B2: Inventerad | C2: Flikarna är klassade i dokumentationsflikar, importflikar, arbetsflikar och rapportflikar. | D2: OK
A3: Formler | B3: Översiktligt kontrollerad | C3: Ingen #REF! hittad. #NAME? kan visas i artifact_tool pga XLOOKUP/evalueringsstöd men formler finns kvar. | D3: OK
A4: Taxepunkter kolumnstruktur | B4: Kontrollerad | C4: A:N används med Taxakod, Föreslagen Taxa, Aktuellt pris och Föreslaget pris. | D4: OK
A5: Taxa_Saknas struktur | B5: Kontrollerad | C5: Arbetskolumner + EDP-kolumner är dokumenterade. | D5: OK
A6: Kostnadsfria rader | B6: Åtgärdad | C6: Tre saknade kostnadsfria rader är tillagda i Taxepunkter och Taxa_Saknas. | D6: OK
A7: Aktuellt pris | B7: Regel dokumenterad | C7: Aktuellt pris hämtas endast från Taxa_från_edp. | D7: OK
A8: DH-priser | B8: Regel dokumenterad | C8: Källa_Prislista_DH får bara användas för detaljhandel. | D8: OK
A9: Färgstandard | B9: Skapad | C9: Färgstandard-flik finns och färger är tillämpade på centrala flikar. | D9: OK
A10: Datavalidering | B10: Ej fullrevision | C10: Dropdown i Taxakod bör kontrolleras mer detaljerat i nästa revision. | D10: Nästa revision
A11: Villkorsstyrd formatering | B11: Ej fullrevision | C11: Inventeras i nästa tekniska revision vid behov. | D11: Nästa revision
A13: Underrubriker i Taxepunkter | B13: Åtgärdad | C13: Rader med endast text i kolumn A har formaterats som sammanslagna underrubriker A:E. | D13: OK
A14: Taxerader A:E | B14: Åtgärdad | C14: Vanliga taxerader har vit bakgrund i A:E. | D14: OK

Sheet Revision_Formler_DV
A1: Område | B1: Kontroll | C1: Resultat | D1: Kommentar
A2: Taxepunkter G | B2: Föreslagen Taxa | C2: OK | D2: Visar Taxakod om F finns, annars XLOOKUP mot Taxa_Saknas intRecnum/H och FöreslagenTaxekod/G.
A3: Taxepunkter H | B3: Taxabeskrivning | C3: OK | D3: Hämtas från Taxa_från_edp strTaxebenamning via Taxakod.
A4: Taxepunkter I | B4: Faktor | C4: OK | D4: Hämtas från Taxa_från_edp strFaktor via Taxakod.
A5: Taxepunkter J | B5: Aktuellt pris | C5: OK | D5: Hämtas från Taxa_från_edp curNuvarandePris via Taxakod. Ska inte redigeras manuellt.
A6: Taxepunkter M | B6: Pris inkl. moms | C6: OK | D6: Beräknar J*1,25 eller K*1,25 om J saknas.
A7: Taxepunkter N | B7: Intäkt exkl. moms | C7: OK | D7: Beräknar L*J eller L*K om J saknas.
A8: Taxepunkter F | B8: Datavalidering | C8: OK | D8: Dropdown mot Taxa_från_edp!$B$2:$B$371 tillagd på F7:F370.
A9: Taxa_Saknas 72:200 | B9: Automationsmall | C9: OK | D9: Fyll Rad i Taxepunkter i C och FöreslagenTaxekod i G. Övriga fält fylls med formler.

Sheet 00_MasterInfo
A1: Fält | B1: Värde
A2: Masterversion | B2: v0.9.4_draft_sorsele_edp
A3: Status | B3: Draft
A4: Skapad | B4: 2026-07-07
A5: Baserad på | B5: ArbetsExcel_Reference_v0.9.4_taxepunkter_facit.xlsx
A6: EDP-export inläst | B6: Sorsele taxor.xlsx
A7: EDP-flik | B7: Taxa_från_edp
A8: EDP-rader inklusive header | B8: 277
A9: EDP-datarader | B9: 276
A10: Ändring | B10: Taxa_från_edp har ersatts med Sorseles EDP-export. Taxepunkter behålls från facitversionen.
A11: Viktig regel | B11: Taxa_från_edp är facit och får aldrig ändras automatiskt.
A12: Viktig regel | B12: Standardtaxor används endast som beslutsstöd.
A13: Viktig regel | B13: Denna fil är draft och inte låst v1.0.

Sheet EDP_Import_Logg
A1: Kontroll | B1: Värde
A2: Importerad fil | B2: Sorsele taxor.xlsx
A3: Källa | B3: Blad1!A2:Q278
A4: Målflik | B4: Taxa_från_edp
A5: Header | B5: Rad 2 i Sorsele-exporten har lagts på rad 1 i Taxa_från_edp
A6: Datarader | B6: 276
A7: Första taxekod | B7: A
A8: Sista taxekod | B8: ÄNDRING
A9: Taxepunkter | B9: Behållna från facitversionen
A10: Taxa_från_edp | B10: Ersatt med Sorsele
