Workbook
Name Factors_TK00001: #REF!
Name Factors_TK00002: #REF!
Name Factors_TK00003: #REF!
Name Factors_TK00004: #REF!
Name Factors_TK00005: #REF!
Name Factors_TK00006: #REF!
Name Factors_TK00007: #REF!
Name Factors_TK00008: #REF!
Name Factors_TK00009: #REF!
Name Factors_TK00010: #REF!
Name Factors_TK00011: #REF!
Name Factors_TK00012: #REF!
Name Factors_TK00013: #REF!
Name Factors_TK00014: #REF!
Name Factors_TK00015: #REF!
Name Factors_TK00016: #REF!
Name Factors_TK00017: #REF!
Name Factors_TK00018: #REF!
Name Factors_TK00019: #REF!
Name Factors_TK00020: #REF!
Name Factors_TK00021: #REF!
Name Factors_TK00022: #REF!
Name Factors_TK00023: #REF!
Name Factors_TK00024: #REF!
Name Factors_TK00025: #REF!
Name Factors_TK00026: #REF!
Name Factors_TK00027: #REF!
Name Factors_TK00028: #REF!
Name Factors_TK00029: #REF!
Name Factors_TK00030: #REF!
Name Factors_TK00031: #REF!
Name Factors_TK00032: #REF!
Name Factors_TK00033: #REF!
Name Factors_TK00034: #REF!
Name Factors_TK00035: #REF!
Name Factors_TK00036: #REF!
Name Factors_TK00037: #REF!
Name Factors_TK00038: #REF!
Name Factors_TK00039: #REF!
Name Factors_TK00040: #REF!
Name Factors_TK00041: #REF!
Name Factors_TK00042: #REF!
Name Factors_TK00043: #REF!
Name Factors_TK00044: #REF!
Name Factors_TK00045: #REF!
Name Factors_TK00046: #REF!
Name Factors_TK00047: #REF!
Name Factors_TK00048: #REF!
Name Factors_TK00049: #REF!
Name Factors_TK00050: #REF!
Name Factors_TK00051: #REF!
Name Factors_TK00052: #REF!
Name Factors_TK00053: #REF!
Name Factors_TK00054: #REF!
Name Factors_TK00055: #REF!
Name Factors_TK00056: #REF!
Name Factors_TK00057: #REF!
Name Factors_TK00058: #REF!
Name Factors_TK00059: #REF!
Name Factors_TK00060: #REF!

Sheet Dashboard
A1: Dashboard – Intäktsmodell
A3: Total intäkt (kr) | B3: =SUM(Taxepunkter_Rådata!K:K) -> 0
A4: Antal taxerader (rådata) | B4: =COUNTA(Taxepunkter_Rådata!A:A)-1 -> 291
A5: Saknade priser (tomma) | B5: =COUNTIF(Taxepunkter_Rådata!J:J,"")-1 -> 1048551
A6: Andel ifyllda priser | B6: =IF(B4=0,"",1-(B5/B4)) -> -3602.268
A7: Rader med Antal > 0 men saknar pris | B7: =COUNTIFS(Taxepunkter_Rådata!I:I,">0",Taxepunkter_Rådata!J:J,"") -> 0
A9: Datakontroll | B9: =IF(Kontroller!C5="OK","OK","VARNING") -> VARNING

Sheet Taxepunkter
B1: XX kommuns avfallstaxa – fullständig kalkyl (intäkter)
B2: Matriser expanderas: en rad per (Taxapunkt × Variant). §6: Taxapunkt kompletteras med Avfallskod, UN-nummer blir Variant och Enhet tas från enhetskolumn.
A5: Paragraf | B5: Paragrafnamn | C5: Taxapunkt | D5: Variant | E5: Enhet | F5: Taxakod | G5: Föreslagen Taxa | H5: Taxabeskrivning | I5: Faktor | J5: Aktuellt pris (exkl m) | K5: Föreslaget pris | L5: Antal | M5: Pris kr (inkl.) | N5: Intäkt (kr) exkl
A6: §2.1 Grundavgift
A7: §2.1 | B7: Grundavgift | C7: En- och tvåbostadshus | E7: st/år | F7: GRUNDSMÅ | G7: =IF($F7<>"",$F7,IFERROR(_xlfn.XLOOKUP(ROW(),Taxa_Saknas!$H:$H,Taxa_Saknas!$G:$G),"")) -> GRUNDSMÅ | H7: =IF($F7<>"",IFERROR(_xlfn.XLOOKUP($F7,Taxa_från_edp!$B:$B,Taxa_från_edp!C:C),""),"") -> Grundavgift, småhus 1- och 2 familjshus | I7: =IF($F7<>"",IFERROR(_xlfn.XLOOKUP($F7,Taxa_från_edp!$B:$B,Taxa_från_edp!G:G),""),"") -> ÅRKV | J7: =IF($F7<>"",IFERROR(_xlfn.XLOOKUP($F7,Taxa_från_edp!$B:$B,Taxa_från_edp!K:K),""),"") -> 1320 | M7: =IFERROR(IF(J7<>"",J7*1.25,IF(K7<>"",K7*1.25,"")),"") -> 1650 | N7: =IFERROR(IF(J7<>"",L7*J7,IF(K7<>"",L7*K7,"")),"") -> 0
A8: §2.1 | B8: Grundavgift | C8: Fritidshus | E8: st/år | F8: GRUNDFRI | G8: =IF($F8<>"",$F8,IFERROR(_xlfn.XLOOKUP(ROW(),Taxa_Saknas!$H:$H,Taxa_Saknas!$G:$G),"")) -> GRUNDFRI | H8: =IF($F8<>"",IFERROR(_xlfn.XLOOKUP($F8,Taxa_från_edp!$B:$B,Taxa_från_edp!C:C),""),"") -> Grundavgift, fritidshus | I8: =IF($F8<>"",IFERROR(_xlfn.XLOOKUP($F8,Taxa_från_edp!$B:$B,Taxa_från_edp!G:G),""),"") -> ÅRKV | J8: =IF($F8<>"",IFERROR(_xlfn.XLOOKUP($F8,Taxa_från_edp!$B:$B,Taxa_från_edp!K:K),""),"") -> 1000 | M8: =IFERROR(IF(J8<>"",J8*1.25,IF(K8<>"",K8*1.25,"")),"") -> 1250 | N8: =IFERROR(IF(J8<>"",L8*J8,IF(K8<>"",L8*K8,"")),"") -> 0
A9: §2.1 | B9: Grundavgift | C9: Verksamhet | E9: st/år | F9: GRUNDVHT | G9: =IF($F9<>"",$F9,IFERROR(_xlfn.XLOOKUP(ROW(),Taxa_Saknas!$H:$H,Taxa_Saknas!$G:$G),"")) -> GRUNDVHT | H9: =IF($F9<>"",IFERROR(_xlfn.XLOOKUP($F9,Taxa_från_edp!$B:$B,Taxa_från_edp!C:C),""),"") -> Grundavgift, verksamheter | I9: =IF($F9<>"",IFERROR(_xlfn.XLOOKUP($F9,Taxa_från_edp!$B:$B,Taxa_från_edp!G:G),""),"") -> ÅRKV | J9: =IF($F9<>"",IFERROR(_xlfn.XLOOKUP($F9,Taxa_från_edp!$B:$B,Taxa_från_edp!K:K),""),"") -> 1000 | M9: =IFERROR(IF(J9<>"",J9*1.25,IF(K9<>"",K9*1.25,"")),"") -> 1250 | N9: =IFERROR(IF(J9<>"",L9*J9,IF(K9<>"",L9*K9,"")),"") -> 0
A10: §2.1 | B10: Grundavgift | C10: Lägenhet i flerbostadshus | E10: st/år | F10: GRUNDFLB | G10: =IF($F10<>"",$F10,IFERROR(_xlfn.XLOOKUP(ROW(),Taxa_Saknas!$H:$H,Taxa_Saknas!$G:$G),"")) -> GRUNDFLB | H10: =IF($F10<>"",IFERROR(_xlfn.XLOOKUP($F10,Taxa_från_edp!$B:$B,Taxa_från_edp!C:C),""),"") -> Grundavgift, del i flerbostadshus | I10: =IF($F10<>"",IFERROR(_xlfn.XLOOKUP($F10,Taxa_från_edp!$B:$B,Taxa_från_edp!G:G),""),"") -> ÅRKV | J10: =IF($F10<>"",IFERROR(_xlfn.XLOOKUP($F10,Taxa_från_edp!$B:$B,Taxa_från_edp!K:K),""),"") -> 640 | M10: =IFERROR(IF(J10<>"",J10*1.25,IF(K10<>"",K10*1.25,"")),"") -> 800 | N10: =IFERROR(IF(J10<>"",L10*J10,IF(K10<>"",L10*K10,"")),"") -> 0
A11: §2.1 | B11: Grundavgift | C11: Lägenhet för specialändamål | E11: st/år | F11: GRUNDSPEC | G11: =IF($F11<>"",$F11,IFERROR(_xlfn.XLOOKUP(ROW(),Taxa_Saknas!$H:$H,Taxa_Saknas!$G:$G),"")) -> GRUNDSPEC | H11: =IF($F11<>"",IFERROR(_xlfn.XLOOKUP($F11,Taxa_från_edp!$B:$B,Taxa_från_edp!C:C),""),"") | I11: =IF($F11<>"",IFERROR(_xlfn.XLOOKUP($F11,Taxa_från_edp!$B:$B,Taxa_från_edp!G:G),""),"") | J11: =IF($F11<>"",IFERROR(_xlfn.XLOOKUP($F11,Taxa_från_edp!$B:$B,Taxa_från_edp!K:K),""),"") | M11: =IFERROR(IF(J11<>"",J11*1.25,IF(K11<>"",K11*1.25,"")),"") | N11: =IFERROR(IF(J11<>"",L11*J11,IF(K11<>"",L11*K11,"")),"")
A12: §2.1 | B12: Grundavgift | C12: Anläggning | E12: st/år | F12: GRUNDANL | G12: =IF($F12<>"",$F12,IFERROR(_xlfn.XLOOKUP(ROW(),Taxa_Saknas!$H:$H,Taxa_Saknas!$G:$G),"")) -> GRUNDANL | H12: =IF($F12<>"",IFERROR(_xlfn.XLOOKUP($F12,Taxa_från_edp!$B:$B,Taxa_från_edp!C:C),""),"") | I12: =IF($F12<>"",IFERROR(_xlfn.XLOOKUP($F12,Taxa_från_edp!$B:$B,Taxa_från_edp!G:G),""),"") | J12: =IF($F12<>"",IFERROR(_xlfn.XLOOKUP($F12,Taxa_från_edp!$B:$B,Taxa_från_edp!K:K),""),"") | M12: =IFERROR(IF(J12<>"",J12*1.25,IF(K12<>"",K12*1.25,"")),"") | N12: =IFERROR(IF(J12<>"",L12*J12,IF(K12<>"",L12*K12,"")),"")
A13: §2.1 | B13: Grundavgift | C13: Säsongsbaserad uppställningsplats | E13: st/år | F13: GRUNDSÄS | G13: =IF($F13<>"",$F13,IFERROR(_xlfn.XLOOKUP(ROW(),Taxa_Saknas!$H:$H,Taxa_Saknas!$G:$G),"")) -> GRUNDSÄS | H13: =IF($F13<>"",IFERROR(_xlfn.XLOOKUP($F13,Taxa_från_edp!$B:$B,Taxa_från_edp!C:C),""),"") | I13: =IF($F13<>"",IFERROR(_xlfn.XLOOKUP($F13,Taxa_från_edp!$B:$B,Taxa_från_edp!G:G),""),"") | J13: =IF($F13<>"",IFERROR(_xlfn.XLOOKUP($F13,Taxa_från_edp!$B:$B,Taxa_från_edp!K:K),""),"") | M13: =IFERROR(IF(J13<>"",J13*1.25,IF(K13<>"",K13*1.25,"")),"") | N13: =IFERROR(IF(J13<>"",L13*J13,IF(K13<>"",L13*K13,"")),"")
A14: §2.1 | B14: Grundavgift | C14: Campingstuga/-lägenhet | E14: st/år | F14: GRUNDCAMP | G14: =IF($F14<>"",$F14,IFERROR(_xlfn.XLOOKUP(ROW(),Taxa_Saknas!$H:$H,Taxa_Saknas!$G:$G),"")) -> GRUNDCAMP | H14: =IF($F14<>"",IFERROR(_xlfn.XLOOKUP($F14,Taxa_från_edp!$B:$B,Taxa_från_edp!C:C),""),"") | I14: =IF($F14<>"",IFERROR(_xlfn.XLOOKUP($F14,Taxa_från_edp!$B:$B,Taxa_från_edp!G:G),""),"") | J14: =IF($F14<>"",IFERROR(_xlfn.XLOOKUP($F14,Taxa_från_edp!$B:$B,Taxa_från_edp!K:K),""),"") | M14: =IFERROR(IF(J14<>"",J14*1.25,IF(K14<>"",K14*1.25,"")),"") | N14: =IFERROR(IF(J14<>"",L14*J14,IF(K14<>"",L14*K14,"")),"")
A15: §2.1 | B15: Grundavgift | C15: Administrativ avgift vid beviljad dispens om uppehåll i hämtning eller eget omhändertagande av avfall under kommunalt ansvar | E15: st/år | F15: ADMINDISP | G15: =IF($F15<>"",$F15,IFERROR(_xlfn.XLOOKUP(ROW(),Taxa_Saknas!$H:$H,Taxa_Saknas!$G:$G),"")) -> ADMINDISP | H15: =IF($F15<>"",IFERROR(_xlfn.XLOOKUP($F15,Taxa_från_edp!$B:$B,Taxa_från_edp!C:C),""),"") | I15: =IF($F15<>"",IFERROR(_xlfn.XLOOKUP($F15,Taxa_från_edp!$B:$B,Taxa_från_edp!G:G),""),"") | J15: =IF($F15<>"",IFERROR(_xlfn.XLOOKUP($F15,Taxa_från_edp!$B:$B,Taxa_från_edp!K:K),""),"") | M15: =IFERROR(IF(J15<>"",J15*1.25,IF(K15<>"",K15*1.25,"")),"") | N15: =IFERROR(IF(J15<>"",L15*J15,IF(K15<>"",L15*K15,"")),"")
A16: §2.1 | G16: =IF($F16<>"",$F16,IFERROR(_xlfn.XLOOKUP(ROW(),Taxa_Saknas!$H:$H,Taxa_Saknas!$G:$G),"")) | H16: =IF($F16<>"",IFERROR(_xlfn.XLOOKUP($F16,Taxa_från_edp!$B:$B,Taxa_från_edp!C:C),""),"") | I16: =IF($F16<>"",IFERROR(_xlfn.XLOOKUP($F16,Taxa_från_edp!$B:$B,Taxa_från_edp!G:G),""),"") | J16: =IF($F16<>"",IFERROR(_xlfn.XLOOKUP($F16,Taxa_från_edp!$B:$B,Taxa_från_edp!K:K),""),"") | M16: =IFERROR(IF(J16<>"",J16*1.25,IF(K16<>"",K16*1.25,"")),"") | N16: =IFERROR(IF(J16<>"",L16*J16,IF(K16<>"",L16*K16,"")),"")
A17: §2.2.1 Hämtningsavgift per år för en- och tvåbostadshus | G17: =IF($F17<>"",$F17,IFERROR(_xlfn.XLOOKUP(ROW(),Taxa_Saknas!$H:$H,Taxa_Saknas!$G:$G),"")) | H17: =IF($F17<>"",IFERROR(_xlfn.XLOOKUP($F17,Taxa_från_edp!$B:$B,Taxa_från_edp!C:C),""),"") | I17: =IF($F17<>"",IFERROR(_xlfn.XLOOKUP($F17,Taxa_från_edp!$B:$B,Taxa_från_edp!G:G),""),"") | J17: =IF($F17<>"",IFERROR(_xlfn.XLOOKUP($F17,Taxa_från_edp!$B:$B,Taxa_från_edp!K:K),""),"") | M17: =IFERROR(IF(J17<>"",J17*1.25,IF(K17<>"",K17*1.25,"")),"") | N17: =IFERROR(IF(J17<>"",L17*J17,IF(K17<>"",L17*K17,"")),"")
A18: §2.2.1 | B18: Hämtningsavgift per år för en- och tvåbostadshus | C18: Kärl 240 l (mat-/restavfall) | D18: Hämtning var 14:e dag | E18: st/år | F18: KÄ240RM26 | G18: =IF($F18<>"",$F18,IFERROR(_xlfn.XLOOKUP(ROW(),Taxa_Saknas!$H:$H,Taxa_Saknas!$G:$G),"")) -> KÄ240RM26 | H18: =IF($F18<>"",IFERROR(_xlfn.XLOOKUP($F18,Taxa_från_edp!$B:$B,Taxa_från_edp!C:C),""),"") -> Tvåfackskärl 240L, rest/matavfall. Var 14:e dag | I18: =IF($F18<>"",IFERROR(_xlfn.XLOOKUP($F18,Taxa_från_edp!$B:$B,Taxa_från_edp!G:G),""),"") -> ÅRKV | J18: =IF($F18<>"",IFERROR(_xlfn.XLOOKUP($F18,Taxa_från_edp!$B:$B,Taxa_från_edp!K:K),""),"") -> 680 | M18: =IFERROR(IF(J18<>"",J18*1.25,IF(K18<>"",K18*1.25,"")),"") -> 850 | N18: =IFERROR(IF(J18<>"",L18*J18,IF(K18<>"",L18*K18,"")),"") -> 0
A19: §2.2.1 | B19: Hämtningsavgift per år för en- och tvåbostadshus | C19: Kärl 240 l (mat-/restavfall) | D19: Hämtning månadsvis | E19: st/år | F19: KÄ240RM12 | G19: =IF($F19<>"",$F19,IFERROR(_xlfn.XLOOKUP(ROW(),Taxa_Saknas!$H:$H,Taxa_Saknas!$G:$G),"")) -> KÄ240RM12 | H19: =IF($F19<>"",IFERROR(_xlfn.XLOOKUP($F19,Taxa_från_edp!$B:$B,Taxa_från_edp!C:C),""),"") | I19: =IF($F19<>"",IFERROR(_xlfn.XLOOKUP($F19,Taxa_från_edp!$B:$B,Taxa_från_edp!G:G),""),"") | J19: =IF($F19<>"",IFERROR(_xlfn.XLOOKUP($F19,Taxa_från_edp!$B:$B,Taxa_från_edp!K:K),""),"") | M19: =IFERROR(IF(J19<>"",J19*1.25,IF(K19<>"",K19*1.25,"")),"") | N19: =IFERROR(IF(J19<>"",L19*J19,IF(K19<>"",L19*K19,"")),"")
A20: §2.2.1 | B20: Hämtningsavgift per år för en- och tvåbostadshus | C20: Extrakärl 190 l (restavfall) | D20: Hämtning var 14:e dag | E20: st/år | F20: KÄ190XRM26 | G20: =IF($F20<>"",$F20,IFERROR(_xlfn.XLOOKUP(ROW(),Taxa_Saknas!$H:$H,Taxa_Saknas!$G:$G),"")) -> KÄ190XRM26 | H20: =IF($F20<>"",IFERROR(_xlfn.XLOOKUP($F20,Taxa_från_edp!$B:$B,Taxa_från_edp!C:C),""),"") -> Kärl 120-190L extrakärl, rest/matavfall. Var 14:e dag | I20: =IF($F20<>"",IFERROR(_xlfn.XLOOKUP($F20,Taxa_från_edp!$B:$B,Taxa_från_edp!G:G),""),"") -> ÅRKV | J20: =IF($F20<>"",IFERROR(_xlfn.XLOOKUP($F20,Taxa_från_edp!$B:$B,Taxa_från_edp!K:K),""),"") -> 680 | M20: =IFERROR(IF(J20<>"",J20*1.25,IF(K20<>"",K20*1.25,"")),"") -> 850 | N20: =IFERROR(IF(J20<>"",L20*J20,IF(K20<>"",L20*K20,"")),"") -> 0
A21: §2.2.1 | B21: Hämtningsavgift per år för en- och tvåbostadshus | C21: Extrakärl 190 l (restavfall) | D21: Hämtning månadsvis | E21: st/år | F21: KÄ190XRM12 | G21: =IF($F21<>"",$F21,IFERROR(_xlfn.XLOOKUP(ROW(),Taxa_Saknas!$H:$H,Taxa_Saknas!$G:$G),"")) -> KÄ190XRM12 | H21: =IF($F21<>"",IFERROR(_xlfn.XLOOKUP($F21,Taxa_från_edp!$B:$B,Taxa_från_edp!C:C),""),"") | I21: =IF($F21<>"",IFERROR(_xlfn.XLOOKUP($F21,Taxa_från_edp!$B:$B,Taxa_från_edp!G:G),""),"") | J21: =IF($F21<>"",IFERROR(_xlfn.XLOOKUP($F21,Taxa_från_edp!$B:$B,Taxa_från_edp!K:K),""),"") | M21: =IFERROR(IF(J21<>"",J21*1.25,IF(K21<>"",K21*1.25,"")),"") | N21: =IFERROR(IF(J21<>"",L21*J21,IF(K21<>"",L21*K21,"")),"")
A22: §2.2.1 | M22: =IFERROR(IF(J22<>"",J22*1.25,IF(K22<>"",K22*1.25,"")),"") | N22: =IFERROR(IF(J22<>"",L22*J22,IF(K22<>"",L22*K22,"")),"")
A23: §2.2.1 | G23: =IF($F23<>"",$F23,IFERROR(_xlfn.XLOOKUP(ROW(),Taxa_Saknas!$H:$H,Taxa_Saknas!$G:$G),"")) | H23: =IF($F23<>"",IFERROR(_xlfn.XLOOKUP($F23,Taxa_från_edp!$B:$B,Taxa_från_edp!C:C),""),"") | I23: =IF($F23<>"",IFERROR(_xlfn.XLOOKUP($F23,Taxa_från_edp!$B:$B,Taxa_från_edp!G:G),""),"") | J23: =IF($F23<>"",IFERROR(_xlfn.XLOOKUP($F23,Taxa_från_edp!$B:$B,Taxa_från_edp!K:K),""),"") | M23: =IFERROR(IF(J23<>"",J23*1.25,IF(K23<>"",K23*1.25,"")),"") | N23: =IFERROR(IF(J23<>"",L23*J23,IF(K23<>"",L23*K23,"")),"")
A24: §2.2.2 Hämtningsavgift per år för fritidshus | G24: =IF($F24<>"",$F24,IFERROR(_xlfn.XLOOKUP(ROW(),Taxa_Saknas!$H:$H,Taxa_Saknas!$G:$G),"")) | H24: =IF($F24<>"",IFERROR(_xlfn.XLOOKUP($F24,Taxa_från_edp!$B:$B,Taxa_från_edp!C:C),""),"") | I24: =IF($F24<>"",IFERROR(_xlfn.XLOOKUP($F24,Taxa_från_edp!$B:$B,Taxa_från_edp!G:G),""),"") | J24: =IF($F24<>"",IFERROR(_xlfn.XLOOKUP($F24,Taxa_från_edp!$B:$B,Taxa_från_edp!K:K),""),"") | M24: =IFERROR(IF(J24<>"",J24*1.25,IF(K24<>"",K24*1.25,"")),"") | N24: =IFERROR(IF(J24<>"",L24*J24,IF(K24<>"",L24*K24,"")),"")
A25: §2.2.2 | B25: Hämtningsavgift per år för fritidshus | C25: Kärl 240 l (mat-/restavfall) | D25: Hämtning var 14:e dag | E25: st/år | F25: KÄ240RM26FRI | G25: =IF($F25<>"",$F25,IFERROR(_xlfn.XLOOKUP(ROW(),Taxa_Saknas!$H:$H,Taxa_Saknas!$G:$G),"")) -> KÄ240RM26FRI | H25: =IF($F25<>"",IFERROR(_xlfn.XLOOKUP($F25,Taxa_från_edp!$B:$B,Taxa_från_edp!C:C),""),"") -> Tvåfackskärl 240L, rest/matavfall. Var 14:e dag fritidshus | I25: =IF($F25<>"",IFERROR(_xlfn.XLOOKUP($F25,Taxa_från_edp!$B:$B,Taxa_från_edp!G:G),""),"") -> ÅRKV | J25: =IF($F25<>"",IFERROR(_xlfn.XLOOKUP($F25,Taxa_från_edp!$B:$B,Taxa_från_edp!K:K),""),"") -> 680 | M25: =IFERROR(IF(J25<>"",J25*1.25,IF(K25<>"",K25*1.25,"")),"") -> 850 | N25: =IFERROR(IF(J25<>"",L25*J25,IF(K25<>"",L25*K25,"")),"") -> 0
A26: §2.2.2 | B26: Hämtningsavgift per år för fritidshus | C26: Kärl 240 l (mat-/restavfall) | D26: Hämtning månadsvis | E26: st/år | F26: KÄ240RM12FRI | G26: =IF($F26<>"",$F26,IFERROR(_xlfn.XLOOKUP(ROW(),Taxa_Saknas!$H:$H,Taxa_Saknas!$G:$G),"")) -> KÄ240RM12FRI | H26: =IF($F26<>"",IFERROR(_xlfn.XLOOKUP($F26,Taxa_från_edp!$B:$B,Taxa_från_edp!C:C),""),"") | I26: =IF($F26<>"",IFERROR(_xlfn.XLOOKUP($F26,Taxa_från_edp!$B:$B,Taxa_från_edp!G:G),""),"") | J26: =IF($F26<>"",IFERROR(_xlfn.XLOOKUP($F26,Taxa_från_edp!$B:$B,Taxa_från_edp!K:K),""),"") | M26: =IFERROR(IF(J26<>"",J26*1.25,IF(K26<>"",K26*1.25,"")),"") | N26: =IFERROR(IF(J26<>"",L26*J26,IF(K26<>"",L26*K26,"")),"")
A27: §2.2.2 | B27: Hämtningsavgift per år för fritidshus | C27: Extrakärl 190 l (restavfall) | D27: Hämtning var 14:e dag | E27: st/år | F27: KÄ190XRM26FRI | G27: =IF($F27<>"",$F27,IFERROR(_xlfn.XLOOKUP(ROW(),Taxa_Saknas!$H:$H,Taxa_Saknas!$G:$G),"")) -> KÄ190XRM26FRI | H27: =IF($F27<>"",IFERROR(_xlfn.XLOOKUP($F27,Taxa_från_edp!$B:$B,Taxa_från_edp!C:C),""),"") | I27: =IF($F27<>"",IFERROR(_xlfn.XLOOKUP($F27,Taxa_från_edp!$B:$B,Taxa_från_edp!G:G),""),"") | J27: =IF($F27<>"",IFERROR(_xlfn.XLOOKUP($F27,Taxa_från_edp!$B:$B,Taxa_från_edp!K:K),""),"") | M27: =IFERROR(IF(J27<>"",J27*1.25,IF(K27<>"",K27*1.25,"")),"") | N27: =IFERROR(IF(J27<>"",L27*J27,IF(K27<>"",L27*K27,"")),"")
A28: §2.2.2 | M28: =IFERROR(IF(J28<>"",J28*1.25,IF(K28<>"",K28*1.25,"")),"") | N28: =IFERROR(IF(J28<>"",L28*J28,IF(K28<>"",L28*K28,"")),"")
A29: §2.2.2 | B29: Hämtningsavgift per år för fritidshus | C29: Kärl 370 l (papper-/plastförpackningar) | D29: Kostnadsfritt | E29: st/år | F29: KÄ370FP | G29: =IF($F29<>"",$F29,IFERROR(_xlfn.XLOOKUP(ROW(),Taxa_Saknas!$H:$H,Taxa_Saknas!$G:$G),"")) -> KÄ370FP | H29: =IF($F29<>"",IFERROR(_xlfn.XLOOKUP($F29,Taxa_från_edp!$B:$B,Taxa_från_edp!C:C),""),"") | I29: =IF($F29<>"",IFERROR(_xlfn.XLOOKUP($F29,Taxa_från_edp!$B:$B,Taxa_från_edp!G:G),""),"") | J29: =IF($F29<>"",IFERROR(_xlfn.XLOOKUP($F29,Taxa_från_edp!$B:$B,Taxa_från_edp!K:K),""),"") | M29: =IFERROR(IF(J29<>"",J29*1.25,IF(K29<>"",K29*1.25,"")),"") | N29: =IFERROR(IF(J29<>"",L29*J29,IF(K29<>"",L29*K29,"")),"")
A30: §2.2.2 | G30: =IF($F30<>"",$F30,IFERROR(_xlfn.XLOOKUP(ROW(),Taxa_Saknas!$H:$H,Taxa_Saknas!$G:$G),"")) | H30: =IF($F30<>"",IFERROR(_xlfn.XLOOKUP($F30,Taxa_från_edp!$B:$B,Taxa_från_edp!C:C),""),"") | I30: =IF($F30<>"",IFERROR(_xlfn.XLOOKUP($F30,Taxa_från_edp!$B:$B,Taxa_från_edp!G:G),""),"") | J30: =IF($F30<>"",IFERROR(_xlfn.XLOOKUP($F30,Taxa_från_edp!$B:$B,Taxa_från_edp!K:K),""),"") | M30: =IFERROR(IF(J30<>"",J30*1.25,IF(K30<>"",K30*1.25,"")),"") | N30: =IFERROR(IF(J30<>"",L30*J30,IF(K30<>"",L30*K30,"")),"")
A31: §2.2.3 Gemensam uppsamlingsplats inom hämtningsområde X | G31: =IF($F31<>"",$F31,IFERROR(_xlfn.XLOOKUP(ROW(),Taxa_Saknas!$H:$H,Taxa_Saknas!$G:$G),"")) | H31: =IF($F31<>"",IFERROR(_xlfn.XLOOKUP($F31,Taxa_från_edp!$B:$B,Taxa_från_edp!C:C),""),"") | I31: =IF($F31<>"",IFERROR(_xlfn.XLOOKUP($F31,Taxa_från_edp!$B:$B,Taxa_från_edp!G:G),""),"") | J31: =IF($F31<>"",IFERROR(_xlfn.XLOOKUP($F31,Taxa_från_edp!$B:$B,Taxa_från_edp!K:K),""),"") | M31: =IFERROR(IF(J31<>"",J31*1.25,IF(K31<>"",K31*1.25,"")),"") | N31: =IFERROR(IF(J31<>"",L31*J31,IF(K31<>"",L31*K31,"")),"")
A32: §2.2.3 | B32: Gemensam uppsamlingsplats inom hämtningsområde X | C32: Gemensam uppsamlingsplats för mat-/restavfall | E32: st/år | F32: GEMUPPFRI | G32: =IF($F32<>"",$F32,IFERROR(_xlfn.XLOOKUP(ROW(),Taxa_Saknas!$H:$H,Taxa_Saknas!$G:$G),"")) -> GEMUPPFRI | H32: =IF($F32<>"",IFERROR(_xlfn.XLOOKUP($F32,Taxa_från_edp!$B:$B,Taxa_från_edp!C:C),""),"") -> Gemensam uppsamlingsplats, fritidshus | I32: =IF($F32<>"",IFERROR(_xlfn.XLOOKUP($F32,Taxa_från_edp!$B:$B,Taxa_från_edp!G:G),""),"") -> ÅRKV | J32: =IF($F32<>"",IFERROR(_xlfn.XLOOKUP($F32,Taxa_från_edp!$B:$B,Taxa_från_edp!K:K),""),"") -> 600 | M32: =IFERROR(IF(J32<>"",J32*1.25,IF(K32<>"",K32*1.25,"")),"") -> 750 | N32: =IFERROR(IF(J32<>"",L32*J32,IF(K32<>"",L32*K32,"")),"") -> 0
A33: §2.2.3 | B33: Gemensam uppsamlingsplats inom hämtningsområde X | C33: Gemensam uppsamlingsplats för förpackningar | D33: Kostnadsfritt | E33: st/år | F33: GEMUPPFRI | G33: =IF($F33<>"",$F33,IFERROR(_xlfn.XLOOKUP(ROW(),Taxa_Saknas!$H:$H,Taxa_Saknas!$G:$G),"")) -> GEMUPPFRI | H33: =IF($F33<>"",IFERROR(_xlfn.XLOOKUP($F33,Taxa_från_edp!$B:$B,Taxa_från_edp!C:C),""),"") -> Gemensam uppsamlingsplats, fritidshus | I33: =IF($F33<>"",IFERROR(_xlfn.XLOOKUP($F33,Taxa_från_edp!$B:$B,Taxa_från_edp!G:G),""),"") -> ÅRKV | J33: =IF($F33<>"",IFERROR(_xlfn.XLOOKUP($F33,Taxa_från_edp!$B:$B,Taxa_från_edp!K:K),""),"") -> 600 | M33: =IFERROR(IF(J33<>"",J33*1.25,IF(K33<>"",K33*1.25,"")),"") -> 750 | N33: =IFERROR(IF(J33<>"",L33*J33,IF(K33<>"",L33*K33,"")),"") -> 0
A34: §2.2.3 | B34: Gemensam uppsamlingsplats inom hämtningsområde X | C34: Extra digital licens (årskostnad) | E34: st/år | F34: GEMUPPEXTRAFRI | G34: =IF($F34<>"",$F34,IFERROR(_xlfn.XLOOKUP(ROW(),Taxa_Saknas!$H:$H,Taxa_Saknas!$G:$G),"")) -> GEMUPPEXTRAFRI | H34: =IF($F34<>"",IFERROR(_xlfn.XLOOKUP($F34,Taxa_från_edp!$B:$B,Taxa_från_edp!C:C),""),"") -> Extra mobilnyckel till Gemensam uppsamlingsplats, fritidshus | I34: =IF($F34<>"",IFERROR(_xlfn.XLOOKUP($F34,Taxa_från_edp!$B:$B,Taxa_från_edp!G:G),""),"") -> ÅRPR | J34: =IF($F34<>"",IFERROR(_xlfn.XLOOKUP($F34,Taxa_från_edp!$B:$B,Taxa_från_edp!K:K),""),"") -> 80 | M34: =IFERROR(IF(J34<>"",J34*1.25,IF(K34<>"",K34*1.25,"")),"") -> 100 | N34: =IFERROR(IF(J34<>"",L34*J34,IF(K34<>"",L34*K34,"")),"") -> 0
A35: §2.2.3 | B35: Gemensam uppsamlingsplats inom hämtningsområde X | C35: Fysisk nyckel, kallad fob (engångskostnad) | E35: st/tillfälle | F35: FOBFRI | G35: =IF($F35<>"",$F35,IFERROR(_xlfn.XLOOKUP(ROW(),Taxa_Saknas!$H:$H,Taxa_Saknas!$G:$G),"")) -> FOBFRI | H35: =IF($F35<>"",IFERROR(_xlfn.XLOOKUP($F35,Taxa_från_edp!$B:$B,Taxa_från_edp!C:C),""),"") -> Nyckelfob mat- och restavfall fritidshus (engångs) | I35: =IF($F35<>"",IFERROR(_xlfn.XLOOKUP($F35,Taxa_från_edp!$B:$B,Taxa_från_edp!G:G),""),"") -> KVAN | J35: =IF($F35<>"",IFERROR(_xlfn.XLOOKUP($F35,Taxa_från_edp!$B:$B,Taxa_från_edp!K:K),""),"") -> 1200 | M35: =IFERROR(IF(J35<>"",J35*1.25,IF(K35<>"",K35*1.25,"")),"") -> 1500 | N35: =IFERROR(IF(J35<>"",L35*J35,IF(K35<>"",L35*K35,"")),"") -> 0
A36: §2.2.3 | B36: Gemensam uppsamlingsplats inom hämtningsområde X | C36: Byte av telefonnummer kopplat till licens | E36: st/tillfälle | F36: GEMUPPBYTE | G36: =IF($F36<>"",$F36,IFERROR(_xlfn.XLOOKUP(ROW(),Taxa_Saknas!$H:$H,Taxa_Saknas!$G:$G),"")) -> GEMUPPBYTE | H36: =IF($F36<>"",IFERROR(_xlfn.XLOOKUP($F36,Taxa_från_edp!$B:$B,Taxa_från_edp!C:C),""),"") | I36: =IF($F36<>"",IFERROR(_xlfn.XLOOKUP($F36,Taxa_från_edp!$B:$B,Taxa_från_edp!G:G),""),"") | J36: =IF($F36<>"",IFERROR(_xlfn.XLOOKUP($F36,Taxa_från_edp!$B:$B,Taxa_från_edp!K:K),""),"") | M36: =IFERROR(IF(J36<>"",J36*1.25,IF(K36<>"",K36*1.25,"")),"") | N36: =IFERROR(IF(J36<>"",L36*J36,IF(K36<>"",L36*K36,"")),"")
A37: §2.2.3 | B37: Gemensam uppsamlingsplats inom hämtningsområde X | C37: Kostnad för öppning av behållare | E37: st/tillfälle | F37: GEMUPPÖPP | G37: =IF($F37<>"",$F37,IFERROR(_xlfn.XLOOKUP(ROW(),Taxa_Saknas!$H:$H,Taxa_Saknas!$G:$G),"")) -> GEMUPPÖPP | H37: =IF($F37<>"",IFERROR(_xlfn.XLOOKUP($F37,Taxa_från_edp!$B:$B,Taxa_från_edp!C:C),""),"") | I37: =IF($F37<>"",IFERROR(_xlfn.XLOOKUP($F37,Taxa_från_edp!$B:$B,Taxa_från_edp!G:G),""),"") | J37: =IF($F37<>"",IFERROR(_xlfn.XLOOKUP($F37,Taxa_från_edp!$B:$B,Taxa_från_edp!K:K),""),"") | M37: =IFERROR(IF(J37<>"",J37*1.25,IF(K37<>"",K37*1.25,"")),"") | N37: =IFERROR(IF(J37<>"",L37*J37,IF(K37<>"",L37*K37,"")),"")
A38: §2.2.3 | G38: =IF($F38<>"",$F38,IFERROR(_xlfn.XLOOKUP(ROW(),Taxa_Saknas!$H:$H,Taxa_Saknas!$G:$G),"")) | H38: =IF($F38<>"",IFERROR(_xlfn.XLOOKUP($F38,Taxa_från_edp!$B:$B,Taxa_från_edp!C:C),""),"") | I38: =IF($F38<>"",IFERROR(_xlfn.XLOOKUP($F38,Taxa_från_edp!$B:$B,Taxa_från_edp!G:G),""),"") | J38: =IF($F38<>"",IFERROR(_xlfn.XLOOKUP($F38,Taxa_från_edp!$B:$B,Taxa_från_edp!K:K),""),"") | M38: =IFERROR(IF(J38<>"",J38*1.25,IF(K38<>"",K38*1.25,"")),"") | N38: =IFERROR(IF(J38<>"",L38*J38,IF(K38<>"",L38*K38,"")),"")
A39: §2.2.4 Hämtningsavgift per år för flerbostadshus | G39: =IF($F39<>"",$F39,IFERROR(_xlfn.XLOOKUP(ROW(),Taxa_Saknas!$H:$H,Taxa_Saknas!$G:$G),"")) | H39: =IF($F39<>"",IFERROR(_xlfn.XLOOKUP($F39,Taxa_från_edp!$B:$B,Taxa_från_edp!C:C),""),"") | I39: =IF($F39<>"",IFERROR(_xlfn.XLOOKUP($F39,Taxa_från_edp!$B:$B,Taxa_från_edp!G:G),""),"") | J39: =IF($F39<>"",IFERROR(_xlfn.XLOOKUP($F39,Taxa_från_edp!$B:$B,Taxa_från_edp!K:K),""),"") | M39: =IFERROR(IF(J39<>"",J39*1.25,IF(K39<>"",K39*1.25,"")),"") | N39: =IFERROR(IF(J39<>"",L39*J39,IF(K39<>"",L39*K39,"")),"")
A40: §2.2.4 | B40: Hämtningsavgift per år för flerbostadshus | C40: Kärl 240 l (mat-/restavfall) | D40: Hämtning varje vecka | E40: st/år | F40: KÄ240RM52FV | G40: =IF($F40<>"",$F40,IFERROR(_xlfn.XLOOKUP(ROW(),Taxa_Saknas!$H:$H,Taxa_Saknas!$G:$G),"")) -> KÄ240RM52FV | H40: =IF($F40<>"",IFERROR(_xlfn.XLOOKUP($F40,Taxa_från_edp!$B:$B,Taxa_från_edp!C:C),""),"") -> Tvåfackskärl 240L, rest/matavfall. Varje vecka. FLB/VHT | I40: =IF($F40<>"",IFERROR(_xlfn.XLOOKUP($F40,Taxa_från_edp!$B:$B,Taxa_från_edp!G:G),""),"") -> ÅRKV | J40: =IF($F40<>"",IFERROR(_xlfn.XLOOKUP($F40,Taxa_från_edp!$B:$B,Taxa_från_edp!K:K),""),"") -> 1000 | M40: =IFERROR(IF(J40<>"",J40*1.25,IF(K40<>"",K40*1.25,"")),"") -> 1250 | N40: =IFERROR(IF(J40<>"",L40*J40,IF(K40<>"",L40*K40,"")),"") -> 0
A41: §2.2.4 | B41: Hämtningsavgift per år för flerbostadshus | C41: Kärl 240 l (mat-/restavfall) | D41: Hämtning var 14:e dag | E41: st/år | F41: KÄ240RM26FV | G41: =IF($F41<>"",$F41,IFERROR(_xlfn.XLOOKUP(ROW(),Taxa_Saknas!$H:$H,Taxa_Saknas!$G:$G),"")) -> KÄ240RM26FV | H41: =IF($F41<>"",IFERROR(_xlfn.XLOOKUP($F41,Taxa_från_edp!$B:$B,Taxa_från_edp!C:C),""),"") -> Tvåfackskärl 240L, rest/matavfall. Var 14:e dag. FLB/VHT | I41: =IF($F41<>"",IFERROR(_xlfn.XLOOKUP($F41,Taxa_från_edp!$B:$B,Taxa_från_edp!G:G),""),"") -> ÅRKV | J41: =IF($F41<>"",IFERROR(_xlfn.XLOOKUP($F41,Taxa_från_edp!$B:$B,Taxa_från_edp!K:K),""),"") -> 680 | M41: =IFERROR(IF(J41<>"",J41*1.25,IF(K41<>"",K41*1.25,"")),"") -> 850 | N41: =IFERROR(IF(J41<>"",L41*J41,IF(K41<>"",L41*K41,"")),"") -> 0
A42: §2.2.4 | B42: Hämtningsavgift per år för flerbostadshus | C42: Kärl 240 l (mat-/restavfall) | D42: Hämtning månadsvis | E42: st/år | F42: KÄ240RM12FV | G42: =IF($F42<>"",$F42,IFERROR(_xlfn.XLOOKUP(ROW(),Taxa_Saknas!$H:$H,Taxa_Saknas!$G:$G),"")) -> KÄ240RM12FV | H42: =IF($F42<>"",IFERROR(_xlfn.XLOOKUP($F42,Taxa_från_edp!$B:$B,Taxa_från_edp!C:C),""),"") | I42: =IF($F42<>"",IFERROR(_xlfn.XLOOKUP($F42,Taxa_från_edp!$B:$B,Taxa_från_edp!G:G),""),"") | J42: =IF($F42<>"",IFERROR(_xlfn.XLOOKUP($F42,Taxa_från_edp!$B:$B,Taxa_från_edp!K:K),""),"") | M42: =IFERROR(IF(J42<>"",J42*1.25,IF(K42<>"",K42*1.25,"")),"") | N42: =IFERROR(IF(J42<>"",L42*J42,IF(K42<>"",L42*K42,"")),"")
A43: §2.2.4 | B43: Hämtningsavgift per år för flerbostadshus | C43: Kärl 370 l (restavfall) | D43: Hämtning varje vecka | E43: st/år | F43: KÄ370RE52FV | G43: =IF($F43<>"",$F43,IFERROR(_xlfn.XLOOKUP(ROW(),Taxa_Saknas!$H:$H,Taxa_Saknas!$G:$G),"")) -> KÄ370RE52FV | H43: =IF($F43<>"",IFERROR(_xlfn.XLOOKUP($F43,Taxa_från_edp!$B:$B,Taxa_från_edp!C:C),""),"") -> Kärl 370L, restavfall. Varje vecka. FLB/VHT | I43: =IF($F43<>"",IFERROR(_xlfn.XLOOKUP($F43,Taxa_från_edp!$B:$B,Taxa_från_edp!G:G),""),"") -> ÅRKV | J43: =IF($F43<>"",IFERROR(_xlfn.XLOOKUP($F43,Taxa_från_edp!$B:$B,Taxa_från_edp!K:K),""),"") -> 2000 | M43: =IFERROR(IF(J43<>"",J43*1.25,IF(K43<>"",K43*1.25,"")),"") -> 2500 | N43: =IFERROR(IF(J43<>"",L43*J43,IF(K43<>"",L43*K43,"")),"") -> 0
A44: §2.2.4 | B44: Hämtningsavgift per år för flerbostadshus | C44: Kärl 370 l (restavfall) | D44: Hämtning var 14:e dag | E44: st/år | F44: KÄ370RE26FV | G44: =IF($F44<>"",$F44,IFERROR(_xlfn.XLOOKUP(ROW(),Taxa_Saknas!$H:$H,Taxa_Saknas!$G:$G),"")) -> KÄ370RE26FV | H44: =IF($F44<>"",IFERROR(_xlfn.XLOOKUP($F44,Taxa_från_edp!$B:$B,Taxa_från_edp!C:C),""),"") -> Kärl 370L, restavfall. Var 14:e dag. FLB/VHT | I44: =IF($F44<>"",IFERROR(_xlfn.XLOOKUP($F44,Taxa_från_edp!$B:$B,Taxa_från_edp!G:G),""),"") -> ÅRKV | J44: =IF($F44<>"",IFERROR(_xlfn.XLOOKUP($F44,Taxa_från_edp!$B:$B,Taxa_från_edp!K:K),""),"") -> 800 | M44: =IFERROR(IF(J44<>"",J44*1.25,IF(K44<>"",K44*1.25,"")),"") -> 1000 | N44: =IFERROR(IF(J44<>"",L44*J44,IF(K44<>"",L44*K44,"")),"") -> 0
A45: §2.2.4 | B45: Hämtningsavgift per år för flerbostadshus | C45: Kärl 370 l (restavfall) | D45: Hämtning månadsvis | E45: st/år | F45: KÄ370RE12FV | G45: =IF($F45<>"",$F45,IFERROR(_xlfn.XLOOKUP(ROW(),Taxa_Saknas!$H:$H,Taxa_Saknas!$G:$G),"")) -> KÄ370RE12FV | H45: =IF($F45<>"",IFERROR(_xlfn.XLOOKUP($F45,Taxa_från_edp!$B:$B,Taxa_från_edp!C:C),""),"") | I45: =IF($F45<>"",IFERROR(_xlfn.XLOOKUP($F45,Taxa_från_edp!$B:$B,Taxa_från_edp!G:G),""),"") | J45: =IF($F45<>"",IFERROR(_xlfn.XLOOKUP($F45,Taxa_från_edp!$B:$B,Taxa_från_edp!K:K),""),"") | M45: =IFERROR(IF(J45<>"",J45*1.25,IF(K45<>"",K45*1.25,"")),"") | N45: =IFERROR(IF(J45<>"",L45*J45,IF(K45<>"",L45*K45,"")),"")
A46: §2.2.4 | B46: Hämtningsavgift per år för flerbostadshus | C46: Kärl 660 l (restavfall) | D46: Hämtning varje vecka | E46: st/år | F46: KÄ660RE52FV | G46: =IF($F46<>"",$F46,IFERROR(_xlfn.XLOOKUP(ROW(),Taxa_Saknas!$H:$H,Taxa_Saknas!$G:$G),"")) -> KÄ660RE52FV | H46: =IF($F46<>"",IFERROR(_xlfn.XLOOKUP($F46,Taxa_från_edp!$B:$B,Taxa_från_edp!C:C),""),"") -> Kärl 660L, restavfall. Varje vecka. FLB/VHT | I46: =IF($F46<>"",IFERROR(_xlfn.XLOOKUP($F46,Taxa_från_edp!$B:$B,Taxa_från_edp!G:G),""),"") -> ÅRKV | J46: =IF($F46<>"",IFERROR(_xlfn.XLOOKUP($F46,Taxa_från_edp!$B:$B,Taxa_från_edp!K:K),""),"") -> 3600 | M46: =IFERROR(IF(J46<>"",J46*1.25,IF(K46<>"",K46*1.25,"")),"") -> 4500 | N46: =IFERROR(IF(J46<>"",L46*J46,IF(K46<>"",L46*K46,"")),"") -> 0
A47: §2.2.4 | B47: Hämtningsavgift per år för flerbostadshus | C47: Kärl 660 l (restavfall) | D47: Hämtning var 14:e dag | E47: st/år | F47: KÄ660RE26FV | G47: =IF($F47<>"",$F47,IFERROR(_xlfn.XLOOKUP(ROW(),Taxa_Saknas!$H:$H,Taxa_Saknas!$G:$G),"")) -> KÄ660RE26FV | H47: =IF($F47<>"",IFERROR(_xlfn.XLOOKUP($F47,Taxa_från_edp!$B:$B,Taxa_från_edp!C:C),""),"") -> Kärl 660L, restavfall. Var 14:e dag FLB/VHT | I47: =IF($F47<>"",IFERROR(_xlfn.XLOOKUP($F47,Taxa_från_edp!$B:$B,Taxa_från_edp!G:G),""),"") -> ÅRKV | J47: =IF($F47<>"",IFERROR(_xlfn.XLOOKUP($F47,Taxa_från_edp!$B:$B,Taxa_från_edp!K:K),""),"") -> 1680 | M47: =IFERROR(IF(J47<>"",J47*1.25,IF(K47<>"",K47*1.25,"")),"") -> 2100 | N47: =IFERROR(IF(J47<>"",L47*J47,IF(K47<>"",L47*K47,"")),"") -> 0
A48: §2.2.4 | B48: Hämtningsavgift per år för flerbostadshus | C48: Kärl 660 l (restavfall) | D48: Hämtning månadsvis | E48: st/år | F48: KÄ660RE12FV | G48: =IF($F48<>"",$F48,IFERROR(_xlfn.XLOOKUP(ROW(),Taxa_Saknas!$H:$H,Taxa_Saknas!$G:$G),"")) -> KÄ660RE12FV | H48: =IF($F48<>"",IFERROR(_xlfn.XLOOKUP($F48,Taxa_från_edp!$B:$B,Taxa_från_edp!C:C),""),"") | I48: =IF($F48<>"",IFERROR(_xlfn.XLOOKUP($F48,Taxa_från_edp!$B:$B,Taxa_från_edp!G:G),""),"") | J48: =IF($F48<>"",IFERROR(_xlfn.XLOOKUP($F48,Taxa_från_edp!$B:$B,Taxa_från_edp!K:K),""),"") | M48: =IFERROR(IF(J48<>"",J48*1.25,IF(K48<>"",K48*1.25,"")),"") | N48: =IFERROR(IF(J48<>"",L48*J48,IF(K48<>"",L48*K48,"")),"")
A49: §2.2.4 | B49: Hämtningsavgift per år för flerbostadshus | C49: Kärl 140 l (matavfall) | D49: Hämtning varje vecka | E49: st/år | F49: KÄ140MA52FV | G49: =IF($F49<>"",$F49,IFERROR(_xlfn.XLOOKUP(ROW(),Taxa_Saknas!$H:$H,Taxa_Saknas!$G:$G),"")) -> KÄ140MA52FV | H49: =IF($F49<>"",IFERROR(_xlfn.XLOOKUP($F49,Taxa_från_edp!$B:$B,Taxa_från_edp!C:C),""),"") -> Kärl 140L, matavfall. Varje vecka. FLB/VHT | I49: =IF($F49<>"",IFERROR(_xlfn.XLOOKUP($F49,Taxa_från_edp!$B:$B,Taxa_från_edp!G:G),""),"") -> ÅRKV | J49: =IF($F49<>"",IFERROR(_xlfn.XLOOKUP($F49,Taxa_från_edp!$B:$B,Taxa_från_edp!K:K),""),"") -> 1240 | M49: =IFERROR(IF(J49<>"",J49*1.25,IF(K49<>"",K49*1.25,"")),"") -> 1550 | N49: =IFERROR(IF(J49<>"",L49*J49,IF(K49<>"",L49*K49,"")),"") -> 0
A50: §2.2.4 | B50: Hämtningsavgift per år för flerbostadshus | C50: Kärl 140 l (matavfall) | D50: Hämtning var 14:e dag | E50: st/år | F50: KÄ140MA26FV | G50: =IF($F50<>"",$F50,IFERROR(_xlfn.XLOOKUP(ROW(),Taxa_Saknas!$H:$H,Taxa_Saknas!$G:$G),"")) -> KÄ140MA26FV | H50: =IF($F50<>"",IFERROR(_xlfn.XLOOKUP($F50,Taxa_från_edp!$B:$B,Taxa_från_edp!C:C),""),"") -> Kärl 140L, matavfall. Var 14:e dag. FLB/VHT | I50: =IF($F50<>"",IFERROR(_xlfn.XLOOKUP($F50,Taxa_från_edp!$B:$B,Taxa_från_edp!G:G),""),"") -> ÅRKV | J50: =IF($F50<>"",IFERROR(_xlfn.XLOOKUP($F50,Taxa_från_edp!$B:$B,Taxa_från_edp!K:K),""),"") -> 480 | M50: =IFERROR(IF(J50<>"",J50*1.25,IF(K50<>"",K50*1.25,"")),"") -> 600 | N50: =IFERROR(IF(J50<>"",L50*J50,IF(K50<>"",L50*K50,"")),"") -> 0
A51: §2.2.4 | B51: Hämtningsavgift per år för flerbostadshus | C51: Kärl 140 l (matavfall) | D51: Hämtning månadsvis | E51: st/år | F51: KÄ140MA12FV | G51: =IF($F51<>"",$F51,IFERROR(_xlfn.XLOOKUP(ROW(),Taxa_Saknas!$H:$H,Taxa_Saknas!$G:$G),"")) -> KÄ140MA12FV | H51: =IF($F51<>"",IFERROR(_xlfn.XLOOKUP($F51,Taxa_från_edp!$B:$B,Taxa_från_edp!C:C),""),"") | I51: =IF($F51<>"",IFERROR(_xlfn.XLOOKUP($F51,Taxa_från_edp!$B:$B,Taxa_från_edp!G:G),""),"") | J51: =IF($F51<>"",IFERROR(_xlfn.XLOOKUP($F51,Taxa_från_edp!$B:$B,Taxa_från_edp!K:K),""),"") | M51: =IFERROR(IF(J51<>"",J51*1.25,IF(K51<>"",K51*1.25,"")),"") | N51: =IFERROR(IF(J51<>"",L51*J51,IF(K51<>"",L51*K51,"")),"")
... A69: §2.2.4 | B69: Hämtningsavgift per år för flerbostadshus | C69: Gemensam uppsamlingsplats för mat-/restavfall, förpackningar | D69: Avgift per lägenhet | E69: lägenhet/år | F69: GEMUPPMRFPFLB | G69: =IF($F69<>"",$F69,IFERROR(_xlfn.XLOOKUP(ROW(),Taxa_Saknas!$H:$H,Taxa_Saknas!$G:$G),"")) -> GEMUPPMRFPFLB | H69: =IF($F69<>"",IFERROR(_xlfn.XLOOKUP($F69,Taxa_från_edp!$B:$B,Taxa_från_edp!C:C),""),"") | I69: =IF($F69<>"",IFERROR(_xlfn.XLOOKUP($F69,Taxa_från_edp!$B:$B,Taxa_från_edp!G:G),""),"") | J69: =IF($F69<>"",IFERROR(_xlfn.XLOOKUP($F69,Taxa_från_edp!$B:$B,Taxa_från_edp!K:K),""),"") | M69: =IFERROR(IF(J69<>"",J69*1.25,IF(K69<>"",K69*1.25,"")),"") | N69: =IFERROR(IF(J69<>"",L69*J69,IF(K69<>"",L69*K69,"")),"")
A70: §2.2.4 | G70: =IF($F70<>"",$F70,IFERROR(_xlfn.XLOOKUP(ROW(),Taxa_Saknas!$H:$H,Taxa_Saknas!$G:$G),"")) | H70: =IF($F70<>"",IFERROR(_xlfn.XLOOKUP($F70,Taxa_från_edp!$B:$B,Taxa_från_edp!C:C),""),"") | I70: =IF($F70<>"",IFERROR(_xlfn.XLOOKUP($F70,Taxa_från_edp!$B:$B,Taxa_från_edp!G:G),""),"") | J70: =IF($F70<>"",IFERROR(_xlfn.XLOOKUP($F70,Taxa_från_edp!$B:$B,Taxa_från_edp!K:K),""),"") | M70: =IFERROR(IF(J70<>"",J70*1.25,IF(K70<>"",K70*1.25,"")),"") | N70: =IFERROR(IF(J70<>"",L70*J70,IF(K70<>"",L70*K70,"")),"")
A71: §2.2.5 Hämtningsavgift per år för verksamheter | G71: =IF($F71<>"",$F71,IFERROR(_xlfn.XLOOKUP(ROW(),Taxa_Saknas!$H:$H,Taxa_Saknas!$G:$G),"")) | H71: =IF($F71<>"",IFERROR(_xlfn.XLOOKUP($F71,Taxa_från_edp!$B:$B,Taxa_från_edp!C:C),""),"") | I71: =IF($F71<>"",IFERROR(_xlfn.XLOOKUP($F71,Taxa_från_edp!$B:$B,Taxa_från_edp!G:G),""),"") | J71: =IF($F71<>"",IFERROR(_xlfn.XLOOKUP($F71,Taxa_från_edp!$B:$B,Taxa_från_edp!K:K),""),"") | M71: =IFERROR(IF(J71<>"",J71*1.25,IF(K71<>"",K71*1.25,"")),"") | N71: =IFERROR(IF(J71<>"",L71*J71,IF(K71<>"",L71*K71,"")),"")
A72: §2.2.5 | B72: Hämtningsavgift per år för verksamheter | C72: Kärl 240 l (mat-/restavfall) | D72: Hämtning varje vecka | E72: st/år | F72: KÄ240RM52FV | G72: =IF($F72<>"",$F72,IFERROR(_xlfn.XLOOKUP(ROW(),Taxa_Saknas!$H:$H,Taxa_Saknas!$G:$G),"")) -> KÄ240RM52FV | H72: =IF($F72<>"",IFERROR(_xlfn.XLOOKUP($F72,Taxa_från_edp!$B:$B,Taxa_från_edp!C:C),""),"") -> Tvåfackskärl 240L, rest/matavfall. Varje vecka. FLB/VHT | I72: =IF($F72<>"",IFERROR(_xlfn.XLOOKUP($F72,Taxa_från_edp!$B:$B,Taxa_från_edp!G:G),""),"") -> ÅRKV | J72: =IF($F72<>"",IFERROR(_xlfn.XLOOKUP($F72,Taxa_från_edp!$B:$B,Taxa_från_edp!K:K),""),"") -> 1000 | M72: =IFERROR(IF(J72<>"",J72*1.25,IF(K72<>"",K72*1.25,"")),"") -> 1250 | N72: =IFERROR(IF(J72<>"",L72*J72,IF(K72<>"",L72*K72,"")),"") -> 0
A73: §2.2.5 | B73: Hämtningsavgift per år för verksamheter | C73: Kärl 240 l (mat-/restavfall) | D73: Hämtning var 14:e dag | E73: st/år | F73: KÄ240RM26FV | G73: =IF($F73<>"",$F73,IFERROR(_xlfn.XLOOKUP(ROW(),Taxa_Saknas!$H:$H,Taxa_Saknas!$G:$G),"")) -> KÄ240RM26FV | H73: =IF($F73<>"",IFERROR(_xlfn.XLOOKUP($F73,Taxa_från_edp!$B:$B,Taxa_från_edp!C:C),""),"") -> Tvåfackskärl 240L, rest/matavfall. Var 14:e dag. FLB/VHT | I73: =IF($F73<>"",IFERROR(_xlfn.XLOOKUP($F73,Taxa_från_edp!$B:$B,Taxa_från_edp!G:G),""),"") -> ÅRKV | J73: =IF($F73<>"",IFERROR(_xlfn.XLOOKUP($F73,Taxa_från_edp!$B:$B,Taxa_från_edp!K:K),""),"") -> 680 | M73: =IFERROR(IF(J73<>"",J73*1.25,IF(K73<>"",K73*1.25,"")),"") -> 850 | N73: =IFERROR(IF(J73<>"",L73*J73,IF(K73<>"",L73*K73,"")),"") -> 0
A74: §2.2.5 | B74: Hämtningsavgift per år för verksamheter | C74: Kärl 240 l (mat-/restavfall) | D74: Hämtning månadsvis | E74: st/år | G74: =IF($F74<>"",$F74,IFERROR(_xlfn.XLOOKUP(ROW(),Taxa_Saknas!$H:$H,Taxa_Saknas!$G:$G),"")) -> KÄ240RM12FV | H74: =IF($F74<>"",IFERROR(_xlfn.XLOOKUP($F74,Taxa_från_edp!$B:$B,Taxa_från_edp!C:C),""),"") | I74: =IF($F74<>"",IFERROR(_xlfn.XLOOKUP($F74,Taxa_från_edp!$B:$B,Taxa_från_edp!G:G),""),"") | J74: =IF($F74<>"",IFERROR(_xlfn.XLOOKUP($F74,Taxa_från_edp!$B:$B,Taxa_från_edp!K:K),""),"") | M74: =IFERROR(IF(J74<>"",J74*1.25,IF(K74<>"",K74*1.25,"")),"") | N74: =IFERROR(IF(J74<>"",L74*J74,IF(K74<>"",L74*K74,"")),"")
A75: §2.2.5 | B75: Hämtningsavgift per år för verksamheter | C75: Kärl 370 l (restavfall) | D75: Hämtning varje vecka | E75: st/år | F75: KÄ370RE52FV | G75: =IF($F75<>"",$F75,IFERROR(_xlfn.XLOOKUP(ROW(),Taxa_Saknas!$H:$H,Taxa_Saknas!$G:$G),"")) -> KÄ370RE52FV | H75: =IF($F75<>"",IFERROR(_xlfn.XLOOKUP($F75,Taxa_från_edp!$B:$B,Taxa_från_edp!C:C),""),"") -> Kärl 370L, restavfall. Varje vecka. FLB/VHT | I75: =IF($F75<>"",IFERROR(_xlfn.XLOOKUP($F75,Taxa_från_edp!$B:$B,Taxa_från_edp!G:G),""),"") -> ÅRKV | J75: =IF($F75<>"",IFERROR(_xlfn.XLOOKUP($F75,Taxa_från_edp!$B:$B,Taxa_från_edp!K:K),""),"") -> 2000 | M75: =IFERROR(IF(J75<>"",J75*1.25,IF(K75<>"",K75*1.25,"")),"") -> 2500 | N75: =IFERROR(IF(J75<>"",L75*J75,IF(K75<>"",L75*K75,"")),"") -> 0
A76: §2.2.5 | B76: Hämtningsavgift per år för verksamheter | C76: Kärl 370 l (restavfall) | D76: Hämtning var 14:e dag | E76: st/år | F76: KÄ370RE26FV | G76: =IF($F76<>"",$F76,IFERROR(_xlfn.XLOOKUP(ROW(),Taxa_Saknas!$H:$H,Taxa_Saknas!$G:$G),"")) -> KÄ370RE26FV | H76: =IF($F76<>"",IFERROR(_xlfn.XLOOKUP($F76,Taxa_från_edp!$B:$B,Taxa_från_edp!C:C),""),"") -> Kärl 370L, restavfall. Var 14:e dag. FLB/VHT | I76: =IF($F76<>"",IFERROR(_xlfn.XLOOKUP($F76,Taxa_från_edp!$B:$B,Taxa_från_edp!G:G),""),"") -> ÅRKV | J76: =IF($F76<>"",IFERROR(_xlfn.XLOOKUP($F76,Taxa_från_edp!$B:$B,Taxa_från_edp!K:K),""),"") -> 800 | M76: =IFERROR(IF(J76<>"",J76*1.25,IF(K76<>"",K76*1.25,"")),"") -> 1000 | N76: =IFERROR(IF(J76<>"",L76*J76,IF(K76<>"",L76*K76,"")),"") -> 0
A77: §2.2.5 | B77: Hämtningsavgift per år för verksamheter | C77: Kärl 370 l (restavfall) | D77: Hämtning månadsvis | E77: st/år | G77: =IF($F77<>"",$F77,IFERROR(_xlfn.XLOOKUP(ROW(),Taxa_Saknas!$H:$H,Taxa_Saknas!$G:$G),"")) -> KÄ370RE12FV | H77: =IF($F77<>"",IFERROR(_xlfn.XLOOKUP($F77,Taxa_från_edp!$B:$B,Taxa_från_edp!C:C),""),"") | I77: =IF($F77<>"",IFERROR(_xlfn.XLOOKUP($F77,Taxa_från_edp!$B:$B,Taxa_från_edp!G:G),""),"") | J77: =IF($F77<>"",IFERROR(_xlfn.XLOOKUP($F77,Taxa_från_edp!$B:$B,Taxa_från_edp!K:K),""),"") | M77: =IFERROR(IF(J77<>"",J77*1.25,IF(K77<>"",K77*1.25,"")),"") | N77: =IFERROR(IF(J77<>"",L77*J77,IF(K77<>"",L77*K77,"")),"")
A78: §2.2.5 | B78: Hämtningsavgift per år för verksamheter | C78: Kärl 660 l (restavfall) | D78: Hämtning varje vecka | E78: st/år | F78: KÄ660RE52FV | G78: =IF($F78<>"",$F78,IFERROR(_xlfn.XLOOKUP(ROW(),Taxa_Saknas!$H:$H,Taxa_Saknas!$G:$G),"")) -> KÄ660RE52FV | H78: =IF($F78<>"",IFERROR(_xlfn.XLOOKUP($F78,Taxa_från_edp!$B:$B,Taxa_från_edp!C:C),""),"") -> Kärl 660L, restavfall. Varje vecka. FLB/VHT | I78: =IF($F78<>"",IFERROR(_xlfn.XLOOKUP($F78,Taxa_från_edp!$B:$B,Taxa_från_edp!G:G),""),"") -> ÅRKV | J78: =IF($F78<>"",IFERROR(_xlfn.XLOOKUP($F78,Taxa_från_edp!$B:$B,Taxa_från_edp!K:K),""),"") -> 3600 | M78: =IFERROR(IF(J78<>"",J78*1.25,IF(K78<>"",K78*1.25,"")),"") -> 4500 | N78: =IFERROR(IF(J78<>"",L78*J78,IF(K78<>"",L78*K78,"")),"") -> 0
A79: §2.2.5 | B79: Hämtningsavgift per år för verksamheter | C79: Kärl 660 l (restavfall) | D79: Hämtning var 14:e dag | E79: st/år | F79: KÄ660RE26FV | G79: =IF($F79<>"",$F79,IFERROR(_xlfn.XLOOKUP(ROW(),Taxa_Saknas!$H:$H,Taxa_Saknas!$G:$G),"")) -> KÄ660RE26FV | H79: =IF($F79<>"",IFERROR(_xlfn.XLOOKUP($F79,Taxa_från_edp!$B:$B,Taxa_från_edp!C:C),""),"") -> Kärl 660L, restavfall. Var 14:e dag FLB/VHT | I79: =IF($F79<>"",IFERROR(_xlfn.XLOOKUP($F79,Taxa_från_edp!$B:$B,Taxa_från_edp!G:G),""),"") -> ÅRKV | J79: =IF($F79<>"",IFERROR(_xlfn.XLOOKUP($F79,Taxa_från_edp!$B:$B,Taxa_från_edp!K:K),""),"") -> 1680 | M79: =IFERROR(IF(J79<>"",J79*1.25,IF(K79<>"",K79*1.25,"")),"") -> 2100 | N79: =IFERROR(IF(J79<>"",L79*J79,IF(K79<>"",L79*K79,"")),"") -> 0
A80: §2.2.5 | B80: Hämtningsavgift per år för verksamheter | C80: Kärl 660 l (restavfall) | D80: Hämtning månadsvis | E80: st/år | G80: =IF($F80<>"",$F80,IFERROR(_xlfn.XLOOKUP(ROW(),Taxa_Saknas!$H:$H,Taxa_Saknas!$G:$G),"")) -> KÄ660RE12FV | H80: =IF($F80<>"",IFERROR(_xlfn.XLOOKUP($F80,Taxa_från_edp!$B:$B,Taxa_från_edp!C:C),""),"") | I80: =IF($F80<>"",IFERROR(_xlfn.XLOOKUP($F80,Taxa_från_edp!$B:$B,Taxa_från_edp!G:G),""),"") | J80: =IF($F80<>"",IFERROR(_xlfn.XLOOKUP($F80,Taxa_från_edp!$B:$B,Taxa_från_edp!K:K),""),"") | M80: =IFERROR(IF(J80<>"",J80*1.25,IF(K80<>"",K80*1.25,"")),"") | N80: =IFERROR(IF(J80<>"",L80*J80,IF(K80<>"",L80*K80,"")),"")
A81: §2.2.5 | B81: Hämtningsavgift per år för verksamheter | C81: Kärl 140 l (matavfall) | D81: Hämtning varje vecka | E81: st/år | F81: KÄ140MA52FV | G81: =IF($F81<>"",$F81,IFERROR(_xlfn.XLOOKUP(ROW(),Taxa_Saknas!$H:$H,Taxa_Saknas!$G:$G),"")) -> KÄ140MA52FV | H81: =IF($F81<>"",IFERROR(_xlfn.XLOOKUP($F81,Taxa_från_edp!$B:$B,Taxa_från_edp!C:C),""),"") -> Kärl 140L, matavfall. Varje vecka. FLB/VHT | I81: =IF($F81<>"",IFERROR(_xlfn.XLOOKUP($F81,Taxa_från_edp!$B:$B,Taxa_från_edp!G:G),""),"") -> ÅRKV | J81: =IF($F81<>"",IFERROR(_xlfn.XLOOKUP($F81,Taxa_från_edp!$B:$B,Taxa_från_edp!K:K),""),"") -> 1240 | M81: =IFERROR(IF(J81<>"",J81*1.25,IF(K81<>"",K81*1.25,"")),"") -> 1550 | N81: =IFERROR(IF(J81<>"",L81*J81,IF(K81<>"",L81*K81,"")),"") -> 0
A82: §2.2.5 | B82: Hämtningsavgift per år för verksamheter | C82: Kärl 140 l (matavfall) | D82: Hämtning var 14:e dag | E82: st/år | F82: KÄ140MA26FV | G82: =IF($F82<>"",$F82,IFERROR(_xlfn.XLOOKUP(ROW(),Taxa_Saknas!$H:$H,Taxa_Saknas!$G:$G),"")) -> KÄ140MA26FV | H82: =IF($F82<>"",IFERROR(_xlfn.XLOOKUP($F82,Taxa_från_edp!$B:$B,Taxa_från_edp!C:C),""),"") -> Kärl 140L, matavfall. Var 14:e dag. FLB/VHT | I82: =IF($F82<>"",IFERROR(_xlfn.XLOOKUP($F82,Taxa_från_edp!$B:$B,Taxa_från_edp!G:G),""),"") -> ÅRKV | J82: =IF($F82<>"",IFERROR(_xlfn.XLOOKUP($F82,Taxa_från_edp!$B:$B,Taxa_från_edp!K:K),""),"") -> 480 | M82: =IFERROR(IF(J82<>"",J82*1.25,IF(K82<>"",K82*1.25,"")),"") -> 600 | N82: =IFERROR(IF(J82<>"",L82*J82,IF(K82<>"",L82*K82,"")),"") -> 0
A83: §2.2.5 | B83: Hämtningsavgift per år för verksamheter | C83: Kärl 140 l (matavfall) | D83: Hämtning månadsvis | E83: st/år | G83: =IF($F83<>"",$F83,IFERROR(_xlfn.XLOOKUP(ROW(),Taxa_Saknas!$H:$H,Taxa_Saknas!$G:$G),"")) -> KÄ140MA12FV | H83: =IF($F83<>"",IFERROR(_xlfn.XLOOKUP($F83,Taxa_från_edp!$B:$B,Taxa_från_edp!C:C),""),"") | I83: =IF($F83<>"",IFERROR(_xlfn.XLOOKUP($F83,Taxa_från_edp!$B:$B,Taxa_från_edp!G:G),""),"") | J83: =IF($F83<>"",IFERROR(_xlfn.XLOOKUP($F83,Taxa_från_edp!$B:$B,Taxa_från_edp!K:K),""),"") | M83: =IFERROR(IF(J83<>"",J83*1.25,IF(K83<>"",K83*1.25,"")),"") | N83: =IFERROR(IF(J83<>"",L83*J83,IF(K83<>"",L83*K83,"")),"")
A84: §2.2.5 | M84: =IFERROR(IF(J84<>"",J84*1.25,IF(K84<>"",K84*1.25,"")),"") | N84: =IFERROR(IF(J84<>"",L84*J84,IF(K84<>"",L84*K84,"")),"")
A85: §2.2.5 | B85: Hämtningsavgift per år för verksamheter | C85: Lastväxlarflak (restavfall) | D85: Avgift per tömning | E85: st/tömning | F85: LVREFV | G85: =IF($F85<>"",$F85,IFERROR(_xlfn.XLOOKUP(ROW(),Taxa_Saknas!$H:$H,Taxa_Saknas!$G:$G),"")) -> LVREFV | H85: =IF($F85<>"",IFERROR(_xlfn.XLOOKUP($F85,Taxa_från_edp!$B:$B,Taxa_från_edp!C:C),""),"") | I85: =IF($F85<>"",IFERROR(_xlfn.XLOOKUP($F85,Taxa_från_edp!$B:$B,Taxa_från_edp!G:G),""),"") | J85: =IF($F85<>"",IFERROR(_xlfn.XLOOKUP($F85,Taxa_från_edp!$B:$B,Taxa_från_edp!K:K),""),"") | M85: =IFERROR(IF(J85<>"",J85*1.25,IF(K85<>"",K85*1.25,"")),"") | N85: =IFERROR(IF(J85<>"",L85*J85,IF(K85<>"",L85*K85,"")),"")
A86: §2.2.5 | B86: Hämtningsavgift per år för verksamheter | C86: Bottentömmande behållare (mat-/restavfall) | D86: Tillägg för två tömningar per vecka | E86: st/tömning | F86: MBRM2VFV | G86: =IF($F86<>"",$F86,IFERROR(_xlfn.XLOOKUP(ROW(),Taxa_Saknas!$H:$H,Taxa_Saknas!$G:$G),"")) -> MBRM2VFV | H86: =IF($F86<>"",IFERROR(_xlfn.XLOOKUP($F86,Taxa_från_edp!$B:$B,Taxa_från_edp!C:C),""),"") | I86: =IF($F86<>"",IFERROR(_xlfn.XLOOKUP($F86,Taxa_från_edp!$B:$B,Taxa_från_edp!G:G),""),"") | J86: =IF($F86<>"",IFERROR(_xlfn.XLOOKUP($F86,Taxa_från_edp!$B:$B,Taxa_från_edp!K:K),""),"") | M86: =IFERROR(IF(J86<>"",J86*1.25,IF(K86<>"",K86*1.25,"")),"") | N86: =IFERROR(IF(J86<>"",L86*J86,IF(K86<>"",L86*K86,"")),"")
A87: §2.2.5 | G87: =IF($F87<>"",$F87,IFERROR(_xlfn.XLOOKUP(ROW(),Taxa_Saknas!$H:$H,Taxa_Saknas!$G:$G),"")) | H87: =IF($F87<>"",IFERROR(_xlfn.XLOOKUP($F87,Taxa_från_edp!$B:$B,Taxa_från_edp!C:C),""),"") | I87: =IF($F87<>"",IFERROR(_xlfn.XLOOKUP($F87,Taxa_från_edp!$B:$B,Taxa_från_edp!G:G),""),"") | J87: =IF($F87<>"",IFERROR(_xlfn.XLOOKUP($F87,Taxa_från_edp!$B:$B,Taxa_från_edp!K:K),""),"") | M87: =IFERROR(IF(J87<>"",J87*1.25,IF(K87<>"",K87*1.25,"")),"") | N87: =IFERROR(IF(J87<>"",L87*J87,IF(K87<>"",L87*K87,"")),"")
A88: §2.2.6 Hämtningsavgift per år för verksamhet inom detaljhandeln med beviljad hantering av kommunalt avfall | G88: =IF($F88<>"",$F88,IFERROR(_xlfn.XLOOKUP(ROW(),Taxa_Saknas!$H:$H,Taxa_Saknas!$G:$G),"")) | H88: =IF($F88<>"",IFERROR(_xlfn.XLOOKUP($F88,Taxa_från_edp!$B:$B,Taxa_från_edp!C:C),""),"") | I88: =IF($F88<>"",IFERROR(_xlfn.XLOOKUP($F88,Taxa_från_edp!$B:$B,Taxa_från_edp!G:G),""),"") | J88: =IF($F88<>"",IFERROR(_xlfn.XLOOKUP($F88,Taxa_från_edp!$B:$B,Taxa_från_edp!K:K),""),"") | M88: =IFERROR(IF(J88<>"",J88*1.25,IF(K88<>"",K88*1.25,"")),"") | N88: =IFERROR(IF(J88<>"",L88*J88,IF(K88<>"",L88*K88,"")),"")
A89: §2.2.6 | B89: Hämtningsavgift per år för verksamhet inom detaljhandeln med beviljad hantering av kommunalt avfall | C89: Kärl 240 l (mat-/restavfall) | D89: Hämtning varje vecka | E89: st/år | F89: KÄ240RM52DH | G89: =IF($F89<>"",$F89,IFERROR(_xlfn.XLOOKUP(ROW(),Taxa_Saknas!$H:$H,Taxa_Saknas!$G:$G),"")) -> KÄ240RM52DH | H89: =IF($F89<>"",IFERROR(_xlfn.XLOOKUP($F89,Taxa_från_edp!$B:$B,Taxa_från_edp!C:C),""),"") | I89: =IF($F89<>"",IFERROR(_xlfn.XLOOKUP($F89,Taxa_från_edp!$B:$B,Taxa_från_edp!G:G),""),"") | J89: =IF($F89<>"",IFERROR(_xlfn.XLOOKUP($F89,Taxa_från_edp!$B:$B,Taxa_från_edp!K:K),""),"") | M89: =IFERROR(IF(J89<>"",J89*1.25,IF(K89<>"",K89*1.25,"")),"") | N89: =IFERROR(IF(J89<>"",L89*J89,IF(K89<>"",L89*K89,"")),"")
A90: §2.2.6 | B90: Hämtningsavgift per år för verksamhet inom detaljhandeln med beviljad hantering av kommunalt avfall | C90: Kärl 240 l (mat-/restavfall) | D90: Hämtning var 14:e dag | E90: st/år | F90: KÄ240RM26DH | G90: =IF($F90<>"",$F90,IFERROR(_xlfn.XLOOKUP(ROW(),Taxa_Saknas!$H:$H,Taxa_Saknas!$G:$G),"")) -> KÄ240RM26DH | H90: =IF($F90<>"",IFERROR(_xlfn.XLOOKUP($F90,Taxa_från_edp!$B:$B,Taxa_från_edp!C:C),""),"") | I90: =IF($F90<>"",IFERROR(_xlfn.XLOOKUP($F90,Taxa_från_edp!$B:$B,Taxa_från_edp!G:G),""),"") | J90: =IF($F90<>"",IFERROR(_xlfn.XLOOKUP($F90,Taxa_från_edp!$B:$B,Taxa_från_edp!K:K),""),"") | M90: =IFERROR(IF(J90<>"",J90*1.25,IF(K90<>"",K90*1.25,"")),"") | N90: =IFERROR(IF(J90<>"",L90*J90,IF(K90<>"",L90*K90,"")),"")
A91: §2.2.6 | B91: Hämtningsavgift per år för verksamhet inom detaljhandeln med beviljad hantering av kommunalt avfall | C91: Kärl 240 l (mat-/restavfall) | D91: Hämtning månadsvis | E91: st/år | F91: KÄ240RM12DH | G91: =IF($F91<>"",$F91,IFERROR(_xlfn.XLOOKUP(ROW(),Taxa_Saknas!$H:$H,Taxa_Saknas!$G:$G),"")) -> KÄ240RM12DH | H91: =IF($F91<>"",IFERROR(_xlfn.XLOOKUP($F91,Taxa_från_edp!$B:$B,Taxa_från_edp!C:C),""),"") | I91: =IF($F91<>"",IFERROR(_xlfn.XLOOKUP($F91,Taxa_från_edp!$B:$B,Taxa_från_edp!G:G),""),"") | J91: =IF($F91<>"",IFERROR(_xlfn.XLOOKUP($F91,Taxa_från_edp!$B:$B,Taxa_från_edp!K:K),""),"") | M91: =IFERROR(IF(J91<>"",J91*1.25,IF(K91<>"",K91*1.25,"")),"") | N91: =IFERROR(IF(J91<>"",L91*J91,IF(K91<>"",L91*K91,"")),"")
A92: §2.2.6 | B92: Hämtningsavgift per år för verksamhet inom detaljhandeln med beviljad hantering av kommunalt avfall | C92: Kärl 370 l (restavfall) | D92: Hämtning varje vecka | E92: st/år | F92: KÄ370RE52DH | G92: =IF($F92<>"",$F92,IFERROR(_xlfn.XLOOKUP(ROW(),Taxa_Saknas!$H:$H,Taxa_Saknas!$G:$G),"")) -> KÄ370RE52DH | H92: =IF($F92<>"",IFERROR(_xlfn.XLOOKUP($F92,Taxa_från_edp!$B:$B,Taxa_från_edp!C:C),""),"") | I92: =IF($F92<>"",IFERROR(_xlfn.XLOOKUP($F92,Taxa_från_edp!$B:$B,Taxa_från_edp!G:G),""),"") | J92: =IF($F92<>"",IFERROR(_xlfn.XLOOKUP($F92,Taxa_från_edp!$B:$B,Taxa_från_edp!K:K),""),"") | M92: =IFERROR(IF(J92<>"",J92*1.25,IF(K92<>"",K92*1.25,"")),"") | N92: =IFERROR(IF(J92<>"",L92*J92,IF(K92<>"",L92*K92,"")),"")
A93: §2.2.6 | B93: Hämtningsavgift per år för verksamhet inom detaljhandeln med beviljad hantering av kommunalt avfall | C93: Kärl 370 l (restavfall) | D93: Hämtning var 14:e dag | E93: st/år | F93: KÄ370RE26DH | G93: =IF($F93<>"",$F93,IFERROR(_xlfn.XLOOKUP(ROW(),Taxa_Saknas!$H:$H,Taxa_Saknas!$G:$G),"")) -> KÄ370RE26DH | H93: =IF($F93<>"",IFERROR(_xlfn.XLOOKUP($F93,Taxa_från_edp!$B:$B,Taxa_från_edp!C:C),""),"") | I93: =IF($F93<>"",IFERROR(_xlfn.XLOOKUP($F93,Taxa_från_edp!$B:$B,Taxa_från_edp!G:G),""),"") | J93: =IF($F93<>"",IFERROR(_xlfn.XLOOKUP($F93,Taxa_från_edp!$B:$B,Taxa_från_edp!K:K),""),"") | M93: =IFERROR(IF(J93<>"",J93*1.25,IF(K93<>"",K93*1.25,"")),"") | N93: =IFERROR(IF(J93<>"",L93*J93,IF(K93<>"",L93*K93,"")),"")
A94: §2.2.6 | B94: Hämtningsavgift per år för verksamhet inom detaljhandeln med beviljad hantering av kommunalt avfall | C94: Kärl 370 l (restavfall) | D94: Hämtning månadsvis | E94: st/år | F94: KÄ370RE12DH | G94: =IF($F94<>"",$F94,IFERROR(_xlfn.XLOOKUP(ROW(),Taxa_Saknas!$H:$H,Taxa_Saknas!$G:$G),"")) -> KÄ370RE12DH | H94: =IF($F94<>"",IFERROR(_xlfn.XLOOKUP($F94,Taxa_från_edp!$B:$B,Taxa_från_edp!C:C),""),"") | I94: =IF($F94<>"",IFERROR(_xlfn.XLOOKUP($F94,Taxa_från_edp!$B:$B,Taxa_från_edp!G:G),""),"") | J94: =IF($F94<>"",IFERROR(_xlfn.XLOOKUP($F94,Taxa_från_edp!$B:$B,Taxa_från_edp!K:K),""),"") | M94: =IFERROR(IF(J94<>"",J94*1.25,IF(K94<>"",K94*1.25,"")),"") | N94: =IFERROR(IF(J94<>"",L94*J94,IF(K94<>"",L94*K94,"")),"")
A95: §2.2.6 | B95: Hämtningsavgift per år för verksamhet inom detaljhandeln med beviljad hantering av kommunalt avfall | C95: Kärl 660 l (restavfall) | D95: Hämtning varje vecka | E95: st/år | F95: KÄ660RE52DH | G95: =IF($F95<>"",$F95,IFERROR(_xlfn.XLOOKUP(ROW(),Taxa_Saknas!$H:$H,Taxa_Saknas!$G:$G),"")) -> KÄ660RE52DH | H95: =IF($F95<>"",IFERROR(_xlfn.XLOOKUP($F95,Taxa_från_edp!$B:$B,Taxa_från_edp!C:C),""),"") | I95: =IF($F95<>"",IFERROR(_xlfn.XLOOKUP($F95,Taxa_från_edp!$B:$B,Taxa_från_edp!G:G),""),"") | J95: =IF($F95<>"",IFERROR(_xlfn.XLOOKUP($F95,Taxa_från_edp!$B:$B,Taxa_från_edp!K:K),""),"") | M95: =IFERROR(IF(J95<>"",J95*1.25,IF(K95<>"",K95*1.25,"")),"") | N95: =IFERROR(IF(J95<>"",L95*J95,IF(K95<>"",L95*K95,"")),"")
A96: §2.2.6 | B96: Hämtningsavgift per år för verksamhet inom detaljhandeln med beviljad hantering av kommunalt avfall | C96: Kärl 660 l (restavfall) | D96: Hämtning var 14:e dag | E96: st/år | F96: KÄ660RE26DH | G96: =IF($F96<>"",$F96,IFERROR(_xlfn.XLOOKUP(ROW(),Taxa_Saknas!$H:$H,Taxa_Saknas!$G:$G),"")) -> KÄ660RE26DH | H96: =IF($F96<>"",IFERROR(_xlfn.XLOOKUP($F96,Taxa_från_edp!$B:$B,Taxa_från_edp!C:C),""),"") | I96: =IF($F96<>"",IFERROR(_xlfn.XLOOKUP($F96,Taxa_från_edp!$B:$B,Taxa_från_edp!G:G),""),"") | J96: =IF($F96<>"",IFERROR(_xlfn.XLOOKUP($F96,Taxa_från_edp!$B:$B,Taxa_från_edp!K:K),""),"") | M96: =IFERROR(IF(J96<>"",J96*1.25,IF(K96<>"",K96*1.25,"")),"") | N96: =IFERROR(IF(J96<>"",L96*J96,IF(K96<>"",L96*K96,"")),"")
A97: §2.2.6 | B97: Hämtningsavgift per år för verksamhet inom detaljhandeln med beviljad hantering av kommunalt avfall | C97: Kärl 660 l (restavfall) | D97: Hämtning månadsvis | E97: st/år | F97: KÄ660RE12DH | G97: =IF($F97<>"",$F97,IFERROR(_xlfn.XLOOKUP(ROW(),Taxa_Saknas!$H:$H,Taxa_Saknas!$G:$G),"")) -> KÄ660RE12DH | H97: =IF($F97<>"",IFERROR(_xlfn.XLOOKUP($F97,Taxa_från_edp!$B:$B,Taxa_från_edp!C:C),""),"") | I97: =IF($F97<>"",IFERROR(_xlfn.XLOOKUP($F97,Taxa_från_edp!$B:$B,Taxa_från_edp!G:G),""),"") | J97: =IF($F97<>"",IFERROR(_xlfn.XLOOKUP($F97,Taxa_från_edp!$B:$B,Taxa_från_edp!K:K),""),"") | M97: =IFERROR(IF(J97<>"",J97*1.25,IF(K97<>"",K97*1.25,"")),"") | N97: =IFERROR(IF(J97<>"",L97*J97,IF(K97<>"",L97*K97,"")),"")
A98: §2.2.6 | B98: Hämtningsavgift per år för verksamhet inom detaljhandeln med beviljad hantering av kommunalt avfall | C98: Kärl 140 l (matavfall) | D98: Hämtning varje vecka | E98: st/år | F98: KÄ140MA52DH | G98: =IF($F98<>"",$F98,IFERROR(_xlfn.XLOOKUP(ROW(),Taxa_Saknas!$H:$H,Taxa_Saknas!$G:$G),"")) -> KÄ140MA52DH | H98: =IF($F98<>"",IFERROR(_xlfn.XLOOKUP($F98,Taxa_från_edp!$B:$B,Taxa_från_edp!C:C),""),"") | I98: =IF($F98<>"",IFERROR(_xlfn.XLOOKUP($F98,Taxa_från_edp!$B:$B,Taxa_från_edp!G:G),""),"") | J98: =IF($F98<>"",IFERROR(_xlfn.XLOOKUP($F98,Taxa_från_edp!$B:$B,Taxa_från_edp!K:K),""),"") | M98: =IFERROR(IF(J98<>"",J98*1.25,IF(K98<>"",K98*1.25,"")),"") | N98: =IFERROR(IF(J98<>"",L98*J98,IF(K98<>"",L98*K98,"")),"")
A99: §2.2.6 | B99: Hämtningsavgift per år för verksamhet inom detaljhandeln med beviljad hantering av kommunalt avfall | C99: Kärl 140 l (matavfall) | D99: Hämtning var 14:e dag | E99: st/år | F99: KÄ140MA26DH | G99: =IF($F99<>"",$F99,IFERROR(_xlfn.XLOOKUP(ROW(),Taxa_Saknas!$H:$H,Taxa_Saknas!$G:$G),"")) -> KÄ140MA26DH | H99: =IF($F99<>"",IFERROR(_xlfn.XLOOKUP($F99,Taxa_från_edp!$B:$B,Taxa_från_edp!C:C),""),"") | I99: =IF($F99<>"",IFERROR(_xlfn.XLOOKUP($F99,Taxa_från_edp!$B:$B,Taxa_från_edp!G:G),""),"") | J99: =IF($F99<>"",IFERROR(_xlfn.XLOOKUP($F99,Taxa_från_edp!$B:$B,Taxa_från_edp!K:K),""),"") | M99: =IFERROR(IF(J99<>"",J99*1.25,IF(K99<>"",K99*1.25,"")),"") | N99: =IFERROR(IF(J99<>"",L99*J99,IF(K99<>"",L99*K99,"")),"")
A100: §2.2.6 | B100: Hämtningsavgift per år för verksamhet inom detaljhandeln med beviljad hantering av kommunalt avfall | C100: Kärl 140 l (matavfall) | D100: Hämtning månadsvis | E100: st/år | F100: KÄ140MA12DH | G100: =IF($F100<>"",$F100,IFERROR(_xlfn.XLOOKUP(ROW(),Taxa_Saknas!$H:$H,Taxa_Saknas!$G:$G),"")) -> KÄ140MA12DH | H100: =IF($F100<>"",IFERROR(_xlfn.XLOOKUP($F100,Taxa_från_edp!$B:$B,Taxa_från_edp!C:C),""),"") | I100: =IF($F100<>"",IFERROR(_xlfn.XLOOKUP($F100,Taxa_från_edp!$B:$B,Taxa_från_edp!G:G),""),"") | J100: =IF($F100<>"",IFERROR(_xlfn.XLOOKUP($F100,Taxa_från_edp!$B:$B,Taxa_från_edp!K:K),""),"") | M100: =IFERROR(IF(J100<>"",J100*1.25,IF(K100<>"",K100*1.25,"")),"") | N100: =IFERROR(IF(J100<>"",L100*J100,IF(K100<>"",L100*K100,"")),"")
A101: §2.2.6 | M101: =IFERROR(IF(J101<>"",J101*1.25,IF(K101<>"",K101*1.25,"")),"") | N101: =IFERROR(IF(J101<>"",L101*J101,IF(K101<>"",L101*K101,"")),"")
A102: §2.2.6 | B102: Hämtningsavgift per år för verksamhet inom detaljhandeln med beviljad hantering av kommunalt avfall | C102: Lastväxlarflak (restavfall) | D102: Avgift per tömning | E102: st/tömning | F102: LVREDH | G102: =IF($F102<>"",$F102,IFERROR(_xlfn.XLOOKUP(ROW(),Taxa_Saknas!$H:$H,Taxa_Saknas!$G:$G),"")) -> LVREDH | H102: =IF($F102<>"",IFERROR(_xlfn.XLOOKUP($F102,Taxa_från_edp!$B:$B,Taxa_från_edp!C:C),""),"") | I102: =IF($F102<>"",IFERROR(_xlfn.XLOOKUP($F102,Taxa_från_edp!$B:$B,Taxa_från_edp!G:G),""),"") | J102: =IF($F102<>"",IFERROR(_xlfn.XLOOKUP($F102,Taxa_från_edp!$B:$B,Taxa_från_edp!K:K),""),"") | M102: =IFERROR(IF(J102<>"",J102*1.25,IF(K102<>"",K102*1.25,"")),"") | N102: =IFERROR(IF(J102<>"",L102*J102,IF(K102<>"",L102*K102,"")),"")
A103: §2.2.6 | B103: Hämtningsavgift per år för verksamhet inom detaljhandeln med beviljad hantering av kommunalt avfall | C103: Bottentömmande behållare (mat-/restavfall) | D103: Tillägg för två tömningar per vecka | E103: st/tömning | F103: MBRM2VDH | G103: =IF($F103<>"",$F103,IFERROR(_xlfn.XLOOKUP(ROW(),Taxa_Saknas!$H:$H,Taxa_Saknas!$G:$G),"")) -> MBRM2VDH | H103: =IF($F103<>"",IFERROR(_xlfn.XLOOKUP($F103,Taxa_från_edp!$B:$B,Taxa_från_edp!C:C),""),"") | I103: =IF($F103<>"",IFERROR(_xlfn.XLOOKUP($F103,Taxa_från_edp!$B:$B,Taxa_från_edp!G:G),""),"") | J103: =IF($F103<>"",IFERROR(_xlfn.XLOOKUP($F103,Taxa_från_edp!$B:$B,Taxa_från_edp!K:K),""),"") | M103: =IFERROR(IF(J103<>"",J103*1.25,IF(K103<>"",K103*1.25,"")),"") | N103: =IFERROR(IF(J103<>"",L103*J103,IF(K103<>"",L103*K103,"")),"")
A104: §2.2.6 | G104: =IF($F104<>"",$F104,IFERROR(_xlfn.XLOOKUP(ROW(),Taxa_Saknas!$H:$H,Taxa_Saknas!$G:$G),"")) | H104: =IF($F104<>"",IFERROR(_xlfn.XLOOKUP($F104,Taxa_från_edp!$B:$B,Taxa_från_edp!C:C),""),"") | I104: =IF($F104<>"",IFERROR(_xlfn.XLOOKUP($F104,Taxa_från_edp!$B:$B,Taxa_från_edp!G:G),""),"") | J104: =IF($F104<>"",IFERROR(_xlfn.XLOOKUP($F104,Taxa_från_edp!$B:$B,Taxa_från_edp!K:K),""),"") | M104: =IFERROR(IF(J104<>"",J104*1.25,IF(K104<>"",K104*1.25,"")),"") | N104: =IFERROR(IF(J104<>"",L104*J104,IF(K104<>"",L104*K104,"")),"")
A105: §2.2.7 Verksamheter med beviljad hantering av förbrukat matfett, kontorspapper eller returpapper | G105: =IF($F105<>"",$F105,IFERROR(_xlfn.XLOOKUP(ROW(),Taxa_Saknas!$H:$H,Taxa_Saknas!$G:$G),"")) | H105: =IF($F105<>"",IFERROR(_xlfn.XLOOKUP($F105,Taxa_från_edp!$B:$B,Taxa_från_edp!C:C),""),"") | I105: =IF($F105<>"",IFERROR(_xlfn.XLOOKUP($F105,Taxa_från_edp!$B:$B,Taxa_från_edp!G:G),""),"") | J105: =IF($F105<>"",IFERROR(_xlfn.XLOOKUP($F105,Taxa_från_edp!$B:$B,Taxa_från_edp!K:K),""),"") | M105: =IFERROR(IF(J105<>"",J105*1.25,IF(K105<>"",K105*1.25,"")),"") | N105: =IFERROR(IF(J105<>"",L105*J105,IF(K105<>"",L105*K105,"")),"")
A106: §2.2.7 | B106: Verksamheter med beviljad hantering av förbrukat matfett, kontorspapper eller returpapper | C106: Kärl 140 l (kontors-/returpapper) | E106: st/år | F106: KÄ140TI | G106: =IF($F106<>"",$F106,IFERROR(_xlfn.XLOOKUP(ROW(),Taxa_Saknas!$H:$H,Taxa_Saknas!$G:$G),"")) -> KÄ140TI | H106: =IF($F106<>"",IFERROR(_xlfn.XLOOKUP($F106,Taxa_från_edp!$B:$B,Taxa_från_edp!C:C),""),"") | I106: =IF($F106<>"",IFERROR(_xlfn.XLOOKUP($F106,Taxa_från_edp!$B:$B,Taxa_från_edp!G:G),""),"") | J106: =IF($F106<>"",IFERROR(_xlfn.XLOOKUP($F106,Taxa_från_edp!$B:$B,Taxa_från_edp!K:K),""),"") | M106: =IFERROR(IF(J106<>"",J106*1.25,IF(K106<>"",K106*1.25,"")),"") | N106: =IFERROR(IF(J106<>"",L106*J106,IF(K106<>"",L106*K106,"")),"")
A107: §2.2.7 | G107: =IF($F107<>"",$F107,IFERROR(_xlfn.XLOOKUP(ROW(),Taxa_Saknas!$H:$H,Taxa_Saknas!$G:$G),"")) -> EGENKONTRET | H107: =IF($F107<>"",IFERROR(_xlfn.XLOOKUP($F107,Taxa_från_edp!$B:$B,Taxa_från_edp!C:C),""),"") | I107: =IF($F107<>"",IFERROR(_xlfn.XLOOKUP($F107,Taxa_från_edp!$B:$B,Taxa_från_edp!G:G),""),"") | J107: =IF($F107<>"",IFERROR(_xlfn.XLOOKUP($F107,Taxa_från_edp!$B:$B,Taxa_från_edp!K:K),""),"") | M107: =IFERROR(IF(J107<>"",J107*1.25,IF(K107<>"",K107*1.25,"")),"") | N107: =IFERROR(IF(J107<>"",L107*J107,IF(K107<>"",L107*K107,"")),"")
A108: §2.2.7 | B108: Verksamheter med beviljad hantering av förbrukat matfett, kontorspapper eller returpapper | C108: Egen överlämning av förbrukat matfett enligt anvisning | E108: st/år | F108: EGENMATFETT | G108: =IF($F108<>"",$F108,IFERROR(_xlfn.XLOOKUP(ROW(),Taxa_Saknas!$H:$H,Taxa_Saknas!$G:$G),"")) -> EGENMATFETT | H108: =IF($F108<>"",IFERROR(_xlfn.XLOOKUP($F108,Taxa_från_edp!$B:$B,Taxa_från_edp!C:C),""),"") | I108: =IF($F108<>"",IFERROR(_xlfn.XLOOKUP($F108,Taxa_från_edp!$B:$B,Taxa_från_edp!G:G),""),"") | J108: =IF($F108<>"",IFERROR(_xlfn.XLOOKUP($F108,Taxa_från_edp!$B:$B,Taxa_från_edp!K:K),""),"") | M108: =IFERROR(IF(J108<>"",J108*1.25,IF(K108<>"",K108*1.25,"")),"") | N108: =IFERROR(IF(J108<>"",L108*J108,IF(K108<>"",L108*K108,"")),"")
A109: §2.2.7 | G109: =IF($F109<>"",$F109,IFERROR(_xlfn.XLOOKUP(ROW(),Taxa_Saknas!$H:$H,Taxa_Saknas!$G:$G),"")) | H109: =IF($F109<>"",IFERROR(_xlfn.XLOOKUP($F109,Taxa_från_edp!$B:$B,Taxa_från_edp!C:C),""),"") | I109: =IF($F109<>"",IFERROR(_xlfn.XLOOKUP($F109,Taxa_från_edp!$B:$B,Taxa_från_edp!G:G),""),"") | J109: =IF($F109<>"",IFERROR(_xlfn.XLOOKUP($F109,Taxa_från_edp!$B:$B,Taxa_från_edp!K:K),""),"") | M109: =IFERROR(IF(J109<>"",J109*1.25,IF(K109<>"",K109*1.25,"")),"") | N109: =IFERROR(IF(J109<>"",L109*J109,IF(K109<>"",L109*K109,"")),"")
A110: §2.3 Rörlig avgift (gäller ej gemensam uppsamlingsplats) | G110: =IF($F110<>"",$F110,IFERROR(_xlfn.XLOOKUP(ROW(),Taxa_Saknas!$H:$H,Taxa_Saknas!$G:$G),"")) | H110: =IF($F110<>"",IFERROR(_xlfn.XLOOKUP($F110,Taxa_från_edp!$B:$B,Taxa_från_edp!C:C),""),"") | I110: =IF($F110<>"",IFERROR(_xlfn.XLOOKUP($F110,Taxa_från_edp!$B:$B,Taxa_från_edp!G:G),""),"") | J110: =IF($F110<>"",IFERROR(_xlfn.XLOOKUP($F110,Taxa_från_edp!$B:$B,Taxa_från_edp!K:K),""),"") | M110: =IFERROR(IF(J110<>"",J110*1.25,IF(K110<>"",K110*1.25,"")),"") | N110: =IFERROR(IF(J110<>"",L110*J110,IF(K110<>"",L110*K110,"")),"")
A111: §2.3 | B111: Rörlig avgift (gäller ej gemensam uppsamlingsplats) | C111: Viktavgift matavfall | E111: kr/kg | G111: =IF($F111<>"",$F111,IFERROR(_xlfn.XLOOKUP(ROW(),Taxa_Saknas!$H:$H,Taxa_Saknas!$G:$G),"")) | H111: =IF($F111<>"",IFERROR(_xlfn.XLOOKUP($F111,Taxa_från_edp!$B:$B,Taxa_från_edp!C:C),""),"") | I111: =IF($F111<>"",IFERROR(_xlfn.XLOOKUP($F111,Taxa_från_edp!$B:$B,Taxa_från_edp!G:G),""),"") | J111: =IF($F111<>"",IFERROR(_xlfn.XLOOKUP($F111,Taxa_från_edp!$B:$B,Taxa_från_edp!K:K),""),"") | M111: =IFERROR(IF(J111<>"",J111*1.25,IF(K111<>"",K111*1.25,"")),"") | N111: =IFERROR(IF(J111<>"",L111*J111,IF(K111<>"",L111*K111,"")),"")
A112: §2.3 | B112: Rörlig avgift (gäller ej gemensam uppsamlingsplats) | C112: Viktavgift restavfall | E112: kr/kg | G112: =IF($F112<>"",$F112,IFERROR(_xlfn.XLOOKUP(ROW(),Taxa_Saknas!$H:$H,Taxa_Saknas!$G:$G),"")) | H112: =IF($F112<>"",IFERROR(_xlfn.XLOOKUP($F112,Taxa_från_edp!$B:$B,Taxa_från_edp!C:C),""),"") | I112: =IF($F112<>"",IFERROR(_xlfn.XLOOKUP($F112,Taxa_från_edp!$B:$B,Taxa_från_edp!G:G),""),"") | J112: =IF($F112<>"",IFERROR(_xlfn.XLOOKUP($F112,Taxa_från_edp!$B:$B,Taxa_från_edp!K:K),""),"") | M112: =IFERROR(IF(J112<>"",J112*1.25,IF(K112<>"",K112*1.25,"")),"") | N112: =IFERROR(IF(J112<>"",L112*J112,IF(K112<>"",L112*K112,"")),"")
A113: §2.3 | G113: =IF($F113<>"",$F113,IFERROR(_xlfn.XLOOKUP(ROW(),Taxa_Saknas!$H:$H,Taxa_Saknas!$G:$G),"")) | H113: =IF($F113<>"",IFERROR(_xlfn.XLOOKUP($F113,Taxa_från_edp!$B:$B,Taxa_från_edp!C:C),""),"") | I113: =IF($F113<>"",IFERROR(_xlfn.XLOOKUP($F113,Taxa_från_edp!$B:$B,Taxa_från_edp!G:G),""),"") | J113: =IF($F113<>"",IFERROR(_xlfn.XLOOKUP($F113,Taxa_från_edp!$B:$B,Taxa_från_edp!K:K),""),"") | M113: =IFERROR(IF(J113<>"",J113*1.25,IF(K113<>"",K113*1.25,"")),"") | N113: =IFERROR(IF(J113<>"",L113*J113,IF(K113<>"",L113*K113,"")),"")
A114: §2.3 | G114: =IF($F114<>"",$F114,IFERROR(_xlfn.XLOOKUP(ROW(),Taxa_Saknas!$H:$H,Taxa_Saknas!$G:$G),"")) | H114: =IF($F114<>"",IFERROR(_xlfn.XLOOKUP($F114,Taxa_från_edp!$B:$B,Taxa_från_edp!C:C),""),"") | I114: =IF($F114<>"",IFERROR(_xlfn.XLOOKUP($F114,Taxa_från_edp!$B:$B,Taxa_från_edp!G:G),""),"") | J114: =IF($F114<>"",IFERROR(_xlfn.XLOOKUP($F114,Taxa_från_edp!$B:$B,Taxa_från_edp!K:K),""),"") | M114: =IFERROR(IF(J114<>"",J114*1.25,IF(K114<>"",K114*1.25,"")),"") | N114: =IFERROR(IF(J114<>"",L114*J114,IF(K114<>"",L114*K114,"")),"")
A115: §2.4.1 Fakturaavgift | G115: =IF($F115<>"",$F115,IFERROR(_xlfn.XLOOKUP(ROW(),Taxa_Saknas!$H:$H,Taxa_Saknas!$G:$G),"")) | H115: =IF($F115<>"",IFERROR(_xlfn.XLOOKUP($F115,Taxa_från_edp!$B:$B,Taxa_från_edp!C:C),""),"") | I115: =IF($F115<>"",IFERROR(_xlfn.XLOOKUP($F115,Taxa_från_edp!$B:$B,Taxa_från_edp!G:G),""),"") | J115: =IF($F115<>"",IFERROR(_xlfn.XLOOKUP($F115,Taxa_från_edp!$B:$B,Taxa_från_edp!K:K),""),"") | M115: =IFERROR(IF(J115<>"",J115*1.25,IF(K115<>"",K115*1.25,"")),"") | N115: =IFERROR(IF(J115<>"",L115*J115,IF(K115<>"",L115*K115,"")),"")
A116: §2.4.1 | M116: =IFERROR(IF(J116<>"",J116*1.25,IF(K116<>"",K116*1.25,"")),"") | N116: =IFERROR(IF(J116<>"",L116*J116,IF(K116<>"",L116*K116,"")),"")
A117: §2.4.1 | G117: =IF($F117<>"",$F117,IFERROR(_xlfn.XLOOKUP(ROW(),Taxa_Saknas!$H:$H,Taxa_Saknas!$G:$G),"")) | H117: =IF($F117<>"",IFERROR(_xlfn.XLOOKUP($F117,Taxa_från_edp!$B:$B,Taxa_från_edp!C:C),""),"") | I117: =IF($F117<>"",IFERROR(_xlfn.XLOOKUP($F117,Taxa_från_edp!$B:$B,Taxa_från_edp!G:G),""),"") | J117: =IF($F117<>"",IFERROR(_xlfn.XLOOKUP($F117,Taxa_från_edp!$B:$B,Taxa_från_edp!K:K),""),"") | M117: =IFERROR(IF(J117<>"",J117*1.25,IF(K117<>"",K117*1.25,"")),"") | N117: =IFERROR(IF(J117<>"",L117*J117,IF(K117<>"",L117*K117,"")),"")
A118: §2.4.2 Överviktsavgift kärl | G118: =IF($F118<>"",$F118,IFERROR(_xlfn.XLOOKUP(ROW(),Taxa_Saknas!$H:$H,Taxa_Saknas!$G:$G),"")) | H118: =IF($F118<>"",IFERROR(_xlfn.XLOOKUP($F118,Taxa_från_edp!$B:$B,Taxa_från_edp!C:C),""),"") | I118: =IF($F118<>"",IFERROR(_xlfn.XLOOKUP($F118,Taxa_från_edp!$B:$B,Taxa_från_edp!G:G),""),"") | J118: =IF($F118<>"",IFERROR(_xlfn.XLOOKUP($F118,Taxa_från_edp!$B:$B,Taxa_från_edp!K:K),""),"") | M118: =IFERROR(IF(J118<>"",J118*1.25,IF(K118<>"",K118*1.25,"")),"") | N118: =IFERROR(IF(J118<>"",L118*J118,IF(K118<>"",L118*K118,"")),"")
A119: §2.4.2 | G119: =IF($F119<>"",$F119,IFERROR(_xlfn.XLOOKUP(ROW(),Taxa_Saknas!$H:$H,Taxa_Saknas!$G:$G),"")) | H119: =IF($F119<>"",IFERROR(_xlfn.XLOOKUP($F119,Taxa_från_edp!$B:$B,Taxa_från_edp!C:C),""),"") | I119: =IF($F119<>"",IFERROR(_xlfn.XLOOKUP($F119,Taxa_från_edp!$B:$B,Taxa_från_edp!G:G),""),"") | J119: =IF($F119<>"",IFERROR(_xlfn.XLOOKUP($F119,Taxa_från_edp!$B:$B,Taxa_från_edp!K:K),""),"") | M119: =IFERROR(IF(J119<>"",J119*1.25,IF(K119<>"",K119*1.25,"")),"") | N119: =IFERROR(IF(J119<>"",L119*J119,IF(K119<>"",L119*K119,"")),"")
...

Sheet Taxepunkter_Rådata
A1: Paragraf | B1: Paragrafnamn | C1: Taxapunkt | D1: Variant | E1: Enhet | F1: Taxakod | G1: Taxabeskrivning | H1: Faktor | I1: Aktuellt pris (exkl m) | J1: Antal | K1: Pris (kr) | L1: Intäkt (kr)
A2: =Taxepunkter!A7 -> §2.1 | B2: =Taxepunkter!B7 -> Grundavgift | C2: =Taxepunkter!C7 -> En- och tvåbostadshus | D2: =Taxepunkter!D7 -> 0 | E2: =Taxepunkter!E7 -> st/år | F2: =Taxepunkter!F7 -> GRUNDSMÅ | G2: =Taxepunkter!G7 -> GRUNDSMÅ | H2: =Taxepunkter!H7 -> Grundavgift, småhus 1- och 2 familjshus | ... L2: =Taxepunkter!L7 -> 0
A3: =Taxepunkter!A8 -> §2.1 | B3: =Taxepunkter!B8 -> Grundavgift | C3: =Taxepunkter!C8 -> Fritidshus | D3: =Taxepunkter!D8 -> 0 | E3: =Taxepunkter!E8 -> st/år | F3: =Taxepunkter!F8 -> GRUNDFRI | G3: =Taxepunkter!G8 -> GRUNDFRI | H3: =Taxepunkter!H8 -> Grundavgift, fritidshus | ... L3: =Taxepunkter!L8 -> 0
A4: =Taxepunkter!A9 -> §2.1 | B4: =Taxepunkter!B9 -> Grundavgift | C4: =Taxepunkter!C9 -> Verksamhet | D4: =Taxepunkter!D9 -> 0 | E4: =Taxepunkter!E9 -> st/år | F4: =Taxepunkter!F9 -> GRUNDVHT | G4: =Taxepunkter!G9 -> GRUNDVHT | H4: =Taxepunkter!H9 -> Grundavgift, verksamheter | ... L4: =Taxepunkter!L9 -> 0
A5: =Taxepunkter!A10 -> §2.1 | B5: =Taxepunkter!B10 -> Grundavgift | C5: =Taxepunkter!C10 -> Lägenhet i flerbostadshus | D5: =Taxepunkter!D10 -> 0 | E5: =Taxepunkter!E10 -> st/år | F5: =Taxepunkter!F10 -> GRUNDFLB | G5: =Taxepunkter!G10 -> GRUNDFLB | H5: =Taxepunkter!H10 -> Grundavgift, del i flerbostadshus | ... L5: =Taxepunkter!L10 -> 0
A6: =Taxepunkter!A11 -> §2.1 | B6: =Taxepunkter!B11 -> Grundavgift | C6: =Taxepunkter!C11 -> Lägenhet för specialändamål | D6: =Taxepunkter!D11 -> 0 | E6: =Taxepunkter!E11 -> st/år | F6: =Taxepunkter!F11 -> GRUNDSPEC | G6: =Taxepunkter!G11 -> GRUNDSPEC | H6: =Taxepunkter!H11 | ... L6: =Taxepunkter!L11 -> 0
A7: =Taxepunkter!A12 -> §2.1 | B7: =Taxepunkter!B12 -> Grundavgift | C7: =Taxepunkter!C12 -> Anläggning | D7: =Taxepunkter!D12 -> 0 | E7: =Taxepunkter!E12 -> st/år | F7: =Taxepunkter!F12 -> GRUNDANL | G7: =Taxepunkter!G12 -> GRUNDANL | H7: =Taxepunkter!H12 | ... L7: =Taxepunkter!L12 -> 0
A8: =Taxepunkter!A13 -> §2.1 | B8: =Taxepunkter!B13 -> Grundavgift | C8: =Taxepunkter!C13 -> Säsongsbaserad uppställningsplats | D8: =Taxepunkter!D13 -> 0 | E8: =Taxepunkter!E13 -> st/år | F8: =Taxepunkter!F13 -> GRUNDSÄS | G8: =Taxepunkter!G13 -> GRUNDSÄS | H8: =Taxepunkter!H13 | ... L8: =Taxepunkter!L13 -> 0
A9: =Taxepunkter!A14 -> §2.1 | B9: =Taxepunkter!B14 -> Grundavgift | C9: =Taxepunkter!C14 -> Campingstuga/-lägenhet | D9: =Taxepunkter!D14 -> 0 | E9: =Taxepunkter!E14 -> st/år | F9: =Taxepunkter!F14 -> GRUNDCAMP | G9: =Taxepunkter!G14 -> GRUNDCAMP | H9: =Taxepunkter!H14 | ... L9: =Taxepunkter!L14 -> 0
A10: =Taxepunkter!A15 -> §2.1 | B10: =Taxepunkter!B15 -> Grundavgift | C10: =Taxepunkter!C15 -> Administrativ avgift vid beviljad dispens om uppehåll i hämtning eller eget omhändertagande av avfall under kommunalt ansvar | D10: =Taxepunkter!D15 -> 0 | E10: =Taxepunkter!E15 -> st/år | F10: =Taxepunkter!F15 -> ADMINDISP | G10: =Taxepunkter!G15 -> ADMINDISP | H10: =Taxepunkter!H15 | ... L10: =Taxepunkter!L15 -> 0
A11: =Taxepunkter!A17 -> §2.2.1 Hämtningsavgift per år för en- och tvåbostadshus | B11: =Taxepunkter!B17 -> 0 | C11: =Taxepunkter!C17 -> 0 | D11: =Taxepunkter!D17 -> 0 | E11: =Taxepunkter!E17 -> 0 | F11: =Taxepunkter!F17 -> 0 | G11: =Taxepunkter!G17 | H11: =Taxepunkter!H17 | ... L11: =Taxepunkter!L17 -> 0
A12: =Taxepunkter!A18 -> §2.2.1 | B12: =Taxepunkter!B18 -> Hämtningsavgift per år för en- och tvåbostadshus | C12: =Taxepunkter!C18 -> Kärl 240 l (mat-/restavfall) | D12: =Taxepunkter!D18 -> Hämtning var 14:e dag | E12: =Taxepunkter!E18 -> st/år | F12: =Taxepunkter!F18 -> KÄ240RM26 | G12: =Taxepunkter!G18 -> KÄ240RM26 | H12: =Taxepunkter!H18 -> Tvåfackskärl 240L, rest/matavfall. Var 14:e dag | ... L12: =Taxepunkter!L18 -> 0
A13: =Taxepunkter!A20 -> §2.2.1 | B13: =Taxepunkter!B20 -> Hämtningsavgift per år för en- och tvåbostadshus | C13: =Taxepunkter!C20 -> Extrakärl 190 l (restavfall) | D13: =Taxepunkter!D20 -> Hämtning var 14:e dag | E13: =Taxepunkter!E20 -> st/år | F13: =Taxepunkter!F20 -> KÄ190XRM26 | G13: =Taxepunkter!G20 -> KÄ190XRM26 | H13: =Taxepunkter!H20 -> Kärl 120-190L extrakärl, rest/matavfall. Var 14:e dag | ... L13: =Taxepunkter!L20 -> 0
A14: =Taxepunkter!A21 -> §2.2.1 | B14: =Taxepunkter!B21 -> Hämtningsavgift per år för en- och tvåbostadshus | C14: =Taxepunkter!C21 -> Extrakärl 190 l (restavfall) | D14: =Taxepunkter!D21 -> Hämtning månadsvis | E14: =Taxepunkter!E21 -> st/år | F14: =Taxepunkter!F21 -> KÄ190XRM12 | G14: =Taxepunkter!G21 -> KÄ190XRM12 | H14: =Taxepunkter!H21 | ... L14: =Taxepunkter!L21 -> 0
A15: =Taxepunkter!A23 -> §2.2.1 | B15: =Taxepunkter!B23 -> 0 | C15: =Taxepunkter!C23 -> 0 | D15: =Taxepunkter!D23 -> 0 | E15: =Taxepunkter!E23 -> 0 | F15: =Taxepunkter!F23 -> 0 | G15: =Taxepunkter!G23 | H15: =Taxepunkter!H23 | ... L15: =Taxepunkter!L23 -> 0
A16: =Taxepunkter!A24 -> §2.2.2 Hämtningsavgift per år för fritidshus | B16: =Taxepunkter!B24 -> 0 | C16: =Taxepunkter!C24 -> 0 | D16: =Taxepunkter!D24 -> 0 | E16: =Taxepunkter!E24 -> 0 | F16: =Taxepunkter!F24 -> 0 | G16: =Taxepunkter!G24 | H16: =Taxepunkter!H24 | ... L16: =Taxepunkter!L24 -> 0
A17: =Taxepunkter!A25 -> §2.2.2 | B17: =Taxepunkter!B25 -> Hämtningsavgift per år för fritidshus | C17: =Taxepunkter!C25 -> Kärl 240 l (mat-/restavfall) | D17: =Taxepunkter!D25 -> Hämtning var 14:e dag | E17: =Taxepunkter!E25 -> st/år | F17: =Taxepunkter!F25 -> KÄ240RM26FRI | G17: =Taxepunkter!G25 -> KÄ240RM26FRI | H17: =Taxepunkter!H25 -> Tvåfackskärl 240L, rest/matavfall. Var 14:e dag fritidshus | ... L17: =Taxepunkter!L25 -> 0
A18: =Taxepunkter!A26 -> §2.2.2 | B18: =Taxepunkter!B26 -> Hämtningsavgift per år för fritidshus | C18: =Taxepunkter!C26 -> Kärl 240 l (mat-/restavfall) | D18: =Taxepunkter!D26 -> Hämtning månadsvis | E18: =Taxepunkter!E26 -> st/år | F18: =Taxepunkter!F26 -> KÄ240RM12FRI | G18: =Taxepunkter!G26 -> KÄ240RM12FRI | H18: =Taxepunkter!H26 | ... L18: =Taxepunkter!L26 -> 0
A19: =Taxepunkter!A27 -> §2.2.2 | B19: =Taxepunkter!B27 -> Hämtningsavgift per år för fritidshus | C19: =Taxepunkter!C27 -> Extrakärl 190 l (restavfall) | D19: =Taxepunkter!D27 -> Hämtning var 14:e dag | E19: =Taxepunkter!E27 -> st/år | F19: =Taxepunkter!F27 -> KÄ190XRM26FRI | G19: =Taxepunkter!G27 -> KÄ190XRM26FRI | H19: =Taxepunkter!H27 | ... L19: =Taxepunkter!L27 -> 0
A20: =Taxepunkter!A29 -> §2.2.2 | B20: =Taxepunkter!B29 -> Hämtningsavgift per år för fritidshus | C20: =Taxepunkter!C29 -> Kärl 370 l (papper-/plastförpackningar) | D20: =Taxepunkter!D29 -> Kostnadsfritt | E20: =Taxepunkter!E29 -> st/år | F20: =Taxepunkter!F29 -> KÄ370FP | G20: =Taxepunkter!G29 -> KÄ370FP | H20: =Taxepunkter!H29 | ... L20: =Taxepunkter!L29 -> 0
A21: =Taxepunkter!A30 -> §2.2.2 | B21: =Taxepunkter!B30 -> 0 | C21: =Taxepunkter!C30 -> 0 | D21: =Taxepunkter!D30 -> 0 | E21: =Taxepunkter!E30 -> 0 | F21: =Taxepunkter!F30 -> 0 | G21: =Taxepunkter!G30 | H21: =Taxepunkter!H30 | ... L21: =Taxepunkter!L30 -> 0
A22: =Taxepunkter!A31 -> §2.2.3 Gemensam uppsamlingsplats inom hämtningsområde X | B22: =Taxepunkter!B31 -> 0 | C22: =Taxepunkter!C31 -> 0 | D22: =Taxepunkter!D31 -> 0 | E22: =Taxepunkter!E31 -> 0 | F22: =Taxepunkter!F31 -> 0 | G22: =Taxepunkter!G31 | H22: =Taxepunkter!H31 | ... L22: =Taxepunkter!L31 -> 0
A23: =Taxepunkter!A32 -> §2.2.3 | B23: =Taxepunkter!B32 -> Gemensam uppsamlingsplats inom hämtningsområde X | C23: =Taxepunkter!C32 -> Gemensam uppsamlingsplats för mat-/restavfall | D23: =Taxepunkter!D32 -> 0 | E23: =Taxepunkter!E32 -> st/år | F23: =Taxepunkter!F32 -> GEMUPPFRI | G23: =Taxepunkter!G32 -> GEMUPPFRI | H23: =Taxepunkter!H32 -> Gemensam uppsamlingsplats, fritidshus | ... L23: =Taxepunkter!L32 -> 0
A24: =Taxepunkter!A33 -> §2.2.3 | B24: =Taxepunkter!B33 -> Gemensam uppsamlingsplats inom hämtningsområde X | C24: =Taxepunkter!C33 -> Gemensam uppsamlingsplats för förpackningar | D24: =Taxepunkter!D33 -> Kostnadsfritt | E24: =Taxepunkter!E33 -> st/år | F24: =Taxepunkter!F33 -> GEMUPPFRI | G24: =Taxepunkter!G33 -> GEMUPPFRI | H24: =Taxepunkter!H33 -> Gemensam uppsamlingsplats, fritidshus | ... L24: =Taxepunkter!L33 -> 0
A25: =Taxepunkter!A34 -> §2.2.3 | B25: =Taxepunkter!B34 -> Gemensam uppsamlingsplats inom hämtningsområde X | C25: =Taxepunkter!C34 -> Extra digital licens (årskostnad) | D25: =Taxepunkter!D34 -> 0 | E25: =Taxepunkter!E34 -> st/år | F25: =Taxepunkter!F34 -> GEMUPPEXTRAFRI | G25: =Taxepunkter!G34 -> GEMUPPEXTRAFRI | H25: =Taxepunkter!H34 -> Extra mobilnyckel till Gemensam uppsamlingsplats, fritidshus | ... L25: =Taxepunkter!L34 -> 0
A26: =Taxepunkter!A35 -> §2.2.3 | B26: =Taxepunkter!B35 -> Gemensam uppsamlingsplats inom hämtningsområde X | C26: =Taxepunkter!C35 -> Fysisk nyckel, kallad fob (engångskostnad) | D26: =Taxepunkter!D35 -> 0 | E26: =Taxepunkter!E35 -> st/tillfälle | F26: =Taxepunkter!F35 -> FOBFRI | G26: =Taxepunkter!G35 -> FOBFRI | H26: =Taxepunkter!H35 -> Nyckelfob mat- och restavfall fritidshus (engångs) | ... L26: =Taxepunkter!L35 -> 0
A27: =Taxepunkter!A36 -> §2.2.3 | B27: =Taxepunkter!B36 -> Gemensam uppsamlingsplats inom hämtningsområde X | C27: =Taxepunkter!C36 -> Byte av telefonnummer kopplat till licens | D27: =Taxepunkter!D36 -> 0 | E27: =Taxepunkter!E36 -> st/tillfälle | F27: =Taxepunkter!F36 -> GEMUPPBYTE | G27: =Taxepunkter!G36 -> GEMUPPBYTE | H27: =Taxepunkter!H36 | ... L27: =Taxepunkter!L36 -> 0
A28: =Taxepunkter!A37 -> §2.2.3 | B28: =Taxepunkter!B37 -> Gemensam uppsamlingsplats inom hämtningsområde X | C28: =Taxepunkter!C37 -> Kostnad för öppning av behållare | D28: =Taxepunkter!D37 -> 0 | E28: =Taxepunkter!E37 -> st/tillfälle | F28: =Taxepunkter!F37 -> GEMUPPÖPP | G28: =Taxepunkter!G37 -> GEMUPPÖPP | H28: =Taxepunkter!H37 | ... L28: =Taxepunkter!L37 -> 0
A29: =Taxepunkter!A38 -> §2.2.3 | B29: =Taxepunkter!B38 -> 0 | C29: =Taxepunkter!C38 -> 0 | D29: =Taxepunkter!D38 -> 0 | E29: =Taxepunkter!E38 -> 0 | F29: =Taxepunkter!F38 -> 0 | G29: =Taxepunkter!G38 | H29: =Taxepunkter!H38 | ... L29: =Taxepunkter!L38 -> 0
A30: =Taxepunkter!A39 -> §2.2.4 Hämtningsavgift per år för flerbostadshus | B30: =Taxepunkter!B39 -> 0 | C30: =Taxepunkter!C39 -> 0 | D30: =Taxepunkter!D39 -> 0 | E30: =Taxepunkter!E39 -> 0 | F30: =Taxepunkter!F39 -> 0 | G30: =Taxepunkter!G39 | H30: =Taxepunkter!H39 | ... L30: =Taxepunkter!L39 -> 0
A31: =Taxepunkter!A40 -> §2.2.4 | B31: =Taxepunkter!B40 -> Hämtningsavgift per år för flerbostadshus | C31: =Taxepunkter!C40 -> Kärl 240 l (mat-/restavfall) | D31: =Taxepunkter!D40 -> Hämtning varje vecka | E31: =Taxepunkter!E40 -> st/år | F31: =Taxepunkter!F40 -> KÄ240RM52FV | G31: =Taxepunkter!G40 -> KÄ240RM52FV | H31: =Taxepunkter!H40 -> Tvåfackskärl 240L, rest/matavfall. Varje vecka. FLB/VHT | ... L31: =Taxepunkter!L40 -> 0
... A48: =Taxepunkter!A57 -> §2.2.4 | B48: =Taxepunkter!B57 -> Hämtningsavgift per år för flerbostadshus | C48: =Taxepunkter!C57 -> Kärl 370 l (förpackningar) | D48: =Taxepunkter!D57 -> Hämtning månadsvis | E48: =Taxepunkter!E57 -> st/år | F48: =Taxepunkter!F57 -> KÄ370FP12FV | G48: =Taxepunkter!G57 -> KÄ370FP12FV | H48: =Taxepunkter!H57 | ... L48: =Taxepunkter!L57 -> 0
A49: =Taxepunkter!A59 -> §2.2.4 | B49: =Taxepunkter!B59 -> Hämtningsavgift per år för flerbostadshus | C49: =Taxepunkter!C59 -> Kärl 660 l (förpackningar) | D49: =Taxepunkter!D59 -> Hämtning var 14:e dag | E49: =Taxepunkter!E59 -> st/år | F49: =Taxepunkter!F59 -> KÄ660FP26FV | G49: =Taxepunkter!G59 -> KÄ660FP26FV | H49: =Taxepunkter!H59 | ... L49: =Taxepunkter!L59 -> 0
A50: =Taxepunkter!A60 -> §2.2.4 | B50: =Taxepunkter!B60 -> Hämtningsavgift per år för flerbostadshus | C50: =Taxepunkter!C60 -> Kärl 660 l (förpackningar) | D50: =Taxepunkter!D60 -> Hämtning månadsvis | E50: =Taxepunkter!E60 -> st/år | F50: =Taxepunkter!F60 -> KÄ660FP12FV | G50: =Taxepunkter!G60 -> KÄ660FP12FV | H50: =Taxepunkter!H60 | ... L50: =Taxepunkter!L60 -> 0
A51: =Taxepunkter!A61 -> §2.2.4 | B51: =Taxepunkter!B61 -> Hämtningsavgift per år för flerbostadshus | C51: =Taxepunkter!C61 -> Kärl 190 l (tidningar och returpapper) | D51: =Taxepunkter!D61 -> Hämtning varje vecka | E51: =Taxepunkter!E61 -> st/år | F51: =Taxepunkter!F61 -> KÄ190TI52FV | G51: =Taxepunkter!G61 -> KÄ190TI52FV | H51: =Taxepunkter!H61 | ... L51: =Taxepunkter!L61 -> 0
A52: =Taxepunkter!A62 -> §2.2.4 | B52: =Taxepunkter!B62 -> Hämtningsavgift per år för flerbostadshus | C52: =Taxepunkter!C62 -> Kärl 190 l (tidningar och returpapper) | D52: =Taxepunkter!D62 -> Hämtning var 14:e dag | E52: =Taxepunkter!E62 -> st/år | F52: =Taxepunkter!F62 -> KÄ190TI26FV | G52: =Taxepunkter!G62 -> KÄ190TI26FV | H52: =Taxepunkter!H62 | ... L52: =Taxepunkter!L62 -> 0
A53: =Taxepunkter!A63 -> §2.2.4 | B53: =Taxepunkter!B63 -> Hämtningsavgift per år för flerbostadshus | C53: =Taxepunkter!C63 -> Kärl 190 l (tidningar och returpapper) | D53: =Taxepunkter!D63 -> Hämtning månadsvis | E53: =Taxepunkter!E63 -> st/år | F53: =Taxepunkter!F63 -> KÄ190TI12FV | G53: =Taxepunkter!G63 -> KÄ190TI12FV | H53: =Taxepunkter!H63 | ... L53: =Taxepunkter!L63 -> 0
A54: =Taxepunkter!A64 -> §2.2.4 | B54: =Taxepunkter!B64 -> Hämtningsavgift per år för flerbostadshus | C54: =Taxepunkter!C64 -> Kärl 370 l (tidningar och returpapper) | D54: =Taxepunkter!D64 -> Hämtning varje vecka | E54: =Taxepunkter!E64 -> st/år | F54: =Taxepunkter!F64 -> KÄ370TI52FV | G54: =Taxepunkter!G64 -> KÄ370TI52FV | H54: =Taxepunkter!H64 | ... L54: =Taxepunkter!L64 -> 0
A55: =Taxepunkter!A65 -> §2.2.4 | B55: =Taxepunkter!B65 -> Hämtningsavgift per år för flerbostadshus | C55: =Taxepunkter!C65 -> Kärl 370 l (tidningar och returpapper) | D55: =Taxepunkter!D65 -> Hämtning var 14:e dag | E55: =Taxepunkter!E65 -> st/år | F55: =Taxepunkter!F65 -> KÄ370TI26FV | G55: =Taxepunkter!G65 -> KÄ370TI26FV | H55: =Taxepunkter!H65 | ... L55: =Taxepunkter!L65 -> 0
A56: =Taxepunkter!A66 -> §2.2.4 | B56: =Taxepunkter!B66 -> Hämtningsavgift per år för flerbostadshus | C56: =Taxepunkter!C66 -> Kärl 370 l (tidningar och returpapper) | D56: =Taxepunkter!D66 -> Hämtning månadsvis | E56: =Taxepunkter!E66 -> st/år | F56: =Taxepunkter!F66 -> KÄ370TI12FV | G56: =Taxepunkter!G66 -> KÄ370TI12FV | H56: =Taxepunkter!H66 | ... L56: =Taxepunkter!L66 -> 0
A57: =Taxepunkter!A67 -> §2.2.4 | B57: =Taxepunkter!B67 -> Hämtningsavgift per år för flerbostadshus | C57: =Taxepunkter!C67 -> Bottentömmande behållare (mat-/restavfall, förpackningar) | D57: =Taxepunkter!D67 -> Avgift per tömning | E57: =Taxepunkter!E67 -> st/tömning | F57: =Taxepunkter!F67 -> MBRMFPFV | G57: =Taxepunkter!G67 -> MBRMFPFV | H57: =Taxepunkter!H67 | ... L57: =Taxepunkter!L67 -> 0
A58: =Taxepunkter!A68 -> §2.2.4 | B58: =Taxepunkter!B68 -> Hämtningsavgift per år för flerbostadshus | C58: =Taxepunkter!C68 -> Bottentömmande behållare (mat-/restavfall, förpackningar) | D58: =Taxepunkter!D68 -> Tillägg för två tömningar per vecka | E58: =Taxepunkter!E68 -> st/tömning | F58: =Taxepunkter!F68 -> MBRMFP2VFV | G58: =Taxepunkter!G68 -> MBRMFP2VFV | H58: =Taxepunkter!H68 | ... L58: =Taxepunkter!L68 -> 0
A59: =Taxepunkter!A69 -> §2.2.4 | B59: =Taxepunkter!B69 -> Hämtningsavgift per år för flerbostadshus | C59: =Taxepunkter!C69 -> Gemensam uppsamlingsplats för mat-/restavfall, förpackningar | D59: =Taxepunkter!D69 -> Avgift per lägenhet | E59: =Taxepunkter!E69 -> lägenhet/år | F59: =Taxepunkter!F69 -> GEMUPPMRFPFLB | G59: =Taxepunkter!G69 -> GEMUPPMRFPFLB | H59: =Taxepunkter!H69 | ... L59: =Taxepunkter!L69 -> 0
A60: =Taxepunkter!A70 -> §2.2.4 | B60: =Taxepunkter!B70 -> 0 | C60: =Taxepunkter!C70 -> 0 | D60: =Taxepunkter!D70 -> 0 | E60: =Taxepunkter!E70 -> 0 | F60: =Taxepunkter!F70 -> 0 | G60: =Taxepunkter!G70 | H60: =Taxepunkter!H70 | ... L60: =Taxepunkter!L70 -> 0
A61: =Taxepunkter!A71 -> §2.2.5 Hämtningsavgift per år för verksamheter | B61: =Taxepunkter!B71 -> 0 | C61: =Taxepunkter!C71 -> 0 | D61: =Taxepunkter!D71 -> 0 | E61: =Taxepunkter!E71 -> 0 | F61: =Taxepunkter!F71 -> 0 | G61: =Taxepunkter!G71 | H61: =Taxepunkter!H71 | ... L61: =Taxepunkter!L71 -> 0
A62: =Taxepunkter!A73 -> §2.2.5 | B62: =Taxepunkter!B73 -> Hämtningsavgift per år för verksamheter | C62: =Taxepunkter!C73 -> Kärl 240 l (mat-/restavfall) | D62: =Taxepunkter!D73 -> Hämtning var 14:e dag | E62: =Taxepunkter!E73 -> st/år | F62: =Taxepunkter!F73 -> KÄ240RM26FV | G62: =Taxepunkter!G73 -> KÄ240RM26FV | H62: =Taxepunkter!H73 -> Tvåfackskärl 240L, rest/matavfall. Var 14:e dag. FLB/VHT | ... L62: =Taxepunkter!L73 -> 0
A63: =Taxepunkter!A74 -> §2.2.5 | B63: =Taxepunkter!B74 -> Hämtningsavgift per år för verksamheter | C63: =Taxepunkter!C74 -> Kärl 240 l (mat-/restavfall) | D63: =Taxepunkter!D74 -> Hämtning månadsvis | E63: =Taxepunkter!E74 -> st/år | F63: =Taxepunkter!F74 -> 0 | G63: =Taxepunkter!G74 -> KÄ240RM12FV | H63: =Taxepunkter!H74 | ... L63: =Taxepunkter!L74 -> 0
A64: =Taxepunkter!A75 -> §2.2.5 | B64: =Taxepunkter!B75 -> Hämtningsavgift per år för verksamheter | C64: =Taxepunkter!C75 -> Kärl 370 l (restavfall) | D64: =Taxepunkter!D75 -> Hämtning varje vecka | E64: =Taxepunkter!E75 -> st/år | F64: =Taxepunkter!F75 -> KÄ370RE52FV | G64: =Taxepunkter!G75 -> KÄ370RE52FV | H64: =Taxepunkter!H75 -> Kärl 370L, restavfall. Varje vecka. FLB/VHT | ... L64: =Taxepunkter!L75 -> 0
A65: =Taxepunkter!A77 -> §2.2.5 | B65: =Taxepunkter!B77 -> Hämtningsavgift per år för verksamheter | C65: =Taxepunkter!C77 -> Kärl 370 l (restavfall) | D65: =Taxepunkter!D77 -> Hämtning månadsvis | E65: =Taxepunkter!E77 -> st/år | F65: =Taxepunkter!F77 -> 0 | G65: =Taxepunkter!G77 -> KÄ370RE12FV | H65: =Taxepunkter!H77 | ... L65: =Taxepunkter!L77 -> 0
A66: =Taxepunkter!A78 -> §2.2.5 | B66: =Taxepunkter!B78 -> Hämtningsavgift per år för verksamheter | C66: =Taxepunkter!C78 -> Kärl 660 l (restavfall) | D66: =Taxepunkter!D78 -> Hämtning varje vecka | E66: =Taxepunkter!E78 -> st/år | F66: =Taxepunkter!F78 -> KÄ660RE52FV | G66: =Taxepunkter!G78 -> KÄ660RE52FV | H66: =Taxepunkter!H78 -> Kärl 660L, restavfall. Varje vecka. FLB/VHT | ... L66: =Taxepunkter!L78 -> 0
A67: =Taxepunkter!A80 -> §2.2.5 | B67: =Taxepunkter!B80 -> Hämtningsavgift per år för verksamheter | C67: =Taxepunkter!C80 -> Kärl 660 l (restavfall) | D67: =Taxepunkter!D80 -> Hämtning månadsvis | E67: =Taxepunkter!E80 -> st/år | F67: =Taxepunkter!F80 -> 0 | G67: =Taxepunkter!G80 -> KÄ660RE12FV | H67: =Taxepunkter!H80 | ... L67: =Taxepunkter!L80 -> 0
A68: =Taxepunkter!A81 -> §2.2.5 | B68: =Taxepunkter!B81 -> Hämtningsavgift per år för verksamheter | C68: =Taxepunkter!C81 -> Kärl 140 l (matavfall) | D68: =Taxepunkter!D81 -> Hämtning varje vecka | E68: =Taxepunkter!E81 -> st/år | F68: =Taxepunkter!F81 -> KÄ140MA52FV | G68: =Taxepunkter!G81 -> KÄ140MA52FV | H68: =Taxepunkter!H81 -> Kärl 140L, matavfall. Varje vecka. FLB/VHT | ... L68: =Taxepunkter!L81 -> 0
A69: =Taxepunkter!A83 -> §2.2.5 | B69: =Taxepunkter!B83 -> Hämtningsavgift per år för verksamheter | C69: =Taxepunkter!C83 -> Kärl 140 l (matavfall) | D69: =Taxepunkter!D83 -> Hämtning månadsvis | E69: =Taxepunkter!E83 -> st/år | F69: =Taxepunkter!F83 -> 0 | G69: =Taxepunkter!G83 -> KÄ140MA12FV | H69: =Taxepunkter!H83 | ... L69: =Taxepunkter!L83 -> 0
A70: =Taxepunkter!A85 -> §2.2.5 | B70: =Taxepunkter!B85 -> Hämtningsavgift per år för verksamheter | C70: =Taxepunkter!C85 -> Lastväxlarflak (restavfall) | D70: =Taxepunkter!D85 -> Avgift per tömning | E70: =Taxepunkter!E85 -> st/tömning | F70: =Taxepunkter!F85 -> LVREFV | G70: =Taxepunkter!G85 -> LVREFV | H70: =Taxepunkter!H85 | ... L70: =Taxepunkter!L85 -> 0
A71: =Taxepunkter!A86 -> §2.2.5 | B71: =Taxepunkter!B86 -> Hämtningsavgift per år för verksamheter | C71: =Taxepunkter!C86 -> Bottentömmande behållare (mat-/restavfall) | D71: =Taxepunkter!D86 -> Tillägg för två tömningar per vecka | E71: =Taxepunkter!E86 -> st/tömning | F71: =Taxepunkter!F86 -> MBRM2VFV | G71: =Taxepunkter!G86 -> MBRM2VFV | H71: =Taxepunkter!H86 | ... L71: =Taxepunkter!L86 -> 0
A72: =Taxepunkter!A87 -> §2.2.5 | B72: =Taxepunkter!B87 -> 0 | C72: =Taxepunkter!C87 -> 0 | D72: =Taxepunkter!D87 -> 0 | E72: =Taxepunkter!E87 -> 0 | F72: =Taxepunkter!F87 -> 0 | G72: =Taxepunkter!G87 | H72: =Taxepunkter!H87 | ... L72: =Taxepunkter!L87 -> 0
A73: =Taxepunkter!A88 -> §2.2.6 Hämtningsavgift per år för verksamhet inom detaljhandeln med beviljad hantering av kommunalt avfall | B73: =Taxepunkter!B88 -> 0 | C73: =Taxepunkter!C88 -> 0 | D73: =Taxepunkter!D88 -> 0 | E73: =Taxepunkter!E88 -> 0 | F73: =Taxepunkter!F88 -> 0 | G73: =Taxepunkter!G88 | H73: =Taxepunkter!H88 | ... L73: =Taxepunkter!L88 -> 0
A74: =Taxepunkter!A89 -> §2.2.6 | B74: =Taxepunkter!B89 -> Hämtningsavgift per år för verksamhet inom detaljhandeln med beviljad hantering av kommunalt avfall | C74: =Taxepunkter!C89 -> Kärl 240 l (mat-/restavfall) | D74: =Taxepunkter!D89 -> Hämtning varje vecka | E74: =Taxepunkter!E89 -> st/år | F74: =Taxepunkter!F89 -> KÄ240RM52DH | G74: =Taxepunkter!G89 -> KÄ240RM52DH | H74: =Taxepunkter!H89 | ... L74: =Taxepunkter!L89 -> 0
A75: =Taxepunkter!A90 -> §2.2.6 | B75: =Taxepunkter!B90 -> Hämtningsavgift per år för verksamhet inom detaljhandeln med beviljad hantering av kommunalt avfall | C75: =Taxepunkter!C90 -> Kärl 240 l (mat-/restavfall) | D75: =Taxepunkter!D90 -> Hämtning var 14:e dag | E75: =Taxepunkter!E90 -> st/år | F75: =Taxepunkter!F90 -> KÄ240RM26DH | G75: =Taxepunkter!G90 -> KÄ240RM26DH | H75: =Taxepunkter!H90 | ... L75: =Taxepunkter!L90 -> 0
A76: =Taxepunkter!A92 -> §2.2.6 | B76: =Taxepunkter!B92 -> Hämtningsavgift per år för verksamhet inom detaljhandeln med beviljad hantering av kommunalt avfall | C76: =Taxepunkter!C92 -> Kärl 370 l (restavfall) | D76: =Taxepunkter!D92 -> Hämtning varje vecka | E76: =Taxepunkter!E92 -> st/år | F76: =Taxepunkter!F92 -> KÄ370RE52DH | G76: =Taxepunkter!G92 -> KÄ370RE52DH | H76: =Taxepunkter!H92 | ... L76: =Taxepunkter!L92 -> 0
A77: =Taxepunkter!A93 -> §2.2.6 | B77: =Taxepunkter!B93 -> Hämtningsavgift per år för verksamhet inom detaljhandeln med beviljad hantering av kommunalt avfall | C77: =Taxepunkter!C93 -> Kärl 370 l (restavfall) | D77: =Taxepunkter!D93 -> Hämtning var 14:e dag | E77: =Taxepunkter!E93 -> st/år | F77: =Taxepunkter!F93 -> KÄ370RE26DH | G77: =Taxepunkter!G93 -> KÄ370RE26DH | H77: =Taxepunkter!H93 | ... L77: =Taxepunkter!L93 -> 0
A78: =Taxepunkter!A95 -> §2.2.6 | B78: =Taxepunkter!B95 -> Hämtningsavgift per år för verksamhet inom detaljhandeln med beviljad hantering av kommunalt avfall | C78: =Taxepunkter!C95 -> Kärl 660 l (restavfall) | D78: =Taxepunkter!D95 -> Hämtning varje vecka | E78: =Taxepunkter!E95 -> st/år | F78: =Taxepunkter!F95 -> KÄ660RE52DH | G78: =Taxepunkter!G95 -> KÄ660RE52DH | H78: =Taxepunkter!H95 | ... L78: =Taxepunkter!L95 -> 0
A79: =Taxepunkter!A96 -> §2.2.6 | B79: =Taxepunkter!B96 -> Hämtningsavgift per år för verksamhet inom detaljhandeln med beviljad hantering av kommunalt avfall | C79: =Taxepunkter!C96 -> Kärl 660 l (restavfall) | D79: =Taxepunkter!D96 -> Hämtning var 14:e dag | E79: =Taxepunkter!E96 -> st/år | F79: =Taxepunkter!F96 -> KÄ660RE26DH | G79: =Taxepunkter!G96 -> KÄ660RE26DH | H79: =Taxepunkter!H96 | ... L79: =Taxepunkter!L96 -> 0
A80: =Taxepunkter!A98 -> §2.2.6 | B80: =Taxepunkter!B98 -> Hämtningsavgift per år för verksamhet inom detaljhandeln med beviljad hantering av kommunalt avfall | C80: =Taxepunkter!C98 -> Kärl 140 l (matavfall) | D80: =Taxepunkter!D98 -> Hämtning varje vecka | E80: =Taxepunkter!E98 -> st/år | F80: =Taxepunkter!F98 -> KÄ140MA52DH | G80: =Taxepunkter!G98 -> KÄ140MA52DH | H80: =Taxepunkter!H98 | ... L80: =Taxepunkter!L98 -> 0
A81: =Taxepunkter!A99 -> §2.2.6 | B81: =Taxepunkter!B99 -> Hämtningsavgift per år för verksamhet inom detaljhandeln med beviljad hantering av kommunalt avfall | C81: =Taxepunkter!C99 -> Kärl 140 l (matavfall) | D81: =Taxepunkter!D99 -> Hämtning var 14:e dag | E81: =Taxepunkter!E99 -> st/år | F81: =Taxepunkter!F99 -> KÄ140MA26DH | G81: =Taxepunkter!G99 -> KÄ140MA26DH | H81: =Taxepunkter!H99 | ... L81: =Taxepunkter!L99 -> 0
A82: =Taxepunkter!A100 -> §2.2.6 | B82: =Taxepunkter!B100 -> Hämtningsavgift per år för verksamhet inom detaljhandeln med beviljad hantering av kommunalt avfall | C82: =Taxepunkter!C100 -> Kärl 140 l (matavfall) | D82: =Taxepunkter!D100 -> Hämtning månadsvis | E82: =Taxepunkter!E100 -> st/år | F82: =Taxepunkter!F100 -> KÄ140MA12DH | G82: =Taxepunkter!G100 -> KÄ140MA12DH | H82: =Taxepunkter!H100 | ... L82: =Taxepunkter!L100 -> 0
A83: =Taxepunkter!A102 -> §2.2.6 | B83: =Taxepunkter!B102 -> Hämtningsavgift per år för verksamhet inom detaljhandeln med beviljad hantering av kommunalt avfall | C83: =Taxepunkter!C102 -> Lastväxlarflak (restavfall) | D83: =Taxepunkter!D102 -> Avgift per tömning | E83: =Taxepunkter!E102 -> st/tömning | F83: =Taxepunkter!F102 -> LVREDH | G83: =Taxepunkter!G102 -> LVREDH | H83: =Taxepunkter!H102 | ... L83: =Taxepunkter!L102 -> 0
A84: =Taxepunkter!A103 -> §2.2.6 | B84: =Taxepunkter!B103 -> Hämtningsavgift per år för verksamhet inom detaljhandeln med beviljad hantering av kommunalt avfall | C84: =Taxepunkter!C103 -> Bottentömmande behållare (mat-/restavfall) | D84: =Taxepunkter!D103 -> Tillägg för två tömningar per vecka | E84: =Taxepunkter!E103 -> st/tömning | F84: =Taxepunkter!F103 -> MBRM2VDH | G84: =Taxepunkter!G103 -> MBRM2VDH | H84: =Taxepunkter!H103 | ... L84: =Taxepunkter!L103 -> 0
A85: =Taxepunkter!A105 -> §2.2.7 Verksamheter med beviljad hantering av förbrukat matfett, kontorspapper eller returpapper | B85: =Taxepunkter!B105 -> 0 | C85: =Taxepunkter!C105 -> 0 | D85: =Taxepunkter!D105 -> 0 | E85: =Taxepunkter!E105 -> 0 | F85: =Taxepunkter!F105 -> 0 | G85: =Taxepunkter!G105 | H85: =Taxepunkter!H105 | ... L85: =Taxepunkter!L105 -> 0
A86: =Taxepunkter!A106 -> §2.2.7 | B86: =Taxepunkter!B106 -> Verksamheter med beviljad hantering av förbrukat matfett, kontorspapper eller returpapper | C86: =Taxepunkter!C106 -> Kärl 140 l (kontors-/returpapper) | D86: =Taxepunkter!D106 -> 0 | E86: =Taxepunkter!E106 -> st/år | F86: =Taxepunkter!F106 -> KÄ140TI | G86: =Taxepunkter!G106 -> KÄ140TI | H86: =Taxepunkter!H106 | ... L86: =Taxepunkter!L106 -> 0
A87: =Taxepunkter!A107 -> §2.2.7 | B87: =Taxepunkter!B107 -> 0 | C87: =Taxepunkter!C107 -> 0 | D87: =Taxepunkter!D107 -> 0 | E87: =Taxepunkter!E107 -> 0 | F87: =Taxepunkter!F107 -> 0 | G87: =Taxepunkter!G107 -> EGENKONTRET | H87: =Taxepunkter!H107 | ... L87: =Taxepunkter!L107 -> 0
A88: =Taxepunkter!A108 -> §2.2.7 | B88: =Taxepunkter!B108 -> Verksamheter med beviljad hantering av förbrukat matfett, kontorspapper eller returpapper | C88: =Taxepunkter!C108 -> Egen överlämning av förbrukat matfett enligt anvisning | D88: =Taxepunkter!D108 -> 0 | E88: =Taxepunkter!E108 -> st/år | F88: =Taxepunkter!F108 -> EGENMATFETT | G88: =Taxepunkter!G108 -> EGENMATFETT | H88: =Taxepunkter!H108 | ... L88: =Taxepunkter!L108 -> 0
A89: =Taxepunkter!A109 -> §2.2.7 | B89: =Taxepunkter!B109 -> 0 | C89: =Taxepunkter!C109 -> 0 | D89: =Taxepunkter!D109 -> 0 | E89: =Taxepunkter!E109 -> 0 | F89: =Taxepunkter!F109 -> 0 | G89: =Taxepunkter!G109 | H89: =Taxepunkter!H109 | ... L89: =Taxepunkter!L109 -> 0
A90: =Taxepunkter!A111 -> §2.3 | B90: =Taxepunkter!B111 -> Rörlig avgift (gäller ej gemensam uppsamlingsplats) | C90: =Taxepunkter!C111 -> Viktavgift matavfall | D90: =Taxepunkter!D111 -> 0 | E90: =Taxepunkter!E111 -> kr/kg | F90: =Taxepunkter!F111 -> 0 | G90: =Taxepunkter!G111 | H90: =Taxepunkter!H111 | ... L90: =Taxepunkter!L111 -> 0
A91: =Taxepunkter!A112 -> §2.3 | B91: =Taxepunkter!B112 -> Rörlig avgift (gäller ej gemensam uppsamlingsplats) | C91: =Taxepunkter!C112 -> Viktavgift restavfall | D91: =Taxepunkter!D112 -> 0 | E91: =Taxepunkter!E112 -> kr/kg | F91: =Taxepunkter!F112 -> 0 | G91: =Taxepunkter!G112 | H91: =Taxepunkter!H112 | ... L91: =Taxepunkter!L112 -> 0
A92: =Taxepunkter!A113 -> §2.3 | B92: =Taxepunkter!B113 -> 0 | C92: =Taxepunkter!C113 -> 0 | D92: =Taxepunkter!D113 -> 0 | E92: =Taxepunkter!E113 -> 0 | F92: =Taxepunkter!F113 -> 0 | G92: =Taxepunkter!G113 | H92: =Taxepunkter!H113 | ... L92: =Taxepunkter!L113 -> 0
A93: =Taxepunkter!A114 -> §2.3 | B93: =Taxepunkter!B114 -> 0 | C93: =Taxepunkter!C114 -> 0 | D93: =Taxepunkter!D114 -> 0 | E93: =Taxepunkter!E114 -> 0 | F93: =Taxepunkter!F114 -> 0 | G93: =Taxepunkter!G114 | H93: =Taxepunkter!H114 | ... L93: =Taxepunkter!L114 -> 0
A94: =Taxepunkter!A115 -> §2.4.1 Fakturaavgift | B94: =Taxepunkter!B115 -> 0 | C94: =Taxepunkter!C115 -> 0 | D94: =Taxepunkter!D115 -> 0 | E94: =Taxepunkter!E115 -> 0 | F94: =Taxepunkter!F115 -> 0 | G94: =Taxepunkter!G115 | H94: =Taxepunkter!H115 | ... L94: =Taxepunkter!L115 -> 0
A95: =Taxepunkter!A117 -> §2.4.1 | B95: =Taxepunkter!B117 -> 0 | C95: =Taxepunkter!C117 -> 0 | D95: =Taxepunkter!D117 -> 0 | E95: =Taxepunkter!E117 -> 0 | F95: =Taxepunkter!F117 -> 0 | G95: =Taxepunkter!G117 | H95: =Taxepunkter!H117 | ... L95: =Taxepunkter!L117 -> 0
A96: =Taxepunkter!A118 -> §2.4.2 Överviktsavgift kärl | B96: =Taxepunkter!B118 -> 0 | C96: =Taxepunkter!C118 -> 0 | D96: =Taxepunkter!D118 -> 0 | E96: =Taxepunkter!E118 -> 0 | F96: =Taxepunkter!F118 -> 0 | G96: =Taxepunkter!G118 | H96: =Taxepunkter!H118 | ... L96: =Taxepunkter!L118 -> 0
A97: =Taxepunkter!A120 -> §2.4.2 | B97: =Taxepunkter!B120 -> Överviktsavgift kärl | C97: =Taxepunkter!C120 -> Delat kärl 240 l restavfall | D97: =Taxepunkter!D120 -> Över 40 kg | E97: =Taxepunkter!E120 -> kr/kg | F97: =Taxepunkter!F120 -> 0 | G97: =Taxepunkter!G120 | H97: =Taxepunkter!H120 | ... L97: =Taxepunkter!L120 -> 0
A98: =Taxepunkter!A121 -> §2.4.2 | B98: =Taxepunkter!B121 -> Överviktsavgift kärl | C98: =Taxepunkter!C121 -> Extra kärl 140 l matavfall | D98: =Taxepunkter!D121 -> Över 60 kg | E98: =Taxepunkter!E121 -> kr/kg | F98: =Taxepunkter!F121 -> 0 | G98: =Taxepunkter!G121 | H98: =Taxepunkter!H121 | ... L98: =Taxepunkter!L121 -> 0
A99: =Taxepunkter!A122 -> §2.4.2 | B99: =Taxepunkter!B122 -> 0 | C99: =Taxepunkter!C122 -> 0 | D99: =Taxepunkter!D122 -> 0 | E99: =Taxepunkter!E122 -> 0 | F99: =Taxepunkter!F122 -> 0 | G99: =Taxepunkter!G122 | H99: =Taxepunkter!H122 | ... L99: =Taxepunkter!L122 -> 0
A100: =Taxepunkter!A123 -> §2.4.2 | B100: =Taxepunkter!B123 -> Överviktsavgift kärl | C100: =Taxepunkter!C123 -> Kärl 370 l restavfall | D100: =Taxepunkter!D123 -> Över 60 kg | E100: =Taxepunkter!E123 -> kr/kg | F100: =Taxepunkter!F123 -> 0 | G100: =Taxepunkter!G123 | H100: =Taxepunkter!H123 | ... L100: =Taxepunkter!L123 -> 0
A101: =Taxepunkter!A124 -> §2.4.2 | B101: =Taxepunkter!B124 -> Överviktsavgift kärl | C101: =Taxepunkter!C124 -> Kärl 660 l restavfall | D101: =Taxepunkter!D124 -> Över 100 kg | E101: =Taxepunkter!E124 -> kr/kg | F101: =Taxepunkter!F124 -> 0 | G101: =Taxepunkter!G124 | H101: =Taxepunkter!H124 | ... L101: =Taxepunkter!L124 -> 0
A102: =Taxepunkter!A125 -> §2.4.2 | B102: =Taxepunkter!B125 -> 0 | C102: =Taxepunkter!C125 -> 0 | D102: =Taxepunkter!D125 -> 0 | E102: =Taxepunkter!E125 -> 0 | F102: =Taxepunkter!F125 -> 0 | G102: =Taxepunkter!G125 | H102: =Taxepunkter!H125 | ... L102: =Taxepunkter!L125 -> 0
A103: =Taxepunkter!A126 -> §2.4.3 Överfull behållare | B103: =Taxepunkter!B126 -> 0 | C103: =Taxepunkter!C126 -> 0 | D103: =Taxepunkter!D126 -> 0 | E103: =Taxepunkter!E126 -> 0 | F103: =Taxepunkter!F126 -> 0 | G103: =Taxepunkter!G126 | H103: =Taxepunkter!H126 | ... L103: =Taxepunkter!L126 -> 0
A104: =Taxepunkter!A127 -> §2.4.3 | B104: =Taxepunkter!B127 -> Överfull behållare | C104: =Taxepunkter!C127 -> Överfullt kärl | D104: =Taxepunkter!D127 -> 0 | E104: =Taxepunkter!E127 -> st/tillfälle/behållare | F104: =Taxepunkter!F127 -> 0 | G104: =Taxepunkter!G127 | H104: =Taxepunkter!H127 | ... L104: =Taxepunkter!L127 -> 0
A105: =Taxepunkter!A128 -> §2.4.3 | B105: =Taxepunkter!B128 -> Överfull behållare | C105: =Taxepunkter!C128 -> Överfull bottentömmande behållare | D105: =Taxepunkter!D128 -> 0 | E105: =Taxepunkter!E128 -> st/tillfälle/behållare | F105: =Taxepunkter!F128 -> 0 | G105: =Taxepunkter!G128 | H105: =Taxepunkter!H128 | ... L105: =Taxepunkter!L128 -> 0
A106: =Taxepunkter!A129 -> §2.4.3 | B106: =Taxepunkter!B129 -> 0 | C106: =Taxepunkter!C129 -> 0 | D106: =Taxepunkter!D129 -> 0 | E106: =Taxepunkter!E129 -> 0 | F106: =Taxepunkter!F129 -> 0 | G106: =Taxepunkter!G129 | H106: =Taxepunkter!H129 | ... L106: =Taxepunkter!L129 -> 0
A107: =Taxepunkter!A130 -> §2.4.4 Byte av trasigt kärl | B107: =Taxepunkter!B130 -> 0 | C107: =Taxepunkter!C130 -> 0 | D107: =Taxepunkter!D130 -> 0 | E107: =Taxepunkter!E130 -> 0 | F107: =Taxepunkter!F130 -> 0 | G107: =Taxepunkter!G130 | H107: =Taxepunkter!H130 | ... L107: =Taxepunkter!L130 -> 0
A108: =Taxepunkter!A131 -> §2.4.4 | B108: =Taxepunkter!B131 -> Byte av trasigt kärl | C108: =Taxepunkter!C131 -> Byte av trasigt kärl vid oaktsamhet | D108: =Taxepunkter!D131 -> 0 | E108: =Taxepunkter!E131 -> st/kärl | F108: =Taxepunkter!F131 -> 0 | G108: =Taxepunkter!G131 | H108: =Taxepunkter!H131 | ... L108: =Taxepunkter!L131 -> 0
... A119: =Taxepunkter!A142 -> §2.4.7 Dragväg och avfallsutrymmen | B119: =Taxepunkter!B142 -> 0 | C119: =Taxepunkter!C142 -> 0 | D119: =Taxepunkter!D142 -> 0 | E119: =Taxepunkter!E142 -> 0 | F119: =Taxepunkter!F142 -> 0 | G119: =Taxepunkter!G142 | H119: =Taxepunkter!H142 | ... L119: =Taxepunkter!L142 -> 0
A120: =Taxepunkter!A144 -> §2.4.7 | B120: =Taxepunkter!B144 -> Dragväg och avfallsutrymmen | C120: =Taxepunkter!C144 -> Kärl 140-660 L | D120: =Taxepunkter!D144 -> 10-20 | E120: =Taxepunkter!E144 -> st/år | F120: =Taxepunkter!F144 -> 0 | G120: =Taxepunkter!G144 | H120: =Taxepunkter!H144 | ... L120: =Taxepunkter!L144 -> 0
A121: =Taxepunkter!A145 -> §2.4.7 | B121: =Taxepunkter!B145 -> Dragväg och avfallsutrymmen | C121: =Taxepunkter!C145 -> Kärl 140-660 L | D121: =Taxepunkter!D145 -> 20-30 | E121: =Taxepunkter!E145 -> st/år | F121: =Taxepunkter!F145 -> 0 | G121: =Taxepunkter!G145 | H121: =Taxepunkter!H145 | ... L121: =Taxepunkter!L145 -> 0
A122: =Taxepunkter!A147 -> §2.4.7 | B122: =Taxepunkter!B147 -> Dragväg och avfallsutrymmen | C122: =Taxepunkter!C147 -> Låst dörr, med kod | D122: =Taxepunkter!D147 -> 0 | E122: =Taxepunkter!E147 -> st/år | F122: =Taxepunkter!F147 -> 0 | G122: =Taxepunkter!G147 | H122: =Taxepunkter!H147 | ... L122: =Taxepunkter!L147 -> 0
A123: =Taxepunkter!A148 -> §2.4.7 | B123: =Taxepunkter!B148 -> 0 | C123: =Taxepunkter!C148 -> 0 | D123: =Taxepunkter!D148 -> 0 | E123: =Taxepunkter!E148 -> 0 | F123: =Taxepunkter!F148 -> 0 | G123: =Taxepunkter!G148 | H123: =Taxepunkter!H148 | ... L123: =Taxepunkter!L148 -> 0
A124: =Taxepunkter!A149 -> §2.4.8 Evenemang och andra tillfälliga händelser | B124: =Taxepunkter!B149 -> 0 | C124: =Taxepunkter!C149 -> 0 | D124: =Taxepunkter!D149 -> 0 | E124: =Taxepunkter!E149 -> 0 | F124: =Taxepunkter!F149 -> 0 | G124: =Taxepunkter!G149 | H124: =Taxepunkter!H149 | ... L124: =Taxepunkter!L149 -> 0
A125: =Taxepunkter!A150 -> §2.4.8 | B125: =Taxepunkter!B150 -> Evenemang och andra tillfälliga händelser | C125: =Taxepunkter!C150 -> Kärl 140 l matavfall | D125: =Taxepunkter!D150 -> 0 | E125: =Taxepunkter!E150 -> st/period | F125: =Taxepunkter!F150 -> 0 | G125: =Taxepunkter!G150 | H125: =Taxepunkter!H150 | ... L125: =Taxepunkter!L150 -> 0
A126: =Taxepunkter!A152 -> §2.4.8 | B126: =Taxepunkter!B152 -> Evenemang och andra tillfälliga händelser | C126: =Taxepunkter!C152 -> Kärl 370 l restavfall | D126: =Taxepunkter!D152 -> 0 | E126: =Taxepunkter!E152 -> st/period | F126: =Taxepunkter!F152 -> 0 | G126: =Taxepunkter!G152 | H126: =Taxepunkter!H152 | ... L126: =Taxepunkter!L152 -> 0
...

Sheet Pivot Variant
A1: Intäkt per Paragraf och Variant
A3: Paragraf | B3: Variant | C3: Total intäkt (kr)
A4: §2.2.4 | B4: Hämtning Avgift per lägenhet | C4: =SUMIFS(Taxepunkter_Rådata!K:K,Taxepunkter_Rådata!A:A,"§2.2.4",Taxepunkter_Rådata!D:D,"Hämtning Avgift per lägenhet") -> 0
A5: §2.2.4 | B5: Hämtning Avgift per tömning | C5: =SUMIFS(Taxepunkter_Rådata!K:K,Taxepunkter_Rådata!A:A,"§2.2.4",Taxepunkter_Rådata!D:D,"Hämtning Avgift per tömning") -> 0
A6: §2.2.4 | B6: Hämtning månadsvis | C6: =SUMIFS(Taxepunkter_Rådata!K:K,Taxepunkter_Rådata!A:A,"§2.2.4",Taxepunkter_Rådata!D:D,"Hämtning månadsvis") -> 0
A7: §2.2.4 | B7: Hämtning var 14:e dag | C7: =SUMIFS(Taxepunkter_Rådata!K:K,Taxepunkter_Rådata!A:A,"§2.2.4",Taxepunkter_Rådata!D:D,"Hämtning var 14:e dag") -> 0
A8: §2.2.4 | B8: Hämtning varje vecka | C8: =SUMIFS(Taxepunkter_Rådata!K:K,Taxepunkter_Rådata!A:A,"§2.2.4",Taxepunkter_Rådata!D:D,"Hämtning varje vecka") -> 0
A9: §2.2.5 | B9: Hämtning Avgift per tömning | C9: =SUMIFS(Taxepunkter_Rådata!K:K,Taxepunkter_Rådata!A:A,"§2.2.5",Taxepunkter_Rådata!D:D,"Hämtning Avgift per tömning") -> 0
A10: §2.2.5 | B10: Hämtning månadsvis | C10: =SUMIFS(Taxepunkter_Rådata!K:K,Taxepunkter_Rådata!A:A,"§2.2.5",Taxepunkter_Rådata!D:D,"Hämtning månadsvis") -> 0
A11: §2.2.5 | B11: Hämtning var 14:e dag | C11: =SUMIFS(Taxepunkter_Rådata!K:K,Taxepunkter_Rådata!A:A,"§2.2.5",Taxepunkter_Rådata!D:D,"Hämtning var 14:e dag") -> 0
A12: §2.2.5 | B12: Hämtning varje vecka | C12: =SUMIFS(Taxepunkter_Rådata!K:K,Taxepunkter_Rådata!A:A,"§2.2.5",Taxepunkter_Rådata!D:D,"Hämtning varje vecka") -> 0
A13: §2.6.2 | B13: Över 100 kg | C13: =SUMIFS(Taxepunkter_Rådata!K:K,Taxepunkter_Rådata!A:A,"§2.6.2",Taxepunkter_Rådata!D:D,"Över 100 kg") -> 0
A14: §2.6.2 | B14: Över 40 kg | C14: =SUMIFS(Taxepunkter_Rådata!K:K,Taxepunkter_Rådata!A:A,"§2.6.2",Taxepunkter_Rådata!D:D,"Över 40 kg") -> 0
A15: §2.6.2 | B15: Över 60 kg | C15: =SUMIFS(Taxepunkter_Rådata!K:K,Taxepunkter_Rådata!A:A,"§2.6.2",Taxepunkter_Rådata!D:D,"Över 60 kg") -> 0
A16: §2.6.5 | B16: 140–240 liter | C16: =SUMIFS(Taxepunkter_Rådata!K:K,Taxepunkter_Rådata!A:A,"§2.6.5",Taxepunkter_Rådata!D:D,"140–240 liter") -> 0
A17: §2.6.5 | B17: 370–660 liter | C17: =SUMIFS(Taxepunkter_Rådata!K:K,Taxepunkter_Rådata!A:A,"§2.6.5",Taxepunkter_Rådata!D:D,"370–660 liter") -> 0
A18: §2.6.7 | B18: 1,5-10 | C18: =SUMIFS(Taxepunkter_Rådata!K:K,Taxepunkter_Rådata!A:A,"§2.6.7",Taxepunkter_Rådata!D:D,"1,5-10") -> 0
A19: §2.6.7 | B19: 10-20 | C19: =SUMIFS(Taxepunkter_Rådata!K:K,Taxepunkter_Rådata!A:A,"§2.6.7",Taxepunkter_Rådata!D:D,"10-20") -> 0
A20: §2.6.7 | B20: 20-30 | C20: =SUMIFS(Taxepunkter_Rådata!K:K,Taxepunkter_Rådata!A:A,"§2.6.7",Taxepunkter_Rådata!D:D,"20-30") -> 0
A21: §3.3 | B21: Inom 24 timmar | C21: =SUMIFS(Taxepunkter_Rådata!K:K,Taxepunkter_Rådata!A:A,"§3.3",Taxepunkter_Rådata!D:D,"Inom 24 timmar") -> 0
A22: §3.3 | B22: Inom 7 arbetsdagar | C22: =SUMIFS(Taxepunkter_Rådata!K:K,Taxepunkter_Rådata!A:A,"§3.3",Taxepunkter_Rådata!D:D,"Inom 7 arbetsdagar") -> 0
A23: §4.1 | B23: Inom 7 arbetsdagar | C23: =SUMIFS(Taxepunkter_Rådata!K:K,Taxepunkter_Rådata!A:A,"§4.1",Taxepunkter_Rådata!D:D,"Inom 7 arbetsdagar") -> 0
A24: §4.3 | B24: Inom 24 timmar | C24: =SUMIFS(Taxepunkter_Rådata!K:K,Taxepunkter_Rådata!A:A,"§4.3",Taxepunkter_Rådata!D:D,"Inom 24 timmar") -> 0
A25: §4.3 | B25: Inom 7 arbetsdagar | C25: =SUMIFS(Taxepunkter_Rådata!K:K,Taxepunkter_Rådata!A:A,"§4.3",Taxepunkter_Rådata!D:D,"Inom 7 arbetsdagar") -> 0
A26: §5.3 | B26: Inom 24 timmar | C26: =SUMIFS(Taxepunkter_Rådata!K:K,Taxepunkter_Rådata!A:A,"§5.3",Taxepunkter_Rådata!D:D,"Inom 24 timmar") -> 0
A27: §5.3 | B27: Inom 7 arbetsdagar | C27: =SUMIFS(Taxepunkter_Rådata!K:K,Taxepunkter_Rådata!A:A,"§5.3",Taxepunkter_Rådata!D:D,"Inom 7 arbetsdagar") -> 0
A28: §6 | B28: 1009 | C28: =SUMIFS(Taxepunkter_Rådata!K:K,Taxepunkter_Rådata!A:A,"§6",Taxepunkter_Rådata!D:D,"1009") -> 0
A29: §6 | B29: 1013 | C29: =SUMIFS(Taxepunkter_Rådata!K:K,Taxepunkter_Rådata!A:A,"§6",Taxepunkter_Rådata!D:D,"1013") -> 0
A30: §6 | B30: 1043 | C30: =SUMIFS(Taxepunkter_Rådata!K:K,Taxepunkter_Rådata!A:A,"§6",Taxepunkter_Rådata!D:D,"1043") -> 0
A31: §6 | B31: 1044 | C31: =SUMIFS(Taxepunkter_Rådata!K:K,Taxepunkter_Rådata!A:A,"§6",Taxepunkter_Rådata!D:D,"1044") -> 0
A32: §6 | B32: 1046 | C32: =SUMIFS(Taxepunkter_Rådata!K:K,Taxepunkter_Rådata!A:A,"§6",Taxepunkter_Rådata!D:D,"1046") -> 0
A33: §6 | B33: 1057 | C33: =SUMIFS(Taxepunkter_Rådata!K:K,Taxepunkter_Rådata!A:A,"§6",Taxepunkter_Rådata!D:D,"1057") -> 0
A34: §6 | B34: 1072 | C34: =SUMIFS(Taxepunkter_Rådata!K:K,Taxepunkter_Rådata!A:A,"§6",Taxepunkter_Rådata!D:D,"1072") -> 0
A35: §6 | B35: 12 | C35: =SUMIFS(Taxepunkter_Rådata!K:K,Taxepunkter_Rådata!A:A,"§6",Taxepunkter_Rådata!D:D,"12") -> 0
A36: §6 | B36: 1202 | C36: =SUMIFS(Taxepunkter_Rådata!K:K,Taxepunkter_Rådata!A:A,"§6",Taxepunkter_Rådata!D:D,"1202") -> 0
A37: §6 | B37: 1203 | C37: =SUMIFS(Taxepunkter_Rådata!K:K,Taxepunkter_Rådata!A:A,"§6",Taxepunkter_Rådata!D:D,"1203") -> 0
A38: §6 | B38: 1263 | C38: =SUMIFS(Taxepunkter_Rådata!K:K,Taxepunkter_Rådata!A:A,"§6",Taxepunkter_Rådata!D:D,"1263") -> 0
A39: §6 | B39: 1304 | C39: =SUMIFS(Taxepunkter_Rådata!K:K,Taxepunkter_Rådata!A:A,"§6",Taxepunkter_Rådata!D:D,"1304") -> 0
A40: §6 | B40: 1479 | C40: =SUMIFS(Taxepunkter_Rådata!K:K,Taxepunkter_Rådata!A:A,"§6",Taxepunkter_Rådata!D:D,"1479") -> 0
A41: §6 | B41: 1495 | C41: =SUMIFS(Taxepunkter_Rådata!K:K,Taxepunkter_Rådata!A:A,"§6",Taxepunkter_Rådata!D:D,"1495") -> 0
A42: §6 | B42: 1497 | C42: =SUMIFS(Taxepunkter_Rådata!K:K,Taxepunkter_Rådata!A:A,"§6",Taxepunkter_Rådata!D:D,"1497") -> 0
A43: §6 | B43: 1790 | C43: =SUMIFS(Taxepunkter_Rådata!K:K,Taxepunkter_Rådata!A:A,"§6",Taxepunkter_Rådata!D:D,"1790") -> 0
A44: §6 | B44: 1832 | C44: =SUMIFS(Taxepunkter_Rådata!K:K,Taxepunkter_Rådata!A:A,"§6",Taxepunkter_Rådata!D:D,"1832") -> 0
A45: §6 | B45: 1950 | C45: =SUMIFS(Taxepunkter_Rådata!K:K,Taxepunkter_Rådata!A:A,"§6",Taxepunkter_Rådata!D:D,"1950") -> 0
A46: §6 | B46: 1965 | C46: =SUMIFS(Taxepunkter_Rådata!K:K,Taxepunkter_Rådata!A:A,"§6",Taxepunkter_Rådata!D:D,"1965") -> 0
A47: §6 | B47: 1993 | C47: =SUMIFS(Taxepunkter_Rådata!K:K,Taxepunkter_Rådata!A:A,"§6",Taxepunkter_Rådata!D:D,"1993") -> 0
A48: §6 | B48: 2014 | C48: =SUMIFS(Taxepunkter_Rådata!K:K,Taxepunkter_Rådata!A:A,"§6",Taxepunkter_Rådata!D:D,"2014") -> 0
A49: §6 | B49: 2031 | C49: =SUMIFS(Taxepunkter_Rådata!K:K,Taxepunkter_Rådata!A:A,"§6",Taxepunkter_Rådata!D:D,"2031") -> 0
A50: §6 | B50: 2037 | C50: =SUMIFS(Taxepunkter_Rådata!K:K,Taxepunkter_Rådata!A:A,"§6",Taxepunkter_Rådata!D:D,"2037") -> 0
A51: §6 | B51: 2212 | C51: =SUMIFS(Taxepunkter_Rådata!K:K,Taxepunkter_Rådata!A:A,"§6",Taxepunkter_Rådata!D:D,"2212") -> 0
A52: §6 | B52: 2588 | C52: =SUMIFS(Taxepunkter_Rådata!K:K,Taxepunkter_Rådata!A:A,"§6",Taxepunkter_Rådata!D:D,"2588") -> 0
A53: §6 | B53: 2672 | C53: =SUMIFS(Taxepunkter_Rådata!K:K,Taxepunkter_Rådata!A:A,"§6",Taxepunkter_Rådata!D:D,"2672") -> 0
A54: §6 | B54: 2809 | C54: =SUMIFS(Taxepunkter_Rådata!K:K,Taxepunkter_Rådata!A:A,"§6",Taxepunkter_Rådata!D:D,"2809") -> 0
A55: §6 | B55: 2810 | C55: =SUMIFS(Taxepunkter_Rådata!K:K,Taxepunkter_Rådata!A:A,"§6",Taxepunkter_Rådata!D:D,"2810") -> 0
A56: §6 | B56: 2903 | C56: =SUMIFS(Taxepunkter_Rådata!K:K,Taxepunkter_Rådata!A:A,"§6",Taxepunkter_Rådata!D:D,"2903") -> 0
A57: §6 | B57: 2911 | C57: =SUMIFS(Taxepunkter_Rådata!K:K,Taxepunkter_Rådata!A:A,"§6",Taxepunkter_Rådata!D:D,"2911") -> 0
A58: §6 | B58: 3080 | C58: =SUMIFS(Taxepunkter_Rådata!K:K,Taxepunkter_Rådata!A:A,"§6",Taxepunkter_Rådata!D:D,"3080") -> 0
A59: §6 | B59: 3105 | C59: =SUMIFS(Taxepunkter_Rådata!K:K,Taxepunkter_Rådata!A:A,"§6",Taxepunkter_Rådata!D:D,"3105") -> 0
A60: §6 | B60: 3106 | C60: =SUMIFS(Taxepunkter_Rådata!K:K,Taxepunkter_Rådata!A:A,"§6",Taxepunkter_Rådata!D:D,"3106") -> 0
A61: §6 | B61: 3249 | C61: =SUMIFS(Taxepunkter_Rådata!K:K,Taxepunkter_Rådata!A:A,"§6",Taxepunkter_Rådata!D:D,"3249") -> 0
A62: §6 | B62: 3260 | C62: =SUMIFS(Taxepunkter_Rådata!K:K,Taxepunkter_Rådata!A:A,"§6",Taxepunkter_Rådata!D:D,"3260") -> 0
A63: §6 | B63: 3261 | C63: =SUMIFS(Taxepunkter_Rådata!K:K,Taxepunkter_Rådata!A:A,"§6",Taxepunkter_Rådata!D:D,"3261") -> 0
A64: §6 | B64: 3262 | C64: =SUMIFS(Taxepunkter_Rådata!K:K,Taxepunkter_Rådata!A:A,"§6",Taxepunkter_Rådata!D:D,"3262") -> 0
A65: §6 | B65: 3263 | C65: =SUMIFS(Taxepunkter_Rådata!K:K,Taxepunkter_Rådata!A:A,"§6",Taxepunkter_Rådata!D:D,"3263") -> 0
A66: §6 | B66: 3264 | C66: =SUMIFS(Taxepunkter_Rådata!K:K,Taxepunkter_Rådata!A:A,"§6",Taxepunkter_Rådata!D:D,"3264") -> 0
A67: §6 | B67: 3265 | C67: =SUMIFS(Taxepunkter_Rådata!K:K,Taxepunkter_Rådata!A:A,"§6",Taxepunkter_Rådata!D:D,"3265") -> 0
A68: §6 | B68: 3266 | C68: =SUMIFS(Taxepunkter_Rådata!K:K,Taxepunkter_Rådata!A:A,"§6",Taxepunkter_Rådata!D:D,"3266") -> 0
A69: §6 | B69: 3286 | C69: =SUMIFS(Taxepunkter_Rådata!K:K,Taxepunkter_Rådata!A:A,"§6",Taxepunkter_Rådata!D:D,"3286") -> 0
A70: §6 | B70: 3287 | C70: =SUMIFS(Taxepunkter_Rådata!K:K,Taxepunkter_Rådata!A:A,"§6",Taxepunkter_Rådata!D:D,"3287") -> 0
A71: §6 | B71: 3291 | C71: =SUMIFS(Taxepunkter_Rådata!K:K,Taxepunkter_Rådata!A:A,"§6",Taxepunkter_Rådata!D:D,"3291") -> 0
A72: §6 | B72: 3295 | C72: =SUMIFS(Taxepunkter_Rådata!K:K,Taxepunkter_Rådata!A:A,"§6",Taxepunkter_Rådata!D:D,"3295") -> 0
A73: §6 | B73: 333 | C73: =SUMIFS(Taxepunkter_Rådata!K:K,Taxepunkter_Rådata!A:A,"§6",Taxepunkter_Rådata!D:D,"333") -> 0
A74: §6 | B74: 3506 | C74: =SUMIFS(Taxepunkter_Rådata!K:K,Taxepunkter_Rådata!A:A,"§6",Taxepunkter_Rådata!D:D,"3506") -> 0

Sheet Pivot Paragraf
A1: Summering – total intäkt per paragraf
A3: Paragraf | B3: Total intäkt (kr)
A4: §2.1 | B4: =SUMIFS(Taxepunkter_Rådata!K:K,Taxepunkter_Rådata!A:A,"§2.1") -> 0
A5: §2.2.1 | B5: =SUMIFS(Taxepunkter_Rådata!K:K,Taxepunkter_Rådata!A:A,"§2.2.1") -> 0
A6: §2.2.2 | B6: =SUMIFS(Taxepunkter_Rådata!K:K,Taxepunkter_Rådata!A:A,"§2.2.2") -> 0
A7: §2.2.3 | B7: =SUMIFS(Taxepunkter_Rådata!K:K,Taxepunkter_Rådata!A:A,"§2.2.3") -> 0
A8: §2.2.4 | B8: =SUMIFS(Taxepunkter_Rådata!K:K,Taxepunkter_Rådata!A:A,"§2.2.4") -> 0
A9: §2.2.5 | B9: =SUMIFS(Taxepunkter_Rådata!K:K,Taxepunkter_Rådata!A:A,"§2.2.5") -> 0
A10: §2.3 | B10: =SUMIFS(Taxepunkter_Rådata!K:K,Taxepunkter_Rådata!A:A,"§2.3") -> 0
A11: §2.4 | B11: =SUMIFS(Taxepunkter_Rådata!K:K,Taxepunkter_Rådata!A:A,"§2.4") -> 0
A12: §2.5 | B12: =SUMIFS(Taxepunkter_Rådata!K:K,Taxepunkter_Rådata!A:A,"§2.5") -> 0
A13: §2.6.1 | B13: =SUMIFS(Taxepunkter_Rådata!K:K,Taxepunkter_Rådata!A:A,"§2.6.1") -> 0
A14: §2.6.2 | B14: =SUMIFS(Taxepunkter_Rådata!K:K,Taxepunkter_Rådata!A:A,"§2.6.2") -> 0
A15: §2.6.3 | B15: =SUMIFS(Taxepunkter_Rådata!K:K,Taxepunkter_Rådata!A:A,"§2.6.3") -> 0
A16: §2.6.4 | B16: =SUMIFS(Taxepunkter_Rådata!K:K,Taxepunkter_Rådata!A:A,"§2.6.4") -> 0
A17: §2.6.5 | B17: =SUMIFS(Taxepunkter_Rådata!K:K,Taxepunkter_Rådata!A:A,"§2.6.5") -> 0
A18: §2.6.6 | B18: =SUMIFS(Taxepunkter_Rådata!K:K,Taxepunkter_Rådata!A:A,"§2.6.6") -> 0
A19: §2.6.7 | B19: =SUMIFS(Taxepunkter_Rådata!K:K,Taxepunkter_Rådata!A:A,"§2.6.7") -> 0
A20: §2.6.8 | B20: =SUMIFS(Taxepunkter_Rådata!K:K,Taxepunkter_Rådata!A:A,"§2.6.8") -> 0
A21: §2.6.9 | B21: =SUMIFS(Taxepunkter_Rådata!K:K,Taxepunkter_Rådata!A:A,"§2.6.9") -> 0
A22: §2.7.1 | B22: =SUMIFS(Taxepunkter_Rådata!K:K,Taxepunkter_Rådata!A:A,"§2.7.1") -> 0
A23: §2.7.2 | B23: =SUMIFS(Taxepunkter_Rådata!K:K,Taxepunkter_Rådata!A:A,"§2.7.2") -> 0
A24: §2.7.3 | B24: =SUMIFS(Taxepunkter_Rådata!K:K,Taxepunkter_Rådata!A:A,"§2.7.3") -> 0
A25: §2.7.4 | B25: =SUMIFS(Taxepunkter_Rådata!K:K,Taxepunkter_Rådata!A:A,"§2.7.4") -> 0
A26: §3.1 | B26: =SUMIFS(Taxepunkter_Rådata!K:K,Taxepunkter_Rådata!A:A,"§3.1") -> 0
A27: §3.2 | B27: =SUMIFS(Taxepunkter_Rådata!K:K,Taxepunkter_Rådata!A:A,"§3.2") -> 0
A28: §3.3 | B28: =SUMIFS(Taxepunkter_Rådata!K:K,Taxepunkter_Rådata!A:A,"§3.3") -> 0
A29: §4.1 | B29: =SUMIFS(Taxepunkter_Rådata!K:K,Taxepunkter_Rådata!A:A,"§4.1") -> 0
A30: §4.2 | B30: =SUMIFS(Taxepunkter_Rådata!K:K,Taxepunkter_Rådata!A:A,"§4.2") -> 0
A31: §4.3 | B31: =SUMIFS(Taxepunkter_Rådata!K:K,Taxepunkter_Rådata!A:A,"§4.3") -> 0
A32: §5.1 | B32: =SUMIFS(Taxepunkter_Rådata!K:K,Taxepunkter_Rådata!A:A,"§5.1") -> 0
A33: §5.2 | B33: =SUMIFS(Taxepunkter_Rådata!K:K,Taxepunkter_Rådata!A:A,"§5.2") -> 0
A34: §5.3 | B34: =SUMIFS(Taxepunkter_Rådata!K:K,Taxepunkter_Rådata!A:A,"§5.3") -> 0
A35: §6 | B35: =SUMIFS(Taxepunkter_Rådata!K:K,Taxepunkter_Rådata!A:A,"§6") -> 0

Sheet Pivot Kapitel
A1: Summering – total intäkt per kapitel
A3: Kapitel | B3: Total intäkt (kr)
A4: 2 | B4: =SUMIFS(Taxepunkter_Rådata!K:K,Taxepunkter_Rådata!A:A,"§2*") -> 0
A5: 3 | B5: =SUMIFS(Taxepunkter_Rådata!K:K,Taxepunkter_Rådata!A:A,"§3*") -> 0
A6: 4 | B6: =SUMIFS(Taxepunkter_Rådata!K:K,Taxepunkter_Rådata!A:A,"§4*") -> 0
A7: 5 | B7: =SUMIFS(Taxepunkter_Rådata!K:K,Taxepunkter_Rådata!A:A,"§5*") -> 0
A8: 6 | B8: =SUMIFS(Taxepunkter_Rådata!K:K,Taxepunkter_Rådata!A:A,"§6*") -> 0

Sheet Diagram Intäkt
A1: Diagram – intäkt per paragraf

Sheet Kontroller
A1: Kontroller – datakvalitet
A3: Kontroll | B3: Resultat | C3: Status
A4: Antal rader (rådata) | B4: =COUNTA(Taxepunkter_Rådata!A:A)-1 -> 291 | C4: =IF(B4>0,"OK","VARNING") -> OK
A5: Saknade priser (tomma) | B5: =COUNTIF(Taxepunkter_Rådata!J:J,"")-1 -> 1048551 | C5: =IF(B5=0,"OK","VARNING") -> VARNING
A6: Andel rader med ifyllt pris | B6: =IF(B4=0,"",1-(B5/B4)) -> -3602.268 | C6: =IF(B6=1,"OK","VARNING") -> VARNING
A7: Rader med Antal > 0 men saknar pris | B7: =COUNTIFS(Taxepunkter_Rådata!I:I,">0",Taxepunkter_Rådata!J:J,"") -> 0 | C7: =IF(B7=0,"OK","VARNING") -> OK
A8: Rader med Pris ifyllt men Antal saknas | B8: =COUNTIFS(Taxepunkter_Rådata!J:J,"<>",Taxepunkter_Rådata!I:I,"") -> 268 | C8: =IF(B8=0,"OK","VARNING") -> VARNING

Sheet Taxa_från_edp
A1: intRecnum | B1: strTaxekod | C1: strTaxebenamning | D1: strProdukt | E1: strDelProdukt | F1: bytDelradnr | G1: strFaktor | H1: strTaxedelAvser | I1: strEntreprenorkod | J1: strRenhDistrKod | K1: curNuvarandePris | L1: datNuvarandePrisDatum | M1: bolPrisPerTomning | N1: strAvvikandeFormel | O1: bolPriserInklMoms | P1: bytMomskod | Q1: strFormel
A2: 1689 | B2: 140MAT | C2: 140L kärl, viktavgift matavfall | D2: RENH | E2: HUSH | F2: 1 | G2: KVAN | H2: 140L kärl - viktavgift matavfall | K2: 2 | L2: 44927 | M2: 0 | O2: - | P2: 1 | Q2: VIKG,MAX60
A3: 1690 | B3: 140MAT | C3: 140L kärl, viktavgift matavfall | D3: RENH | E3: HUSH | F3: 2 | G3: KVAN | H3: Överviktsavgift för vikt över 60 kg, matavfall | K3: 3.68 | L3: 44927 | M3: 0 | O3: - | P3: 1 | Q3: VIKG-60,MIN0
A4: 1693 | B4: 370REST | C4: 140-370L kärl, viktavgift restavfall | D4: RENH | E4: HUSH | F4: 1 | G4: KVAN | H4: 140-370L kärl - viktavgift restavfall | K4: 4 | L4: 44927 | M4: 0 | O4: - | P4: 1 | Q4: VIKG,MAX60
A5: 1694 | B5: 370REST | C5: 140-370L kärl, viktavgift restavfall | D5: RENH | E5: HUSH | F5: 2 | G5: KVAN | H5: Överviktsavgift för vikt över 60 kg, restavfall | K5: 7.36 | L5: 44927 | M5: 0 | O5: - | P5: 1 | Q5: VIKG-60,MIN0
A6: 1695 | B6: 660REST | C6: 660L kärl, viktavgift restavfall | D6: RENH | E6: HUSH | F6: 1 | G6: KVAN | H6: 660L kärl - viktavgift restavfall | K6: 4 | L6: 44927 | M6: 0 | O6: - | P6: 1 | Q6: VIKG,MAX100
A7: 1696 | B7: 660REST | C7: 660L kärl, viktavgift restavfall | D7: RENH | E7: HUSH | F7: 2 | G7: KVAN | H7: Överviktsavgift för vikt över 100 kg, restavfall | K7: 7.36 | L7: 44927 | M7: 0 | O7: - | P7: 1 | Q7: VIKG-100,MIN0
A8: 1626 | B8: BDT03SLBUD | C8: BDT 0-3 m³, slam. Budning | D8: RENH | E8: SLAM | F8: 1 | G8: ÅRKV | H8: BDT 0-3 m³, slam. Budning | K8: 0 | L8: 44927 | M8: 0 | O8: - | P8: 1 | Q8: 0
A9: 1610 | B9: BDT03SLORD | C9: BDT 0-3 m³, slam. Ordinarie tur | D9: RENH | E9: SLAM | F9: 1 | G9: ÅRKV | H9: BDT 0-3 m³, slam. Ordinarie tur | K9: 0 | L9: 44927 | M9: 0 | O9: - | P9: 1 | Q9: 0
A10: 1625 | B10: BDTÖ3SLBUD | C10: BDT över 3 m³, slam. Budning | D10: RENH | E10: SLAM | F10: 1 | G10: ÅRKV | H10: BDT över 3 m³, slam. Budning | K10: 0 | L10: 44927 | M10: 0 | O10: - | P10: 1 | Q10: 0
A11: 1611 | B11: BDTÖ3SLORD | C11: BDT över 3 m³, slam. Ordinarie tur | D11: RENH | E11: SLAM | F11: 1 | G11: ÅRKV | H11: BDT över 3 m³, slam. Ordinarie tur | K11: 0 | L11: 44927 | M11: 0 | O11: - | P11: 1 | Q11: 0
A12: 1613 | B12: BRN03SLBUD | C12: Brunn 0-3 m³, slam. Budning | D12: RENH | E12: SLAM | F12: 1 | G12: ÅRKV | H12: Brunn 0-3 m³, slam. Budning | K12: 0 | L12: 44927 | M12: 0 | O12: X | P12: 1 | Q12: 0
A13: 1598 | B13: BRN03SLORD | C13: Brunn 0-3 m³, slam. Ordinarie tur | D13: RENH | E13: SLAM | F13: 1 | G13: ÅRKV | H13: Brunn 0-3 m³, slam. Ordinarie tur | K13: 0 | L13: 44927 | M13: 0 | O13: - | P13: 1 | Q13: 0
... A86: 1814 | B86: EVEKÄ660RE | C86: Evenemangskärl 660 L, restavfall | D86: RENH | E86: HUSH | F86: 1 | G86: KVAN | H86: Evenemangskärl 660 L, restavfall | K86: 184 | L86: 45292 | M86: 0 | O86: - | P86: 1 | Q86: ANTB
A87: 1652 | B87: EXTMÄTVS | C87: Extra mätställe, vatten/spillvatten | D87: VA | E87: VA | F87: 1 | G87: ÅRPR | H87: Fast avgift, vatten/spillvatten | K87: 656 | L87: 45292 | M87: 0 | O87: - | P87: 1
A88: 1793 | B88: FARLIGTBUD | C88: Budning av farligt avfall per m³ | D88: RENH | E88: HUSH | F88: 1 | G88: KVAN | H88: Budning av farligt avfall per m³ | K88: 3840 | L88: 45292 | M88: 0 | O88: - | P88: 1 | Q88: ANTL
A89: 1863 | B89: FASTOLJEAVFALL | C89: Fast oljeavfall | D89: RENH | E89: ÅVC | F89: 1 | G89: KVAN | H89: Fast oljeavfall | K89: 25 | L89: 45292 | M89: 0 | O89: - | P89: 1 | Q89: VIKG
A90: 1840 | B90: FASTSODA | C90: Fast soda i små emballage | D90: RENH | E90: ÅVC | F90: 1 | G90: KVAN | H90: Fast soda i små emballage | K90: 50 | L90: 45292 | M90: 0 | O90: - | P90: 1 | Q90: VIKG
A91: 1938 | B91: FOBFRI | C91: Nyckelfob mat- och restavfall fritidshus (engångs) | D91: RENH | E91: HUSH | F91: 1 | G91: KVAN | H91: Avser fysisk nyckel för mat-och restavfall - Engångskostnad | K91: 1200 | L91: 45292 | M91: 0 | O91: - | P91: 1 | Q91: ANTL
A92: 1723 | B92: FOSTÖM1000 | C92: Tömning och behandling fosforfilter 500-1000 kg | D92: RENH | E92: SLAM | F92: 1 | G92: KVAN | H92: Tömning och behandling fosforfilter 500-1000 kg | K92: 3840 | L92: 45292 | M92: 0 | O92: - | P92: 1 | Q92: ANTL
A93: 1724 | B93: FOSTÖM500 | C93: Tömning och behandling fosforfilter under 500 kg | D93: RENH | E93: SLAM | F93: 1 | G93: KVAN | H93: Tömning och behandling fosforfilter under 500 kg | K93: 2880 | L93: 45292 | M93: 0 | O93: - | P93: 1 | Q93: ANTL
A94: 1841 | B94: FOTOKEM | C94: Fotokemikalier | D94: RENH | E94: ÅVC | F94: 1 | G94: KVAN | H94: Fotokemikalier | K94: 35 | L94: 45292 | M94: 0 | O94: - | P94: 1 | Q94: VIKG
A95: 1760 | B95: FRAMKÖRKOM | C95: Framkörningsavgift, hämtning av kommunalt avfall | D95: RENH | E95: HUSH | F95: 1 | G95: KVAN | H95: Framkörningsavgift, hämtning av kommunalt avfall | K95: 1600 | L95: 45292 | M95: 0 | O95: - | P95: 1 | Q95: ANTL
A96: 1845 | B96: FÄRGEJKONS | C96: Färg ej konsumentförpackat | D96: RENH | E96: ÅVC | F96: 1 | G96: KVAN | H96: Färg ej konsumentförpackat | K96: 25 | L96: 45292 | M96: 0 | O96: - | P96: 1 | Q96: VIKG
A97: 1843 | B97: FÄRGLÖSNING | C97: Färg/lackavfall/lim lösningsbaserat | D97: RENH | E97: ÅVC | F97: 1 | G97: KVAN | H97: Färg/lackavfall/lim lösningsbaserat | K97: 10 | L97: 45292 | M97: 0 | O97: - | P97: 1 | Q97: VIKG
A98: 1844 | B98: FÄRGVATTEN | C98: Färg/lackavfall/lim vattenbaserat | D98: RENH | E98: ÅVC | F98: 1 | G98: KVAN | H98: Färg/lackavfall/lim vattenbaserat | K98: 10 | L98: 45292 | M98: 0 | O98: - | P98: 1 | Q98: VIKG
A99: 1851 | B99: GASOL | C99: Gasol, blå programmet (kräver speciell transport) | D99: RENH | E99: ÅVC | F99: 1 | G99: KVAN | H99: Gasol, blå programmet | K99: 500 | L99: 45292 | M99: 0 | O99: - | P99: 1 | Q99: VIKG
... A101: 1748 | B101: GEMKÄFRI | C101: Gemensam uppsamlingsplats med eget kärl, fritidshus | D101: RENH | E101: HUSH | F101: 2 | G101: KVAN | H101: Viktavgift rest- matavfall kr/kg | K101: 0 | L101: 45292 | M101: 0 | O101: - | P101: 1 | Q101: VIKG
A102: 1935 | B102: GEMUPPEXTRAFRI | C102: Extra mobilnyckel till Gemensam uppsamlingsplats, fritidshus | D102: RENH | E102: HUSH | F102: 1 | G102: ÅRPR | H102: Extra Mobilnyckel till ÅVS | K102: 80 | L102: 45292 | M102: 0 | O102: - | P102: 1
A103: 1934 | B103: GEMUPPFRINYCKEL | C103: Nyckelfob till Gemensam uppsamlingsplats, fritidshus | D103: RENH | E103: HUSH | F103: 1 | G103: TEXT | H103: Nyckelfob, engångskostnad | K103: 1200 | L103: 45292 | M103: 0 | O103: - | P103: 1
A104: 1970 | B104: GEMUPPFÖRPFLB | C104: Gemensam uppsamlingsplats Förpackning, Flerbostadshus | D104: RENH | E104: HUSH | F104: 1 | G104: ÅRKV | H104: Gemensam uppsamlingsplats Förpackning, Flerbostadshus | K104: 0 | L104: 45292 | M104: 0 | O104: - | P104: 1 | Q104: FAST
A105: 1936 | B105: GEMUPPORDFRI | C105: Mobilnyckel Gemensam uppsamlingsplats, fritidshus | D105: RENH | E105: HUSH | F105: 1 | G105: ÅRKV | H105: Mobilnyckel Gemensam uppsamlingsplats, mat- och restavfall | K105: 0 | L105: 45292 | M105: 0 | O105: - | P105: 1 | Q105: FAST
A106: 1770 | B106: GRBUD | C106: Budad hämtning, grovavfall. Pris per m³ | D106: RENH | E106: HUSH | F106: 1 | G106: KVAN | H106: Budad hämtning, grovavfall. Pris per m³ | K106: 480 | L106: 45292 | M106: 0 | O106: - | P106: 1 | Q106: KBMÖ
A107: 1792 | B107: GROVBUD | C107: Budning av grovavfall per m³ | D107: RENH | E107: HUSH | F107: 1 | G107: KVAN | H107: Budning av grovavfall per m³ | K107: 480 | L107: 45292 | M107: 0 | O107: - | P107: 1 | Q107: KBMÖ
A108: 1749 | B108: GRUNDFLB | C108: Grundavgift, del i flerbostadshus | D108: RENH | E108: HUSH | F108: 1 | G108: ÅRKV | H108: Grundavgift, del i flerbostadshus | K108: 640 | L108: 45292 | M108: 0 | O108: - | P108: 1 | Q108: GRUN
A109: 1807 | B109: GRUNDFRI | C109: Grundavgift, fritidshus | D109: RENH | E109: HUSH | F109: 1 | G109: ÅRKV | H109: Grundavgift, fritidshus | K109: 1000 | L109: 45292 | M109: 0 | O109: - | P109: 1 | Q109: GRUN
A110: 1752 | B110: GRUNDVHT | C110: Grundavgift, verksamheter | D110: RENH | E110: HUSH | F110: 1 | G110: ÅRKV | H110: Grundavgift, verksamheter | K110: 1000 | L110: 45292 | M110: 0 | O110: - | P110: 1 | Q110: GRUN
A111: 1850 | B111: HALONGAS | C111: Halon gaser (kräver speciell transport) | D111: RENH | E111: ÅVC | F111: 1 | G111: KVAN | H111: Halon gaser | K111: 160 | L111: 45292 | M111: 0 | O111: - | P111: 1 | Q111: VIKG
A112: 1848 | B112: HYDRAULSLANG | C112: Hydraulslang | D112: RENH | E112: ÅVC | F112: 1 | G112: KVAN | H112: Hydraulslang | K112: 15 | L112: 45292 | M112: 0 | O112: - | P112: 1 | Q112: VIKG
A113: 1860 | B113: HÄRDARE | C113: Härdare | D113: RENH | E113: ÅVC | F113: 1 | G113: KVAN | H113: Härdare | K113: 60 | L113: 45292 | M113: 0 | O113: - | P113: 1 | Q113: VIKG
A114: 1852 | B114: IMPREGTRÄ | C114: Impregnerat trä, bygg- o rivningsavfall | D114: RENH | E114: ÅVC | F114: 1 | G114: KVAN | H114: Impregnerat trä, bygg- o rivningsavfall | K114: 400 | L114: 45292 | M114: 0 | O114: - | P114: 1 | Q114: KBMÖ
A115: 1824 | B115: INVÄXTVERKS | C115: Invasiva växter från verksamheter | D115: RENH | E115: ÅVC | F115: 1 | G115: KVAN | H115: Invasiva växter från verksamheter | K115: 200 | L115: 45292 | M115: 0 | O115: - | P115: 1 | Q115: ANTL
... A153: 1864 | B153: VATTENBLAND | C153: Vattenhaltiga blandningar av glykol, olja m.m | D153: RENH | E153: ÅVC | F153: 1 | G153: KVAN | H153: Vattenhaltiga blandningar av glykol, olja m.m | K153: 15 | L153: 45292 | M153: 0 | O153: - | P153: 1 | Q153: VIKG
A154: 1904 | B154: REGLTILLGODO | C154: Reglering tillgodo tidigare faktura | D154: VA | F154: 1 | G154: KVAN | H154: Reglering tillgodo tidigare faktura | K154: 1.75 | L154: 45413 | M154: 0 | O154: - | P154: 0 | Q154: ANTL
A155: 1707 | B155: BRN03SL | C155: Tömning brunn 0-3 m³, slam | D155: RENH | E155: SLAM | F155: 1 | G155: KVAN | H155: Tömning slam, brunn 0-3 m³ | K155: 1320 | L155: 45474 | M155: 0 | O155: - | P155: 1 | Q155: ANTL
A156: 1708 | B156: BRN36SL | C156: Brunn 3,1-6 m³, slam | D156: RENH | E156: SLAM | F156: 1 | G156: KVAN | H156: Tömning slam, brunn 3,1-6 m³ | K156: 2280 | L156: 45474 | M156: 0 | O156: - | P156: 1 | Q156: ANTL
A157: 1710 | B157: BRN69SL | C157: Brunn över 6,1 m³, slam | D157: RENH | E157: SLAM | F157: 1 | G157: KVAN | H157: Tömning slam, brunn över 6,1 m³ | K157: 3240 | L157: 45474 | M157: 0 | O157: - | P157: 1 | Q157: ANTL
A158: 1655 | B158: BV | C158: Byggvatten, med mätare | D158: VA | E158: VATT | F158: 1 | G158: FÖRB | H158: Byggvatten, Rörlig avgift, förbrukning per m³ | K158: 30.4 | L158: 45474 | M158: 0 | O158: - | P158: 1
A159: 1656 | B159: BVU | C159: Byggvatten, utan mätare | D159: VA | E159: VATT | F159: 1 | G159: UPFÖ | H159: Byggvatten, Rörlig avgift, uppsk. förbrukning per m³ | K159: 30.4 | L159: 45474 | M159: 0 | O159: - | P159: 1
A160: 1621 | B160: MRV03SLBUD | C160: Minireningsverk 0-3 m³, slam. Budning | D160: RENH | E160: SLAM | F160: 1 | G160: ÅRKV | H160: Minireningsverk 0-3 m³, slam. Budning | K160: 1320 | L160: 45474 | M160: 0 | O160: - | P160: 1 | Q160: 0
A161: 1606 | B161: MRV03SLORD | C161: Minireningsverk 0-3 m³, slam. Ordinarie tur | D161: RENH | E161: SLAM | F161: 1 | G161: ÅRKV | H161: Minireningsverk 0-3 m³, slam. Ordinarie tur | K161: 1320 | L161: 45474 | M161: 0 | O161: - | P161: 1 | Q161: 0
A162: 1622 | B162: MRV36SLBUD | C162: Minireningsverk 3,1-6 m³, slam. Budning | D162: RENH | E162: SLAM | F162: 1 | G162: ÅRKV | H162: Minireningsverk 3,1-6 m³, slam. Budning | K162: 2280 | L162: 45474 | M162: 0 | O162: - | P162: 1 | Q162: 0
A163: 1607 | B163: MRV36SLORD | C163: Minireningsverk 3,1-6 m³, slam. Ordinarie tur | D163: RENH | E163: SLAM | F163: 1 | G163: ÅRKV | H163: Minireningsverk 3,1-6 m³, slam. Ordinarie tur | K163: 2280 | L163: 45474 | M163: 0 | O163: - | P163: 1 | Q163: 0
A164: 1623 | B164: MRV69SLBUD | C164: Minireningsverk 6,1-9 m³, slam. Budning | D164: RENH | E164: SLAM | F164: 1 | G164: ÅRKV | H164: Minireningsverk 6,1-9 m³, slam. Budning | K164: 3240 | L164: 45474 | M164: 0 | O164: - | P164: 1 | Q164: 0
A165: 1608 | B165: MRV69SLORD | C165: Minireningsverk 6,1-9 m³, slam. Ordinarie tur | D165: RENH | E165: SLAM | F165: 1 | G165: ÅRKV | H165: Minireningsverk 6,1-9 m³, slam. Ordinarie tur | K165: 3240 | L165: 45474 | M165: 0 | O165: - | P165: 1 | Q165: 0
A166: 1624 | B166: MRVÖ9SLBUD | C166: Minireningsverk över 9 m³, slam. Budning | D166: RENH | E166: SLAM | F166: 1 | G166: ÅRKV | H166: Minireningsverk över 9 m³, slam. Budning | K166: 3240 | L166: 45474 | M166: 0 | O166: - | P166: 1 | Q166: 0
A167: 1609 | B167: MRVÖ9SLORD | C167: Minireningsverk över 9 m³, slam. Ordinarie tur | D167: RENH | E167: SLAM | F167: 1 | G167: ÅRKV | H167: Minireningsverk över 9 m³, slam. Ordinarie tur | K167: 3240 | L167: 45474 | M167: 0 | O167: - | P167: 1 | Q167: 0
A168: 1734 | B168: SLAKUT48TIM | C168: Tillägg för budning inom 48 timmar | D168: RENH | E168: SLAM | F168: 1 | G168: KVAN | H168: Tillägg för budning inom 48 timmar | K168: 2800 | L168: 45474 | M168: 0 | O168: - | P168: 1 | Q168: ANTL
A169: 1712 | B169: SLT03SL | C169: Sluten tank 0-3 m³, slam | D169: RENH | E169: SLAM | F169: 1 | G169: KVAN | H169: Tömning slam, sluten tank 0-3 m³ | K169: 1320 | L169: 45474 | M169: 0 | O169: - | P169: 1 | Q169: ANTL
A170: 1713 | B170: SLT36SL | C170: Sluten tank 3,1-6 m³, slam | D170: RENH | E170: SLAM | F170: 1 | G170: KVAN | H170: Tömning slam, sluten tank 3,1-6 m³ | K170: 2280 | L170: 45474 | M170: 0 | O170: - | P170: 1 | Q170: ANTL
A171: 1714 | B171: SLT69SL | C171: Sluten tank över 6,1 m³, slam | D171: RENH | E171: SLAM | F171: 1 | G171: KVAN | H171: Tömning slam, sluten tank över 6,1 m³ | K171: 3240 | L171: 45474 | M171: 0 | O171: - | P171: 1 | Q171: ANTL
... A192: 1720 | B192: SLBUD7DGR | C192: Tillägg för budning inom 7 dagar | D192: RENH | E192: SLAM | F192: 1 | G192: KVAN | H192: Tillägg för budning inom 7 dagar | K192: 2000 | L192: 45504 | M192: 0 | O192: - | P192: 1 | Q192: ANTL
A193: 1803 | B193: AVGNIVÅ1V | C193: ÅVC-abonnemang nivå 1 – ej miljöfarligt avfall. Verksamhet | D193: RENH | E193: ÅVC | F193: 1 | G193: ÅRPR | H193: ÅVC-abonnemang nivå 1 – ej miljöfarligt avfall | K193: 2000 | L193: 45658 | M193: 0 | O193: - | P193: 1
A194: 1802 | B194: AVGNIVÅ2V | C194: ÅVC-abonnemang nivå 2 – med miljöfarligt avfall. Verksamhet | D194: RENH | E194: ÅVC | F194: 1 | G194: ÅRPR | H194: ÅVC-abonnemang nivå 2 – med miljöfarligt avfall | K194: 4000 | L194: 45658 | M194: 0 | O194: - | P194: 1
A195: 1659 | B195: AVSTÄNG | C195: Avstängning/strypning av vattentillförsel | D195: VA | F195: 1 | G195: KVAN | H195: Avstängning/strypning av vattentillförsel | K195: 960 | L195: 45658 | M195: 0 | O195: - | P195: 1 | Q195: ANTL
A196: 1799 | B196: BETALSÄCK | C196: Mottagningsavgift extrasäck till ÅVC | D196: RENH | E196: HUSH | F196: 1 | G196: KVAN | H196: Mottagningsavgift extrasäck till ÅVC | K196: 240 | L196: 45658 | M196: 0 | O196: - | P196: 1 | Q196: ANTL
A197: 1931 | B197: Fob | C197: Nyckelfob mat- och rest frihus | D197: RENH | E197: HUSH | F197: 1 | G197: ÅRKV | H197: Nyckelfob, engångskostnad | K197: 1200 | L197: 45658 | M197: 0 | O197: - | P197: 1 | Q197: ANTL
A198: 1661 | B198: FÖRGÄV | C198: Förgävesbesök vid avtalad tid eller avisering | D198: VA | F198: 1 | G198: KVAN | H198: Förgävesbesök vid avtalad tid eller avisering | K198: 960 | L198: 45658 | M198: 0 | O198: - | P198: 1 | Q198: ANTL
A199: 1750 | B199: GRUNDSMÅ | C199: Grundavgift, småhus 1- och 2 familjshus | D199: RENH | E199: HUSH | F199: 1 | G199: ÅRKV | H199: Grundavgift, småhus 1- och 2 familjshus | K199: 1320 | L199: 45658 | M199: 0 | O199: - | P199: 1 | Q199: GRUN
A200: 1823 | B200: INVÄXTHUSH | C200: Invasiva växter från hushåll | D200: RENH | E200: ÅVC | F200: 1 | G200: KVAN | H200: Invasiva växter från hushåll | K200: 0 | L200: 45658 | M200: 0 | O200: - | P200: 1 | Q200: ANTL
A201: 1657 | B201: NEDTAG | C201: Nedtagning VA-mätare | D201: VA | F201: 1 | G201: KVAN | H201: Nedtagning VA-mätare | K201: 960 | L201: 45658 | M201: 0 | O201: - | P201: 1 | Q201: ANTL
A202: 1660 | B202: PÅSLÄPP | C202: Påsläpp av vattentillförsel | D202: VA | F202: 1 | G202: KVAN | H202: Påsläpp av vattentillförsel | K202: 960 | L202: 45658 | M202: 0 | O202: - | P202: 1 | Q202: ANTL
A203: 1662 | B203: UNDERSÖK | C203: Undersökning av vattenmätare | D203: VA | F203: 1 | G203: KVAN | H203: Undersökning av vattenmätare | K203: 960 | L203: 45658 | M203: 0 | O203: - | P203: 1 | Q203: ANTL
A204: 1658 | B204: UPPSÄTT | C204: Uppsättning VA-mätare | D204: VA | F204: 1 | G204: KVAN | H204: Uppsättning VA-mätare | K204: 960 | L204: 45658 | M204: 0 | O204: - | P204: 1 | Q204: ANTL
A205: 1915 | B205: VSOMMAR | C205: Sommarvatten | D205: VA | E205: VA | F205: 1 | G205: ÅRKV | H205: Total årskostnad för sommarvatten per Fritidshus maj-sept | K205: 1600 | L205: 45658 | M205: 0 | O205: - | P205: 1 | Q205: BOEN
A206: 1955 | B206: ÅVCVERKSAM | C206: ÅVC abonnemang 1 - ej miljöfarligt avfall | D206: RENH | F206: 1 | G206: ÅRKV | H206: ÅVC-abonnemang nivå 1 – ej miljöfarligt avfall | K206: 1600 | L206: 45658 | M206: 0 | O206: - | P206: 1 | Q206: FAST
A207: 1956 | B207: ÅVCVERKSAMFA | C207: ÅVC abonnemang 2 - farligt avfall | D207: RENH | F207: 1 | G207: ÅRKV | H207: ÅVC-abonnemang nivå 2 – med miljöfarligt avfall | K207: 3200 | L207: 45658 | M207: 0 | O207: - | P207: 1 | Q207: FAST
A208: 1965 | B208: ÅVC660I | C208: Kärl 660L, Invasiva Arter | D208: RENH | E208: HUSH | F208: 1 | G208: ÅRKV | H208: Kärl 660 Invasiva arter | K208: 0 | L208: 45727 | M208: 0 | O208: - | P208: 1 | Q208: ANTB
A209: 1964 | B209: ÅVC660T | C209: Kärl 660L, Textil | D209: RENH | E209: HUSH | F209: 1 | G209: ÅRKV | H209: Kärl 660 Textil | K209: 0 | L209: 45727 | M209: 0 | O209: - | P209: 1 | Q209: ANTB
A210: 1946 | B210: MB1600TÖM | C210: Tömning Markbehållare 1,6 m³, osorterat avfall | D210: RENH | E210: HUSH | F210: 1 | G210: KVAN | H210: Tömning Markbehållare 1,6 m³, osorterat avfall | K210: 550 | L210: 45761 | M210: 0 | O210: - | P210: 1 | Q210: ANTB
A211: 1952 | B211: MB3200TÖM | C211: Tömning Markbehållare 3,2 m³, osorterat avfall | D211: RENH | E211: HUSH | F211: 1 | G211: KVAN | H211: Tömning Markbehållare 3,2 m³, osorterat avfall | K211: 550 | L211: 45761 | M211: 0 | O211: - | P211: 1 | Q211: ANTB
A212: 1945 | B212: MB3600TÖM | C212: Tömning Markbehållare 3,6 m³, osorterat avfall | D212: RENH | E212: HUSH | F212: 1 | G212: KVAN | H212: Tömning Markbehållare 3,6 m³, osorterat avfall | K212: 400 | L212: 45761 | M212: 0 | O212: - | P212: 1 | Q212: ANTB
A213: 1943 | B213: MB5000TÖM | C213: Tömning Markbehållare 5 m³, osorterat avfall | D213: RENH | E213: HUSH | F213: 1 | G213: KVAN | H213: Tömning Markbehållare 5 m³, osorterat avfall | K213: 400 | L213: 45761 | M213: 0 | O213: - | P213: 1 | Q213: ANTB
A214: 1753 | B214: FELSORT | C214: Felsorteringsavgift | D214: RENH | E214: HUSH | F214: 1 | G214: KVAN | H214: Felsorteringsavgift | K214: 800 | L214: 46023 | M214: 0 | O214: - | P214: 1 | Q214: ANTL
A215: 1804 | B215: GEMUPPFRI | C215: Gemensam uppsamlingsplats, fritidshus | D215: RENH | E215: HUSH | F215: 1 | G215: ÅRKV | H215: Gemensam uppsamlingsplats, mat- och restavfall | K215: 600 | L215: 46023 | M215: 0 | O215: - | P215: 1 | Q215: FAST
A216: 1577 | B216: KÄ140MA26FV | C216: Kärl 140L, matavfall. Var 14:e dag. FLB/VHT | D216: RENH | E216: HUSH | F216: 1 | G216: ÅRKV | H216: Kärl 140L, matavfall. Var 14:e dag | K216: 480 | L216: 46023 | M216: 0 | O216: - | P216: 1 | Q216: ANTB
A217: 1578 | B217: KÄ140MA26FV | C217: Kärl 140L, matavfall. Var 14:e dag. FLB/VHT | D217: RENH | E217: HUSH | F217: 2 | G217: KVAN | H217: Kärl 140L Viktavgift matavfall kr/kg | K217: 2.28 | L217: 46023 | M217: 0 | O217: - | P217: 1 | Q217: VIKG,MAX60
A218: 1592 | B218: KÄ140MA26FV | C218: Kärl 140L, matavfall. Var 14:e dag. FLB/VHT | D218: RENH | E218: HUSH | F218: 3 | G218: ÅRKV | H218: Dragväg 1,5-10 meter | K218: 0 | L218: 46023 | M218: 0 | O218: - | P218: 1 | Q218: DR10
A219: 1593 | B219: KÄ140MA26FV | C219: Kärl 140L, matavfall. Var 14:e dag. FLB/VHT | D219: RENH | E219: HUSH | F219: 4 | G219: ÅRKV | H219: Dragväg 10,1-20 meter | K219: 0 | L219: 46023 | M219: 0 | O219: - | P219: 1 | Q219: DR20
... A273: 1789 | B273: REST | C273: Viktavgift restavfall | D273: RENH | E273: HUSH | F273: 1 | G273: KVAN | H273: Viktavgift restavfall | K273: 4.28 | L273: 46023 | M273: 0 | O273: - | P273: 1 | Q273: VIKG
A274: 1675 | B274: SANNAN | C274: Spillvatten Annan fastighet | D274: VA | E274: AVL | F274: 1 | G274: ÅRPR | H274: Fast avgift spillvatten | K274: 807.84 | L274: 46023 | M274: 0 | O274: - | P274: 1
A275: 1676 | B275: SANNAN | C275: Spillvatten Annan fastighet | D275: VA | E275: AVL | F275: 2 | G275: FÖRB | H275: Förbrukningsavgift, spillvatten | K275: 19.17 | L275: 46023 | M275: 0 | O275: - | P275: 1
A276: 1671 | B276: SBOSTAD | C276: Spillvatten Bostad | D276: VA | E276: AVL | F276: 1 | G276: ÅRPR | H276: Fast avgift spillvatten | K276: 807.84 | L276: 46023 | M276: 0 | O276: - | P276: 1
A277: 1672 | B277: SBOSTAD | C277: Spillvatten Bostad | D277: VA | E277: AVL | F277: 2 | G277: FÖRB | H277: Förbrukningsavgift, avlopp | K277: 19.17 | L277: 46023 | M277: 0 | O277: - | P277: 1
A278: 1673 | B278: SBOSTAD | C278: Spillvatten Bostad | D278: VA | E278: AVL | F278: 3 | G278: ÅRKV | H278: Avgift, per lägenhet | K278: 1178.3 | L278: 46023 | M278: 0 | O278: - | P278: 1 | Q278: LÄGH
A279: 1674 | B279: SBOSTAD | C279: Spillvatten Bostad | D279: VA | E279: AVL | F279: 4 | G279: ÅRKV | H279: Avgift per påbörjad 150-tal m² bruttoarea | K279: 1178.3 | L279: 46023 | M279: 0 | O279: - | P279: 1 | Q279: HELTALSDEL((BTAY+149)/150)
A280: 1677 | B280: SUANNAN | C280: Spillvatten Uppsk. Förbrukning Annan fastighet | D280: VA | E280: AVL | F280: 1 | G280: ÅRPR | H280: Fast avgift spillvatten | K280: 807.84 | L280: 46023 | M280: 0 | O280: - | P280: 1
A281: 1678 | B281: SUANNAN | C281: Spillvatten Uppsk. Förbrukning Annan fastighet | D281: VA | E281: AVL | F281: 2 | G281: UPFÖ | H281: Rörlig avgift, uppsk. förbrukning spillvatten | K281: 19.17 | L281: 46023 | M281: 0 | O281: - | P281: 1
A282: 1679 | B282: SUBOSTAD | C282: Spillvatten Uppsk. Förbrukning Bostad | D282: VA | E282: AVL | F282: 1 | G282: ÅRPR | H282: Fast avgift spillvatten | K282: 807.84 | L282: 46023 | M282: 0 | O282: - | P282: 1
A283: 1680 | B283: SUBOSTAD | C283: Spillvatten Uppsk. Förbrukning Bostad | D283: VA | E283: AVL | F283: 2 | G283: UPFÖ | H283: Rörlig avgift, uppsk. förbrukning spillvatten | K283: 19.17 | L283: 46023 | M283: 0 | O283: - | P283: 1
...

Sheet Taxa_till_edp
A1: intRecnum | B1: strTaxekod | C1: strTaxebenamning | D1: strProdukt | E1: strDelProdukt | F1: bytDelradnr | G1: strFaktor | H1: strTaxedelAvser | I1: strEntreprenorkod | J1: strRenhDistrKod | K1: curNuvarandePris | L1: datNuvarandePrisDatum | M1: bolPrisPerTomning | N1: strAvvikandeFormel | O1: bolPriserInklMoms | P1: bytMomskod | Q1: strFormel

Sheet Sammanställning
B1: Sammanställning – total intäkt per paragraf
B3: Paragraf | C3: Paragrafnamn | D3: Total intäkt (kr)
B4: §2.1 | C4: Grundavgift | D4: =SUMIF(Taxepunkter!A:A,"§2.1",Taxepunkter!I:I) -> 0
B5: §2.2.1 | C5: Hämtningsavgift per år för en- och tvåbostadshus | D5: =SUMIF(Taxepunkter!A:A,"§2.2.1",Taxepunkter!I:I) -> 0
B6: §2.2.2 | C6: Hämtningsavgift per år för fritidshus | D6: =SUMIF(Taxepunkter!A:A,"§2.2.2",Taxepunkter!I:I) -> 0
B7: §2.2.3 | C7: Hämtningsavgift per år gemensam uppsamlingsplats för hämtningsområde X | D7: =SUMIF(Taxepunkter!A:A,"§2.2.3",Taxepunkter!I:I) -> 0
B8: §2.2.4 | C8: Hämtningsavgift per år för flerbostadshus | D8: =SUMIF(Taxepunkter!A:A,"§2.2.4",Taxepunkter!I:I) -> 0
B9: §2.2.5 | C9: Hämtningsavgift per år för verksamheter | D9: =SUMIF(Taxepunkter!A:A,"§2.2.5",Taxepunkter!I:I) -> 0
B10: §2.3 | C10: Rörlig avgift (gäller ej gemensam uppsamlingsplats) | D10: =SUMIF(Taxepunkter!A:A,"§2.3",Taxepunkter!I:I) -> 0
B11: §2.4 | C11: Betalsäck och akutsäck | D11: =SUMIF(Taxepunkter!A:A,"§2.4",Taxepunkter!I:I) -> 0
B12: §2.5 | C12: Matavfallspåsar | D12: =SUMIF(Taxepunkter!A:A,"§2.5",Taxepunkter!I:I) -> 0
B13: §2.6.1 | C13: Fakturaavgift | D13: =SUMIF(Taxepunkter!A:A,"§2.6.1",Taxepunkter!I:I) -> 0
B14: §2.6.2 | C14: Överviktsavgift kärl | D14: =SUMIF(Taxepunkter!A:A,"§2.6.2",Taxepunkter!I:I) -> 0
B15: §2.6.3 | C15: Överfullt kärl/bottentömmande behållare | D15: =SUMIF(Taxepunkter!A:A,"§2.6.3",Taxepunkter!I:I) -> 0
B16: §2.6.4 | C16: Byte av trasigt kärl | D16: =SUMIF(Taxepunkter!A:A,"§2.6.4",Taxepunkter!I:I) -> 0
B17: §2.6.5 | C17: Byte av abonnemang | D17: =SUMIF(Taxepunkter!A:A,"§2.6.5",Taxepunkter!I:I) -> 0
B18: §2.6.6 | C18: Felsorteringsavgift | D18: =SUMIF(Taxepunkter!A:A,"§2.6.6",Taxepunkter!I:I) -> 0
B19: §2.6.7 | C19: Dragväg och avfallsutrymmen | D19: =SUMIF(Taxepunkter!A:A,"§2.6.7",Taxepunkter!I:I) -> 0
B20: §2.6.8 | C20: Evenemang och andra tillfälliga händelser | D20: =SUMIF(Taxepunkter!A:A,"§2.6.8",Taxepunkter!I:I) -> 0
B21: §2.6.9 | C21: Budning av mat- och restavfall | D21: =SUMIF(Taxepunkter!A:A,"§2.6.9",Taxepunkter!I:I) -> 0
B22: §2.7.1 | C22: Hanteringsavgifter för avfall inlämnat på återvinningscentral | D22: =SUMIF(Taxepunkter!A:A,"§2.7.1",Taxepunkter!I:I) -> 0
B23: §2.7.2 | C23: Inpassering på ÅVC | D23: =SUMIF(Taxepunkter!A:A,"§2.7.2",Taxepunkter!I:I) -> 0
B24: §2.7.3 | C24: Hyra av container | D24: =SUMIF(Taxepunkter!A:A,"§2.7.3",Taxepunkter!I:I) -> 0
B25: §2.7.4 | C25: Budning för fastighetsnära hämtning av kommunalt avfall | D25: =SUMIF(Taxepunkter!A:A,"§2.7.4",Taxepunkter!I:I) -> 0
B26: §3.1 | C26: Ordinarie tömning slam | D26: =SUMIF(Taxepunkter!A:A,"§3.1",Taxepunkter!I:I) -> 0
B27: §3.2 | C27: Tilläggstjänster slam | D27: =SUMIF(Taxepunkter!A:A,"§3.2",Taxepunkter!I:I) -> 0
B28: §3.3 | C28: Övriga avgifter och tillägg slam | D28: =SUMIF(Taxepunkter!A:A,"§3.3",Taxepunkter!I:I) -> 0
B29: §4.1 | C29: Budad hämtning fosforfilter | D29: =SUMIF(Taxepunkter!A:A,"§4.1",Taxepunkter!I:I) -> 0
B30: §4.2 | C30: Tilläggstjänster fosforfilter | D30: =SUMIF(Taxepunkter!A:A,"§4.2",Taxepunkter!I:I) -> 0
B31: §4.3 | C31: Övriga avgifter och tillägg fosforfällor | D31: =SUMIF(Taxepunkter!A:A,"§4.3",Taxepunkter!I:I) -> 0
B32: §5.1 | C32: Ordinarie tömning av fettavskiljare | D32: =SUMIF(Taxepunkter!A:A,"§5.1",Taxepunkter!I:I) -> 0
B33: §5.2 | C33: Tilläggstjänster fettavskiljare | D33: =SUMIF(Taxepunkter!A:A,"§5.2",Taxepunkter!I:I) -> 0
B34: §5.3 | C34: Övriga avgifter och tillägg fettavskiljare | D34: =SUMIF(Taxepunkter!A:A,"§5.3",Taxepunkter!I:I) -> 0
B35: §6 | C35: Verksamhetsavfall inlämnat på återvinningscentral | D35: =SUMIF(Taxepunkter!A:A,"§6",Taxepunkter!I:I) -> 0

Sheet Kostnadstäckning
B1: Kostnadstäckningsgrad vs självkostnad
B3: Total intäkt (kr) | C3: =SUM(Taxepunkter!I:I) -> 0
B4: Självkostnad (kr) – ange här | C4: 0
B5: Kostnadstäckningsgrad | C5: =IF(C4=0,"",C3/C4)

Sheet QA Word-Excel struktur
A1: Kontroll | B1: Status
A2: Källfil Word | B2: Förslag till taxestruktur mall ASN 2026-03-13 v2(2).docx
A3: Källfil Excel | B3: Avfallstaxa_redigerbar_korrigerad_tom_2_2_6(1).xlsx
A4: Åtgärd | B4: Taxepunkter har byggts om så att varje prisfält i Word motsvarar en egen rad i Excel.
A5: Antal rader i Taxepunkter efter korrigering | B5: 367
A7: Tillagda/korrigerade huvudområden | B7: Kommentar
A8: §2.2.6 | B8: Saknad paragraf byggd med samtliga 15 prispunkter.
A9: §2.2.7 | B9: Saknad paragraf byggd med 3 prispunkter.
A10: §2.2.1–§2.2.2 | B10: Rader delade upp per hämtningsintervall enligt Word.
A11: §2.4.1–§2.4.11 | B11: Tidigare §2.6.* och separata 2.4/2.5 har byggts om enligt Word-numrering.
A12: §2.5.1 | B12: Budning för fastighetsnära hämtning flyttad från tidigare §2.7.4 till Word-strukturen.
A13: §3–§5 | B13: Saknade rader för tillägg per m3, extra tank/brunn, latrin, fosforfilter och fettavskiljare har lagts till enligt Word.
A14: §6.1.1–§6.1.4 | B14: ÅVC-struktur byggd enligt Word-numrering; befintliga §6- och tidigare §2.7-rader har bevarats under §6.
A16: Obs | B16: Taxakod/pris har bara bevarats där befintlig rad kunde matchas. Nya rader saknar taxakod/pris tills ni fyller i dessa.

Sheet Taxa_Saknas
A1: Källparagraf | B1: Källpunkt | C1: Rad i Taxepunkter | D1: Wordtext | E1: Status | F1: Matchmetod | G1: FöreslagenTaxekod | H1: intRecnum | I1: Taxepunkt | J1: strTaxekod | K1: strTaxebenamning | L1: strProdukt | M1: strDelProdukt | N1: bytDelradnr | O1: strFaktor | P1: strTaxedelAvser | Q1: strEntreprenorkod | R1: strRenhDistrKod | S1: curNuvarandePris | T1: datNuvarandePrisDatum | U1: bolPrisPerTomning | V1: strAvvikandeFormel | W1: bolPriserInklMoms | X1: bytMomskod | Y1: strFormel
A2: §2.1 | B2: 5 | C2: 11 | D2: Lägenhet för specialändamål | E2: Saknas i EDP – föreslagen ny taxa | F2: Kodförslag baserat på prefix/suffix och text i Taxepunkter | G2: GRUNDSPEC | H2: 11 | I2: Grundavgift / Lägenhet för specialändamål | J2: GRUNDSPEC | K2: Lägenhet för specialändamål | L2: RENH | M2: HUSH | N2: 1 | O2: ÅRKV | P2: Lägenhet för specialändamål | U2: 0 | W2: - | X2: 1 | Y2: ANTB
A3: §2.1 | B3: 6 | C3: 12 | D3: Anläggning | E3: Saknas i EDP – föreslagen ny taxa | F3: Kodförslag baserat på prefix/suffix och text i Taxepunkter | G3: GRUNDANL | H3: 12 | I3: Grundavgift / Anläggning | J3: GRUNDANL | K3: Anläggning | L3: RENH | M3: HUSH | N3: 1 | O3: ÅRKV | P3: Anläggning | U3: 0 | W3: - | X3: 1 | Y3: ANTB
A4: §2.1 | B4: 7 | C4: 13 | D4: Säsongsbaserad uppställningsplats | E4: Saknas i EDP – föreslagen ny taxa | F4: Kodförslag baserat på prefix/suffix och text i Taxepunkter | G4: GRUNDSÄS | H4: 13 | I4: Grundavgift / Säsongsbaserad uppställningsplats | J4: GRUNDSÄS | K4: Säsongsbaserad uppställningsplats | L4: RENH | M4: HUSH | N4: 1 | O4: ÅRKV | P4: Säsongsbaserad uppställningsplats | U4: 0 | W4: - | X4: 1 | Y4: ANTB
A5: §2.1 | B5: 8 | C5: 14 | D5: Campingstuga/-lägenhet | E5: Saknas i EDP – föreslagen ny taxa | F5: Kodförslag baserat på prefix/suffix och text i Taxepunkter | G5: GRUNDCAMP | H5: 14 | I5: Grundavgift / Campingstuga/-lägenhet | J5: GRUNDCAMP | K5: Campingstuga/-lägenhet | L5: RENH | M5: HUSH | N5: 1 | O5: ÅRKV | P5: Campingstuga/-lägenhet | U5: 0 | W5: - | X5: 1 | Y5: ANTB
A6: §2.1 | B6: 9 | C6: 15 | D6: Administrativ avgift vid beviljad dispens om uppehåll i hämtning eller eget omhändertagande av avfall under kommunalt ansvar | E6: Saknas i EDP – föreslagen ny taxa | F6: Kodförslag baserat på prefix/suffix och text i Taxepunkter | G6: ADMINDISP | H6: 15 | I6: Grundavgift / Administrativ avgift vid beviljad dispens om uppehåll i hämtning eller eget omhändertagande av avfall under kommunalt ansvar | J6: ADMINDISP | K6: Administrativ avgift vid beviljad dispens om uppehåll i hämtning eller eget omhändertagande av avfall under kommunalt ansvar | L6: RENH | M6: HUSH | N6: 1 | O6: ÅRKV | P6: Administrativ avgift vid beviljad dispens om uppehåll i hämtning eller eget omhändertagande av avfall under kommunalt ansvar | U6: 0 | W6: - | X6: 1 | Y6: ANTB
A7: §2.2.1 | B7: 11 | C7: 19 | D7: Kärl 240 l (mat-/restavfall) Hämtning månadsvis | E7: Saknas i EDP – föreslagen ny taxa | F7: Kodförslag baserat på prefix/suffix och text i Taxepunkter | G7: KÄ240RM12 | H7: 19 | I7: Hämtningsavgift per år för en- och tvåbostadshus / Kärl 240 l (mat-/restavfall) | J7: KÄ240RM12 | K7: Kärl 240 l (mat-/restavfall). Hämtning månadsvis | L7: RENH | M7: HUSH | N7: 1 | O7: ÅRKV | P7: Kärl 240 l (mat-/restavfall) Hämtning månadsvis | U7: 0 | W7: - | X7: 1 | Y7: ANTB
A8: §2.2.1 | B8: 13 | C8: 21 | D8: Extrakärl 190 l (restavfall) Hämtning månadsvis | E8: Saknas i EDP – föreslagen ny taxa | F8: Kodförslag baserat på prefix/suffix och text i Taxepunkter | G8: KÄ190XRM12 | H8: 21 | I8: Hämtningsavgift per år för en- och tvåbostadshus / Extrakärl 190 l (restavfall) | J8: KÄ190XRM12 | K8: Extrakärl 190 l (restavfall). Hämtning månadsvis | L8: RENH | M8: HUSH | N8: 1 | O8: ÅRKV | P8: Extrakärl 190 l (restavfall) Hämtning månadsvis | U8: 0 | W8: - | X8: 1 | Y8: ANTB
A9: §2.2.2 | B9: 15 | C9: 26 | D9: Kärl 240 l (mat-/restavfall) Hämtning månadsvis | E9: Saknas i EDP – föreslagen ny taxa | F9: Kodförslag baserat på prefix/suffix och text i Taxepunkter | G9: KÄ240RM12FRI | H9: 26 | I9: Hämtningsavgift per år för fritidshus / Kärl 240 l (mat-/restavfall) | J9: KÄ240RM12FRI | K9: Kärl 240 l (mat-/restavfall). Hämtning månadsvis | L9: RENH | M9: HUSH | N9: 1 | O9: ÅRKV | P9: Kärl 240 l (mat-/restavfall) Hämtning månadsvis | U9: 0 | W9: - | X9: 1 | Y9: ANTB
A10: §2.2.2 | B10: 16 | C10: 27 | D10: Extrakärl 190 l (restavfall) Hämtning var 14:e dag | E10: Saknas i EDP – föreslagen ny taxa | F10: Kodförslag baserat på prefix/suffix och text i Taxepunkter | G10: KÄ190XRM26FRI | H10: 27 | I10: Hämtningsavgift per år för fritidshus / Extrakärl 190 l (restavfall) | J10: KÄ190XRM26FRI | K10: Extrakärl 190 l (restavfall). Hämtning var 14:e dag | L10: RENH | M10: HUSH | N10: 1 | O10: ÅRKV | P10: Extrakärl 190 l (restavfall) Hämtning var 14:e dag | U10: 0 | W10: - | X10: 1 | Y10: ANTB
A11: §2.2.2 | B11: 17 | C11: 28 | D11: Extrakärl 190 l (restavfall) Hämtning månadsvis | E11: Saknas i EDP – föreslagen ny taxa | F11: Kodförslag baserat på prefix/suffix och text i Taxepunkter | G11: KÄ190XRM12FRI | H11: 28 | I11: Hämtningsavgift per år för fritidshus / Extrakärl 190 l (restavfall) | J11: KÄ190XRM12FRI | K11: Extrakärl 190 l (restavfall). Hämtning månadsvis | L11: RENH | M11: HUSH | N11: 1 | O11: ÅRKV | P11: Extrakärl 190 l (restavfall) Hämtning månadsvis | U11: 0 | W11: - | X11: 1 | Y11: ANTB
A12: §2.2.3 | B12: 18 | C12: 32 | D12: Gemensam uppsamlingsplats för mat-/restavfall | E12: Saknas i EDP – föreslagen ny taxa | F12: Kodförslag baserat på prefix/suffix och text i Taxepunkter | G12: GEMUPPMR | H12: 32 | I12: Gemensam uppsamlingsplats inom hämtningsområde X / Gemensam uppsamlingsplats för mat-/restavfall | J12: GEMUPPMR | K12: Gemensam uppsamlingsplats för mat-/restavfall | L12: RENH | M12: HUSH | N12: 1 | O12: ÅRKV | P12: Gemensam uppsamlingsplats för mat-/restavfall | U12: 0 | W12: - | X12: 1 | Y12: ANTB
A13: §2.2.3 | B13: 19 | C13: 34 | D13: Extra digital licens (årskostnad) | E13: Saknas i EDP – föreslagen ny taxa | F13: Kodförslag baserat på prefix/suffix och text i Taxepunkter | G13: GEMUPPEXTRA | H13: 34 | I13: Gemensam uppsamlingsplats inom hämtningsområde X / Extra digital licens (årskostnad) | J13: GEMUPPEXTRA | K13: Extra digital licens (årskostnad) | L13: RENH | M13: HUSH | N13: 1 | O13: ÅRKV | P13: Extra digital licens (årskostnad) | U13: 0 | W13: - | X13: 1 | Y13: ANTB
... A38: §2.2.4 | B38: 52 | C38: 69 | D38: Gemensam uppsamlingsplats för mat-/restavfall, förpackningar Avgift per lägenhet | E38: Saknas i EDP – föreslagen ny taxa | F38: Kodförslag uppdaterat enligt regel: bottentömmande använder MB-prefix / gemensam uppsamlingsplats särskild funktionskod | G38: GEMUPPMRFPFLB | H38: 69 | I38: Hämtningsavgift per år för flerbostadshus / Gemensam uppsamlingsplats för mat-/restavfall, förpackningar | J38: GEMUPPMRFPFLB | K38: Gemensam uppsamlingsplats för mat-/restavfall och förpackningar. Avgift per lägenhet. Flerbostadshus | L38: RENH | M38: HUSH | N38: 1 | O38: ÅRKV | P38: Gemensam uppsamlingsplats för mat-/restavfall och förpackningar. Avgift per lägenhet. Flerbostadshus | U38: 0 | W38: - | X38: 1 | Y38: LÄGH
A39: §2.2.5 | B39: 53 | C39: 72 | D39: Kärl 240 l (mat-/restavfall) Hämtning varje vecka | E39: Åtgärdad – FV-taxekod återanvänds efter godkännande | F39: EDP-träff via strTaxebenamning/strTaxedelAvser; FV = flerbostadshus eller verksamhet | G39: KÄ240RM52FV | H39: 72 | I39: Hämtningsavgift per år för verksamheter / Kärl 240 l (mat-/restavfall) | J39: KÄ240RM52FV | K39: Tvåfackskärl 240L, rest/matavfall. Varje vecka. FLB/VHT | L39: RENH | M39: HUSH | N39: 5 | O39: ÅRKV | P39: Dragväg 10,1-20 meter | S39: 0 | T39: 44927 | U39: 0 | W39: - | X39: 1 | Y39: DR20
A40: §2.2.5 | B40: 54 | C40: 73 | D40: Kärl 240 l (mat-/restavfall) Hämtning var 14:e dag | E40: Åtgärdad – FV-taxekod återanvänds efter godkännande | F40: EDP-träff via strTaxebenamning/strTaxedelAvser; FV = flerbostadshus eller verksamhet | G40: KÄ240RM26FV | H40: 73 | I40: Hämtningsavgift per år för verksamheter / Kärl 240 l (mat-/restavfall) | J40: KÄ240RM26FV | K40: Tvåfackskärl 240L, rest/matavfall. Var 14:e dag. FLB/VHT | L40: RENH | M40: HUSH | N40: 5 | O40: ÅRKV | P40: Dragväg 10,1-20 meter | S40: 0 | T40: 46023 | U40: 0 | W40: - | X40: 1 | Y40: DR20
A41: §2.2.5 | B41: 55 | C41: 74 | D41: Kärl 240 l (mat-/restavfall) Hämtning månadsvis | E41: Saknas i EDP – föreslagen ny taxa | F41: Kodförslag baserat på prefix/suffix och text i Taxepunkter | G41: KÄ240RM12FV | H41: 74 | I41: Hämtningsavgift per år för verksamheter / Kärl 240 l (mat-/restavfall) | J41: KÄ240RM12FV | K41: Kärl 240 l (mat-/restavfall). Hämtning månadsvis | L41: RENH | M41: HUSH | N41: 1 | O41: ÅRKV | P41: Kärl 240 l (mat-/restavfall) Hämtning månadsvis | U41: 0 | W41: - | X41: 1 | Y41: ANTB
A42: §2.2.5 | B42: 56 | C42: 75 | D42: Kärl 370 l (restavfall) Hämtning varje vecka | E42: Åtgärdad – FV-taxekod återanvänds efter godkännande | F42: EDP-träff via strTaxebenamning/strTaxedelAvser; FV = flerbostadshus eller verksamhet | G42: KÄ370RE52FV | H42: 75 | I42: Hämtningsavgift per år för verksamheter / Kärl 370 l (restavfall) | J42: KÄ370RE52FV | K42: Kärl 370L, restavfall. Varje vecka. FLB/VHT | L42: RENH | M42: HUSH | N42: 5 | O42: KVAN | P42: Kärl 370L 52V Överviktsavgift vikt över 60 kg, restavfall | S42: 6.4 | T42: 46023 | U42: 0 | W42: - | X42: 1 | Y42: VIKG-60,MIN0
A43: §2.2.5 | B43: 57 | C43: 76 | D43: Kärl 370 l (restavfall) Hämtning var 14:e dag | E43: Åtgärdad – FV-taxekod återanvänds efter godkännande | F43: EDP-träff via strTaxebenamning/strTaxedelAvser; FV = flerbostadshus eller verksamhet | G43: KÄ370RE26FV | H43: 76 | I43: Hämtningsavgift per år för verksamheter / Kärl 370 l (restavfall) | J43: KÄ370RE26FV | K43: Kärl 370L, restavfall. Var 14:e dag. FLB/VHT | L43: RENH | M43: HUSH | N43: 5 | O43: KVAN | P43: Kärl 370L 26V Överviktsavgift vikt över 60 kg, restavfall | S43: 6.4 | T43: 46023 | U43: 0 | W43: - | X43: 1 | Y43: VIKG-60,MIN0
A44: §2.2.5 | B44: 58 | C44: 77 | D44: Kärl 370 l (restavfall) Hämtning månadsvis | E44: Saknas i EDP – föreslagen ny taxa | F44: Kodförslag baserat på prefix/suffix och text i Taxepunkter | G44: KÄ370RE12FV | H44: 77 | I44: Hämtningsavgift per år för verksamheter / Kärl 370 l (restavfall) | J44: KÄ370RE12FV | K44: Kärl 370 l (restavfall). Hämtning månadsvis | L44: RENH | M44: HUSH | N44: 1 | O44: ÅRKV | P44: Kärl 370 l (restavfall) Hämtning månadsvis | U44: 0 | W44: - | X44: 1 | Y44: ANTB
A45: §2.2.5 | B45: 59 | C45: 78 | D45: Kärl 660 l (restavfall) Hämtning varje vecka | E45: Åtgärdad – FV-taxekod återanvänds efter godkännande | F45: EDP-träff via strTaxebenamning/strTaxedelAvser; FV = flerbostadshus eller verksamhet | G45: KÄ660RE52FV | H45: 78 | I45: Hämtningsavgift per år för verksamheter / Kärl 660 l (restavfall) | J45: KÄ660RE52FV | K45: Kärl 660L, restavfall. Varje vecka. FLB/VHT | L45: RENH | M45: HUSH | N45: 5 | O45: KVAN | P45: Kärl 660L 52V Överviktsavgift vikt över 100 kg, restavfall | S45: 8 | T45: 46023 | U45: 0 | W45: - | X45: 1 | Y45: VIKG-100,MIN0
A46: §2.2.5 | B46: 60 | C46: 79 | D46: Kärl 660 l (restavfall) Hämtning var 14:e dag | E46: Åtgärdad – FV-taxekod återanvänds efter godkännande | F46: EDP-träff via strTaxebenamning/strTaxedelAvser; FV = flerbostadshus eller verksamhet | G46: KÄ660RE26FV | H46: 79 | I46: Hämtningsavgift per år för verksamheter / Kärl 660 l (restavfall) | J46: KÄ660RE26FV | K46: Kärl 660L, restavfall. Var 14:e dag FLB/VHT | L46: RENH | M46: HUSH | N46: 5 | O46: KVAN | P46: Kärl 660L 26V Överviktsavgift vikt över 100 kg, restavfall | S46: 8 | T46: 46023 | U46: 0 | W46: - | X46: 1 | Y46: VIKG-100,MIN0
A47: §2.2.5 | B47: 61 | C47: 80 | D47: Kärl 660 l (restavfall) Hämtning månadsvis | E47: Saknas i EDP – föreslagen ny taxa | F47: Kodförslag baserat på prefix/suffix och text i Taxepunkter | G47: KÄ660RE12FV | H47: 80 | I47: Hämtningsavgift per år för verksamheter / Kärl 660 l (restavfall) | J47: KÄ660RE12FV | K47: Kärl 660 l (restavfall). Hämtning månadsvis | L47: RENH | M47: HUSH | N47: 1 | O47: ÅRKV | P47: Kärl 660 l (restavfall) Hämtning månadsvis | U47: 0 | W47: - | X47: 1 | Y47: ANTB
A48: §2.2.5 | B48: 62 | C48: 81 | D48: Kärl 140 l (matavfall) Hämtning varje vecka | E48: Åtgärdad – FV-taxekod återanvänds efter godkännande | F48: EDP-träff via strTaxebenamning/strTaxedelAvser; FV = flerbostadshus eller verksamhet | G48: KÄ140MA52FV | H48: 81 | I48: Hämtningsavgift per år för verksamheter / Kärl 140 l (matavfall) | J48: KÄ140MA52FV | K48: Kärl 140L, matavfall. Varje vecka. FLB/VHT | L48: RENH | M48: HUSH | N48: 5 | O48: KVAN | P48: Kärl 140L Överviktsavgift för vikt över 60 kg, matavfall | S48: 4.8 | T48: 46023 | U48: 0 | W48: - | X48: 1 | Y48: VIKG-60,MIN0
A49: §2.2.5 | B49: 63 | C49: 82 | D49: Kärl 140 l (matavfall) Hämtning var 14:e dag | E49: Åtgärdad – FV-taxekod återanvänds efter godkännande | F49: EDP-träff via strTaxebenamning/strTaxedelAvser; FV = flerbostadshus eller verksamhet | G49: KÄ140MA26FV | H49: 82 | I49: Hämtningsavgift per år för verksamheter / Kärl 140 l (matavfall) | J49: KÄ140MA26FV | K49: Kärl 140L, matavfall. Var 14:e dag. FLB/VHT | L49: RENH | M49: HUSH | N49: 5 | O49: KVAN | P49: Kärl 140L Överviktsavgift för vikt över 60 kg, matavfall | S49: 4.8 | T49: 46023 | U49: 0 | W49: - | X49: 1 | Y49: VIKG-60,MIN0
A50: §2.2.5 | B50: 64 | C50: 83 | D50: Kärl 140 l (matavfall) Hämtning månadsvis | E50: Saknas i EDP – föreslagen ny taxa | F50: Kodförslag baserat på prefix/suffix och text i Taxepunkter | G50: KÄ140MA12FV | H50: 83 | I50: Hämtningsavgift per år för verksamheter / Kärl 140 l (matavfall) | J50: KÄ140MA12FV | K50: Kärl 140 l (matavfall). Hämtning månadsvis | L50: RENH | M50: HUSH | N50: 1 | O50: ÅRKV | P50: Kärl 140 l (matavfall) Hämtning månadsvis | U50: 0 | W50: - | X50: 1 | Y50: ANTB
A51: §2.2.5 | B51: 65 | C51: 84 | D51: Bottentömmande behållare (mat-/restavfall) Avgift per tömning | E51: Saknas i EDP – föreslagen ny taxa | F51: Kodförslag uppdaterat enligt regel: bottentömmande använder MB-prefix; lastväxlarflak använder LV-prefix | G51: MBRMFV | H51: 84 | I51: Hämtningsavgift per år för verksamheter / Bottentömmande behållare (mat-/restavfall) | J51: MBRMFV | K51: Bottentömmande behållare (mat-/restavfall). Avgift per tömning. Verksamhet/Flerbostadshus | L51: RENH | M51: HUSH | N51: 1 | O51: ÅRKV | P51: Bottentömmande behållare (mat-/restavfall). Avgift per tömning. Verksamhet/Flerbostadshus | U51: 0 | W51: - | X51: 1 | Y51: ANTL
A52: §2.2.5 | B52: 66 | C52: 85 | D52: Lastväxlarflak (restavfall) Avgift per tömning | E52: Saknas i EDP – föreslagen ny taxa | F52: Kodförslag uppdaterat enligt regel: bottentömmande använder MB-prefix; lastväxlarflak använder LV-prefix | G52: LVREFV | H52: 85 | I52: Hämtningsavgift per år för verksamheter / Lastväxlarflak (restavfall) | J52: LVREFV | K52: Lastväxlarflak (restavfall). Avgift per tömning. Verksamhet/Flerbostadshus | L52: RENH | M52: HUSH | N52: 1 | O52: ÅRKV | P52: Lastväxlarflak (restavfall). Avgift per tömning. Verksamhet/Flerbostadshus | U52: 0 | W52: - | X52: 1 | Y52: ANTL
A53: §2.2.5 | B53: 67 | C53: 86 | D53: Bottentömmande behållare (mat-/restavfall) Tillägg för två tömningar per vecka | E53: Saknas i EDP – föreslagen ny taxa | F53: Kodförslag uppdaterat enligt regel: bottentömmande använder MB-prefix; lastväxlarflak använder LV-prefix | G53: MBRM2VFV | H53: 86 | I53: Hämtningsavgift per år för verksamheter / Bottentömmande behållare (mat-/restavfall) | J53: MBRM2VFV | K53: Bottentömmande behållare (mat-/restavfall). Tillägg för två tömningar per vecka. Verksamhet/Flerbostadshus | L53: RENH | M53: HUSH | N53: 1 | O53: ÅRKV | P53: Bottentömmande behållare (mat-/restavfall). Tillägg för två tömningar per vecka. Verksamhet/Flerbostadshus | U53: 0 | W53: - | X53: 1 | Y53: ANTL
A54: §2.2.6 | B54: 68 | C54: 89 | D54: Kärl 240 l (mat-/restavfall) Hämtning varje vecka | E54: Saknas i EDP – föreslagen ny taxa | F54: Kodförslag baserat på DH-regel: detaljhandel med beviljad hantering av kommunalt avfall | G54: KÄ240RM52DH | H54: 89 | I54: Hämtningsavgift per år för verksamhet inom detaljhandeln med beviljad hantering av kommunalt avfall / Kärl 240 l (mat-/restavfall) | J54: KÄ240RM52DH | K54: Tvåfackskärl 240L, rest/matavfall. Varje vecka. Detaljhandel | L54: RENH | M54: HUSH | N54: 1 | O54: ÅRKV | P54: Tvåfackskärl 240L, rest/matavfall. Varje vecka | S54: 0 | T54: 44927 | U54: 0 | W54: - | X54: 1 | Y54: ANTB
A55: §2.2.6 | B55: 69 | C55: 90 | D55: Kärl 240 l (mat-/restavfall) Hämtning var 14:e dag | E55: Saknas i EDP – föreslagen ny taxa | F55: Kodförslag baserat på DH-regel: detaljhandel med beviljad hantering av kommunalt avfall | G55: KÄ240RM26DH | H55: 90 | I55: Hämtningsavgift per år för verksamhet inom detaljhandeln med beviljad hantering av kommunalt avfall / Kärl 240 l (mat-/restavfall) | J55: KÄ240RM26DH | K55: Tvåfackskärl 240L, rest/matavfall. Var 14:e dag. Detaljhandel | L55: RENH | M55: HUSH | N55: 1 | O55: ÅRKV | P55: Tvåfackskärl 240L, rest/matavfall. Var 14:e dag | S55: 0 | T55: 46023 | U55: 0 | W55: - | X55: 1 | Y55: ANTB
A56: §2.2.6 | B56: 70 | C56: 91 | D56: Kärl 240 l (mat-/restavfall) Hämtning månadsvis | E56: Saknas i EDP – föreslagen ny taxa | F56: Kodförslag baserat på DH-regel: detaljhandel med beviljad hantering av kommunalt avfall | G56: KÄ240RM12DH | H56: 91 | I56: Hämtningsavgift per år för verksamhet inom detaljhandeln med beviljad hantering av kommunalt avfall / Kärl 240 l (mat-/restavfall) | J56: KÄ240RM12DH | K56: Kärl 240 l (mat-/restavfall). Hämtning månadsvis. Detaljhandel | L56: RENH | M56: HUSH | N56: 1 | O56: ÅRKV | P56: Kärl 240 l (mat-/restavfall) Hämtning månadsvis | U56: 0 | W56: - | X56: 1 | Y56: ANTB
A57: §2.2.6 | B57: 71 | C57: 92 | D57: Kärl 370 l (restavfall) Hämtning varje vecka | E57: Saknas i EDP – föreslagen ny taxa | F57: Kodförslag baserat på DH-regel: detaljhandel med beviljad hantering av kommunalt avfall | G57: KÄ370RE52DH | H57: 92 | I57: Hämtningsavgift per år för verksamhet inom detaljhandeln med beviljad hantering av kommunalt avfall / Kärl 370 l (restavfall) | J57: KÄ370RE52DH | K57: Kärl 370L, restavfall. Varje vecka. Detaljhandel | L57: RENH | M57: HUSH | N57: 1 | O57: KVAN | P57: Kärl 370L, restavfall. Varje vecka | S57: 6.4 | T57: 46023 | U57: 0 | W57: - | X57: 1 | Y57: ANTB
A58: §2.2.6 | B58: 72 | C58: 93 | D58: Kärl 370 l (restavfall) Hämtning var 14:e dag | E58: Saknas i EDP – föreslagen ny taxa | F58: Kodförslag baserat på DH-regel: detaljhandel med beviljad hantering av kommunalt avfall | G58: KÄ370RE26DH | H58: 93 | I58: Hämtningsavgift per år för verksamhet inom detaljhandeln med beviljad hantering av kommunalt avfall / Kärl 370 l (restavfall) | J58: KÄ370RE26DH | K58: Kärl 370L, restavfall. Var 14:e dag. Detaljhandel | L58: RENH | M58: HUSH | N58: 1 | O58: KVAN | P58: Kärl 370L, restavfall. Var 14:e dag | S58: 6.4 | T58: 46023 | U58: 0 | W58: - | X58: 1 | Y58: ANTB
A59: §2.2.6 | B59: 73 | C59: 94 | D59: Kärl 370 l (restavfall) Hämtning månadsvis | E59: Saknas i EDP – föreslagen ny taxa | F59: Kodförslag baserat på DH-regel: detaljhandel med beviljad hantering av kommunalt avfall | G59: KÄ370RE12DH | H59: 94 | I59: Hämtningsavgift per år för verksamhet inom detaljhandeln med beviljad hantering av kommunalt avfall / Kärl 370 l (restavfall) | J59: KÄ370RE12DH | K59: Kärl 370 l (restavfall). Hämtning månadsvis. Detaljhandel | L59: RENH | M59: HUSH | N59: 1 | O59: ÅRKV | P59: Kärl 370 l (restavfall) Hämtning månadsvis | U59: 0 | W59: - | X59: 1 | Y59: ANTB
A60: §2.2.6 | B60: 74 | C60: 95 | D60: Kärl 660 l (restavfall) Hämtning varje vecka | E60: Saknas i EDP – föreslagen ny taxa | F60: Kodförslag baserat på DH-regel: detaljhandel med beviljad hantering av kommunalt avfall | G60: KÄ660RE52DH | H60: 95 | I60: Hämtningsavgift per år för verksamhet inom detaljhandeln med beviljad hantering av kommunalt avfall / Kärl 660 l (restavfall) | J60: KÄ660RE52DH | K60: Kärl 660L, restavfall. Varje vecka. Detaljhandel | L60: RENH | M60: HUSH | N60: 1 | O60: KVAN | P60: Kärl 660L, restavfall. Varje vecka | S60: 8 | T60: 46023 | U60: 0 | W60: - | X60: 1 | Y60: ANTB
A61: §2.2.6 | B61: 75 | C61: 96 | D61: Kärl 660 l (restavfall) Hämtning var 14:e dag | E61: Saknas i EDP – föreslagen ny taxa | F61: Kodförslag baserat på DH-regel: detaljhandel med beviljad hantering av kommunalt avfall | G61: KÄ660RE26DH | H61: 96 | I61: Hämtningsavgift per år för verksamhet inom detaljhandeln med beviljad hantering av kommunalt avfall / Kärl 660 l (restavfall) | J61: KÄ660RE26DH | K61: Kärl 660L, restavfall. Var 14:e dag. Detaljhandel | L61: RENH | M61: HUSH | N61: 1 | O61: KVAN | P61: Kärl 660L, restavfall. Var 14:e dag | S61: 8 | T61: 46023 | U61: 0 | W61: - | X61: 1 | Y61: ANTB
A62: §2.2.6 | B62: 76 | C62: 97 | D62: Kärl 660 l (restavfall) Hämtning månadsvis | E62: Saknas i EDP – föreslagen ny taxa | F62: Kodförslag baserat på DH-regel: detaljhandel med beviljad hantering av kommunalt avfall | G62: KÄ660RE12DH | H62: 97 | I62: Hämtningsavgift per år för verksamhet inom detaljhandeln med beviljad hantering av kommunalt avfall / Kärl 660 l (restavfall) | J62: KÄ660RE12DH | K62: Kärl 660 l (restavfall). Hämtning månadsvis. Detaljhandel | L62: RENH | M62: HUSH | N62: 1 | O62: ÅRKV | P62: Kärl 660 l (restavfall) Hämtning månadsvis | U62: 0 | W62: - | X62: 1 | Y62: ANTB
A63: §2.2.6 | B63: 77 | C63: 98 | D63: Kärl 140 l (matavfall) Hämtning varje vecka | E63: Saknas i EDP – föreslagen ny taxa | F63: Kodförslag baserat på DH-regel: detaljhandel med beviljad hantering av kommunalt avfall | G63: KÄ140MA52DH | H63: 98 | I63: Hämtningsavgift per år för verksamhet inom detaljhandeln med beviljad hantering av kommunalt avfall / Kärl 140 l (matavfall) | J63: KÄ140MA52DH | K63: Kärl 140L, matavfall. Varje vecka. Detaljhandel | L63: RENH | M63: HUSH | N63: 1 | O63: KVAN | P63: Kärl 140L, matavfall. Varje vecka | S63: 4.8 | T63: 46023 | U63: 0 | W63: - | X63: 1 | Y63: ANTB
A64: §2.2.6 | B64: 78 | C64: 99 | D64: Kärl 140 l (matavfall) Hämtning var 14:e dag | E64: Saknas i EDP – föreslagen ny taxa | F64: Kodförslag baserat på DH-regel: detaljhandel med beviljad hantering av kommunalt avfall | G64: KÄ140MA26DH | H64: 99 | I64: Hämtningsavgift per år för verksamhet inom detaljhandeln med beviljad hantering av kommunalt avfall / Kärl 140 l (matavfall) | J64: KÄ140MA26DH | K64: Kärl 140L, matavfall. Var 14:e dag. Detaljhandel | L64: RENH | M64: HUSH | N64: 1 | O64: KVAN | P64: Kärl 140L, matavfall. Var 14:e dag | S64: 4.8 | T64: 46023 | U64: 0 | W64: - | X64: 1 | Y64: ANTB
A65: §2.2.6 | B65: 79 | C65: 100 | D65: Kärl 140 l (matavfall) Hämtning månadsvis | E65: Saknas i EDP – föreslagen ny taxa | F65: Kodförslag baserat på DH-regel: detaljhandel med beviljad hantering av kommunalt avfall | G65: KÄ140MA12DH | H65: 100 | I65: Hämtningsavgift per år för verksamhet inom detaljhandeln med beviljad hantering av kommunalt avfall / Kärl 140 l (matavfall) | J65: KÄ140MA12DH | K65: Kärl 140 l (matavfall). Hämtning månadsvis. Detaljhandel | L65: RENH | M65: HUSH | N65: 1 | O65: ÅRKV | P65: Kärl 140 l (matavfall) Hämtning månadsvis | U65: 0 | W65: - | X65: 1 | Y65: ANTB
A66: §2.2.6 | B66: 80 | C66: 101 | D66: Bottentömmande behållare (mat-/restavfall) Avgift per tömning | E66: Saknas i EDP – föreslagen ny taxa | F66: Kodförslag uppdaterat enligt regel: detaljhandel använder DH-suffix och bottentömmande använder MB-prefix | G66: MBRMDH | H66: 101 | I66: Hämtningsavgift per år för verksamhet inom detaljhandeln med beviljad hantering av kommunalt avfall / Bottentömmande behållare (mat-/restavfall) | J66: MBRMDH | K66: Bottentömmande/markbehållare (mat-/restavfall). Avgift per tömning. Detaljhandel | L66: RENH | M66: HUSH | N66: 1 | O66: ÅRKV | P66: Bottentömmande/markbehållare (mat-/restavfall). Avgift per tömning. Detaljhandel | U66: 0 | W66: - | X66: 1 | Y66: ANTL
A67: §2.2.6 | B67: 81 | C67: 102 | D67: Lastväxlarflak (restavfall) Avgift per tömning | E67: Saknas i EDP – föreslagen ny taxa | F67: Kodförslag uppdaterat enligt regel: detaljhandel använder DH-suffix och bottentömmande använder MB-prefix | G67: LVREDH | H67: 102 | I67: Hämtningsavgift per år för verksamhet inom detaljhandeln med beviljad hantering av kommunalt avfall / Lastväxlarflak (restavfall) | J67: LVREDH | K67: Lastväxlarflak (restavfall). Avgift per tömning. Detaljhandel | L67: RENH | M67: HUSH | N67: 1 | O67: ÅRKV | P67: Lastväxlarflak (restavfall). Avgift per tömning. Detaljhandel | U67: 0 | W67: - | X67: 1 | Y67: ANTL
A68: §2.2.6 | B68: 82 | C68: 103 | D68: Bottentömmande behållare (mat-/restavfall) Tillägg för två tömningar per vecka | E68: Saknas i EDP – föreslagen ny taxa | F68: Kodförslag uppdaterat enligt regel: detaljhandel använder DH-suffix och bottentömmande använder MB-prefix | G68: MBRM2VDH | H68: 103 | I68: Hämtningsavgift per år för verksamhet inom detaljhandeln med beviljad hantering av kommunalt avfall / Bottentömmande behållare (mat-/restavfall) | J68: MBRM2VDH | K68: Bottentömmande/markbehållare (mat-/restavfall). Tillägg för två tömningar per vecka. Detaljhandel | L68: RENH | M68: HUSH | N68: 1 | O68: ÅRKV | P68: Bottentömmande/markbehållare (mat-/restavfall). Tillägg för två tömningar per vecka. Detaljhandel | U68: 0 | W68: - | X68: 1 | Y68: ANTL
A69: §2.2.1 | C69: 22 | D69: Kärl 370 l (papper-/plastförpackningar) Kostnadsfritt | E69: Saknas i EDP – kostnadsfri rad från Word | F69: Kodförslag baserat på kostnadsfri rad i Word och FP-regel | G69: KÄ370FP | H69: 22 | I69: Hämtningsavgift per år för en- och tvåbostadshus / Kärl 370 l (papper-/plastförpackningar) | J69: KÄ370FP | K69: Kärl 370 l (papper-/plastförpackningar). Kostnadsfritt | L69: RENH | M69: HUSH | N69: 1 | O69: ÅRKV | P69: Kärl 370 l (papper-/plastförpackningar) Kostnadsfritt | U69: 0 | W69: - | X69: 1 | Y69: ANTB
A70: §2.2.2 | C70: 29 | D70: Kärl 370 l (papper-/plastförpackningar) Kostnadsfritt | E70: Saknas i EDP – kostnadsfri rad från Word | F70: Kodförslag baserat på kostnadsfri rad i Word, FP-regel och FRI-suffix | G70: KÄ370FPFRI | H70: 29 | I70: Hämtningsavgift per år för fritidshus / Kärl 370 l (papper-/plastförpackningar) | J70: KÄ370FPFRI | K70: Kärl 370 l (papper-/plastförpackningar). Kostnadsfritt. Fritidshus | L70: RENH | M70: HUSH | N70: 1 | O70: ÅRKV | P70: Kärl 370 l (papper-/plastförpackningar) Kostnadsfritt | U70: 0 | W70: - | X70: 1 | Y70: ANTB
A71: §2.2.3 | C71: 33 | D71: Gemensam uppsamlingsplats för förpackningar Kostnadsfritt | E71: Saknas i EDP – kostnadsfri rad från Word | F71: Kodförslag baserat på GEMUPP-regel och förpackningar | G71: GEMUPPFPFRI | H71: 33 | I71: Gemensam uppsamlingsplats inom hämtningsområde X / Gemensam uppsamlingsplats för förpackningar | J71: GEMUPPFPFRI | K71: Gemensam uppsamlingsplats för förpackningar. Kostnadsfritt | L71: RENH | M71: HUSH | N71: 1 | O71: ÅRKV | P71: Gemensam uppsamlingsplats för förpackningar Kostnadsfritt | U71: 0 | W71: - | X71: 1 | Y71: FAST
A72: §2.2.7 | B72: 83 | C72: 106 | D72: Kärl 140 l (kontors-/returpapper) | E72: Saknas i EDP – föreslagen ny taxa | F72: Kodförslag baserat på TI-regel: tidningar/returpapper, utökat till kontors-/returpapper enligt Word | G72: KÄ140TI | H72: 106 | I72: Verksamheter med beviljad hantering av förbrukat matfett, kontorspapper eller returpapper / Kärl 140 l (kontors-/returpapper) | J72: KÄ140TI | K72: Kärl 140 l (kontors-/returpapper) | L72: RENH | M72: HUSH | N72: 1 | O72: ÅRKV | P72: Kärl 140 l (kontors-/returpapper) | U72: 0 | W72: - | X72: 1 | Y72: ANTB
A73: §2.2.7 | B73: 84 | C73: 107 | D73: Egen överlämning av förbrukat kontors-/returpapper enligt anvisning | E73: Saknas i EDP – föreslagen ny taxa | F73: Kodförslag baserat på Wordtext: egen överlämning kontors-/returpapper | G73: EGENKONTRET | H73: 107 | I73: Verksamheter med beviljad hantering av förbrukat matfett, kontorspapper eller returpapper / Egen överlämning av förbrukat kontors-/returpapper enligt anvisning | J73: EGENKONTRET | K73: Egen överlämning av förbrukat kontors-/returpapper enligt anvisning | L73: RENH | M73: HUSH | N73: 1 | O73: ÅRKV | P73: Egen överlämning av förbrukat kontors-/returpapper enligt anvisning | U73: 0 | W73: - | X73: 1 | Y73: ANTL
A74: §2.2.7 | B74: 85 | C74: 108 | D74: Egen överlämning av förbrukat matfett enligt anvisning | E74: Saknas i EDP – föreslagen ny taxa | F74: Kodförslag baserat på Wordtext: egen överlämning förbrukat matfett | G74: EGENMATFETT | H74: 108 | I74: Verksamheter med beviljad hantering av förbrukat matfett, kontorspapper eller returpapper / Egen överlämning av förbrukat matfett enligt anvisning | J74: EGENMATFETT | K74: Egen överlämning av förbrukat matfett enligt anvisning | L74: RENH | M74: HUSH | N74: 1 | O74: ÅRKV | P74: Egen överlämning av förbrukat matfett enligt anvisning | U74: 0 | W74: - | X74: 1 | Y74: ANTL
A75: =IF($C75="","",INDEX(Taxepunkter!$A:$A,$C75)) | D75: =IF($C75="","",_xludf.TEXTJOIN(" ",TRUE,INDEX(Taxepunkter!$C:$C,$C75),INDEX(Taxepunkter!$D:$D,$C75))) | E75: =IF($C75="","","Saknas i EDP – föreslagen ny taxa") | F75: =IF($C75="","","Automatiserad mall: fyll Rad i Taxepunkter och FöreslagenTaxekod") | H75: =IF($C75="","",$C75) | I75: =IF($C75="","",INDEX(Taxepunkter!$B:$B,$C75)&" / "&INDEX(Taxepunkter!$C:$C,$C75)) | J75: =IF($G75="","",$G75) | K75: =IF($C75="","",INDEX(Taxepunkter!$C:$C,$C75)&IF(INDEX(Taxepunkter!$D:$D,$C75)="","",". "&INDEX(Taxepunkter!$D:$D,$C75))) | L75: =IF($C75="","","RENH") | M75: =IF($C75="","","HUSH") | N75: =IF($C75="","",1) | O75: =IF($C75="","","ÅRKV") | P75: =IF($C75="","",_xludf.TEXTJOIN(" ",TRUE,INDEX(Taxepunkter!$C:$C,$C75),INDEX(Taxepunkter!$D:$D,$C75))) | U75: =IF($C75="","",0) | W75: =IF($C75="","","-") | X75: =IF($C75="","",1) | Y75: =IF($C75="","","ANTB")
A76: =IF($C76="","",INDEX(Taxepunkter!$A:$A,$C76)) | D76: =IF($C76="","",_xludf.TEXTJOIN(" ",TRUE,INDEX(Taxepunkter!$C:$C,$C76),INDEX(Taxepunkter!$D:$D,$C76))) | E76: =IF($C76="","","Saknas i EDP – föreslagen ny taxa") | F76: =IF($C76="","","Automatiserad mall: fyll Rad i Taxepunkter och FöreslagenTaxekod") | H76: =IF($C76="","",$C76) | I76: =IF($C76="","",INDEX(Taxepunkter!$B:$B,$C76)&" / "&INDEX(Taxepunkter!$C:$C,$C76)) | J76: =IF($G76="","",$G76) | K76: =IF($C76="","",INDEX(Taxepunkter!$C:$C,$C76)&IF(INDEX(Taxepunkter!$D:$D,$C76)="","",". "&INDEX(Taxepunkter!$D:$D,$C76))) | L76: =IF($C76="","","RENH") | M76: =IF($C76="","","HUSH") | N76: =IF($C76="","",1) | O76: =IF($C76="","","ÅRKV") | P76: =IF($C76="","",_xludf.TEXTJOIN(" ",TRUE,INDEX(Taxepunkter!$C:$C,$C76),INDEX(Taxepunkter!$D:$D,$C76))) | U76: =IF($C76="","",0) | W76: =IF($C76="","","-") | X76: =IF($C76="","",1) | Y76: =IF($C76="","","ANTB")
A77: =IF($C77="","",INDEX(Taxepunkter!$A:$A,$C77)) | D77: =IF($C77="","",_xludf.TEXTJOIN(" ",TRUE,INDEX(Taxepunkter!$C:$C,$C77),INDEX(Taxepunkter!$D:$D,$C77))) | E77: =IF($C77="","","Saknas i EDP – föreslagen ny taxa") | F77: =IF($C77="","","Automatiserad mall: fyll Rad i Taxepunkter och FöreslagenTaxekod") | H77: =IF($C77="","",$C77) | I77: =IF($C77="","",INDEX(Taxepunkter!$B:$B,$C77)&" / "&INDEX(Taxepunkter!$C:$C,$C77)) | J77: =IF($G77="","",$G77) | K77: =IF($C77="","",INDEX(Taxepunkter!$C:$C,$C77)&IF(INDEX(Taxepunkter!$D:$D,$C77)="","",". "&INDEX(Taxepunkter!$D:$D,$C77))) | L77: =IF($C77="","","RENH") | M77: =IF($C77="","","HUSH") | N77: =IF($C77="","",1) | O77: =IF($C77="","","ÅRKV") | P77: =IF($C77="","",_xludf.TEXTJOIN(" ",TRUE,INDEX(Taxepunkter!$C:$C,$C77),INDEX(Taxepunkter!$D:$D,$C77))) | U77: =IF($C77="","",0) | W77: =IF($C77="","","-") | X77: =IF($C77="","",1) | Y77: =IF($C77="","","ANTB")
A78: =IF($C78="","",INDEX(Taxepunkter!$A:$A,$C78)) | D78: =IF($C78="","",_xludf.TEXTJOIN(" ",TRUE,INDEX(Taxepunkter!$C:$C,$C78),INDEX(Taxepunkter!$D:$D,$C78))) | E78: =IF($C78="","","Saknas i EDP – föreslagen ny taxa") | F78: =IF($C78="","","Automatiserad mall: fyll Rad i Taxepunkter och FöreslagenTaxekod") | H78: =IF($C78="","",$C78) | I78: =IF($C78="","",INDEX(Taxepunkter!$B:$B,$C78)&" / "&INDEX(Taxepunkter!$C:$C,$C78)) | J78: =IF($G78="","",$G78) | K78: =IF($C78="","",INDEX(Taxepunkter!$C:$C,$C78)&IF(INDEX(Taxepunkter!$D:$D,$C78)="","",". "&INDEX(Taxepunkter!$D:$D,$C78))) | L78: =IF($C78="","","RENH") | M78: =IF($C78="","","HUSH") | N78: =IF($C78="","",1) | O78: =IF($C78="","","ÅRKV") | P78: =IF($C78="","",_xludf.TEXTJOIN(" ",TRUE,INDEX(Taxepunkter!$C:$C,$C78),INDEX(Taxepunkter!$D:$D,$C78))) | U78: =IF($C78="","",0) | W78: =IF($C78="","","-") | X78: =IF($C78="","",1) | Y78: =IF($C78="","","ANTB")
A79: =IF($C79="","",INDEX(Taxepunkter!$A:$A,$C79)) | D79: =IF($C79="","",_xludf.TEXTJOIN(" ",TRUE,INDEX(Taxepunkter!$C:$C,$C79),INDEX(Taxepunkter!$D:$D,$C79))) | E79: =IF($C79="","","Saknas i EDP – föreslagen ny taxa") | F79: =IF($C79="","","Automatiserad mall: fyll Rad i Taxepunkter och FöreslagenTaxekod") | H79: =IF($C79="","",$C79) | I79: =IF($C79="","",INDEX(Taxepunkter!$B:$B,$C79)&" / "&INDEX(Taxepunkter!$C:$C,$C79)) | J79: =IF($G79="","",$G79) | K79: =IF($C79="","",INDEX(Taxepunkter!$C:$C,$C79)&IF(INDEX(Taxepunkter!$D:$D,$C79)="","",". "&INDEX(Taxepunkter!$D:$D,$C79))) | L79: =IF($C79="","","RENH") | M79: =IF($C79="","","HUSH") | N79: =IF($C79="","",1) | O79: =IF($C79="","","ÅRKV") | P79: =IF($C79="","",_xludf.TEXTJOIN(" ",TRUE,INDEX(Taxepunkter!$C:$C,$C79),INDEX(Taxepunkter!$D:$D,$C79))) | U79: =IF($C79="","",0) | W79: =IF($C79="","","-") | X79: =IF($C79="","",1) | Y79: =IF($C79="","","ANTB")
A80: =IF($C80="","",INDEX(Taxepunkter!$A:$A,$C80)) | D80: =IF($C80="","",_xludf.TEXTJOIN(" ",TRUE,INDEX(Taxepunkter!$C:$C,$C80),INDEX(Taxepunkter!$D:$D,$C80))) | E80: =IF($C80="","","Saknas i EDP – föreslagen ny taxa") | F80: =IF($C80="","","Automatiserad mall: fyll Rad i Taxepunkter och FöreslagenTaxekod") | H80: =IF($C80="","",$C80) | I80: =IF($C80="","",INDEX(Taxepunkter!$B:$B,$C80)&" / "&INDEX(Taxepunkter!$C:$C,$C80)) | J80: =IF($G80="","",$G80) | K80: =IF($C80="","",INDEX(Taxepunkter!$C:$C,$C80)&IF(INDEX(Taxepunkter!$D:$D,$C80)="","",". "&INDEX(Taxepunkter!$D:$D,$C80))) | L80: =IF($C80="","","RENH") | M80: =IF($C80="","","HUSH") | N80: =IF($C80="","",1) | O80: =IF($C80="","","ÅRKV") | P80: =IF($C80="","",_xludf.TEXTJOIN(" ",TRUE,INDEX(Taxepunkter!$C:$C,$C80),INDEX(Taxepunkter!$D:$D,$C80))) | U80: =IF($C80="","",0) | W80: =IF($C80="","","-") | X80: =IF($C80="","",1) | Y80: =IF($C80="","","ANTB")
A81: =IF($C81="","",INDEX(Taxepunkter!$A:$A,$C81)) | D81: =IF($C81="","",_xludf.TEXTJOIN(" ",TRUE,INDEX(Taxepunkter!$C:$C,$C81),INDEX(Taxepunkter!$D:$D,$C81))) | E81: =IF($C81="","","Saknas i EDP – föreslagen ny taxa") | F81: =IF($C81="","","Automatiserad mall: fyll Rad i Taxepunkter och FöreslagenTaxekod") | H81: =IF($C81="","",$C81) | I81: =IF($C81="","",INDEX(Taxepunkter!$B:$B,$C81)&" / "&INDEX(Taxepunkter!$C:$C,$C81)) | J81: =IF($G81="","",$G81) | K81: =IF($C81="","",INDEX(Taxepunkter!$C:$C,$C81)&IF(INDEX(Taxepunkter!$D:$D,$C81)="","",". "&INDEX(Taxepunkter!$D:$D,$C81))) | L81: =IF($C81="","","RENH") | M81: =IF($C81="","","HUSH") | N81: =IF($C81="","",1) | O81: =IF($C81="","","ÅRKV") | P81: =IF($C81="","",_xludf.TEXTJOIN(" ",TRUE,INDEX(Taxepunkter!$C:$C,$C81),INDEX(Taxepunkter!$D:$D,$C81))) | U81: =IF($C81="","",0) | W81: =IF($C81="","","-") | X81: =IF($C81="","",1) | Y81: =IF($C81="","","ANTB")
A82: =IF($C82="","",INDEX(Taxepunkter!$A:$A,$C82)) | D82: =IF($C82="","",_xludf.TEXTJOIN(" ",TRUE,INDEX(Taxepunkter!$C:$C,$C82),INDEX(Taxepunkter!$D:$D,$C82))) | E82: =IF($C82="","","Saknas i EDP – föreslagen ny taxa") | F82: =IF($C82="","","Automatiserad mall: fyll Rad i Taxepunkter och FöreslagenTaxekod") | H82: =IF($C82="","",$C82) | I82: =IF($C82="","",INDEX(Taxepunkter!$B:$B,$C82)&" / "&INDEX(Taxepunkter!$C:$C,$C82)) | J82: =IF($G82="","",$G82) | K82: =IF($C82="","",INDEX(Taxepunkter!$C:$C,$C82)&IF(INDEX(Taxepunkter!$D:$D,$C82)="","",". "&INDEX(Taxepunkter!$D:$D,$C82))) | L82: =IF($C82="","","RENH") | M82: =IF($C82="","","HUSH") | N82: =IF($C82="","",1) | O82: =IF($C82="","","ÅRKV") | P82: =IF($C82="","",_xludf.TEXTJOIN(" ",TRUE,INDEX(Taxepunkter!$C:$C,$C82),INDEX(Taxepunkter!$D:$D,$C82))) | U82: =IF($C82="","",0) | W82: =IF($C82="","","-") | X82: =IF($C82="","",1) | Y82: =IF($C82="","","ANTB")
A83: =IF($C83="","",INDEX(Taxepunkter!$A:$A,$C83)) | D83: =IF($C83="","",_xludf.TEXTJOIN(" ",TRUE,INDEX(Taxepunkter!$C:$C,$C83),INDEX(Taxepunkter!$D:$D,$C83))) | E83: =IF($C83="","","Saknas i EDP – föreslagen ny taxa") | F83: =IF($C83="","","Automatiserad mall: fyll Rad i Taxepunkter och FöreslagenTaxekod") | H83: =IF($C83="","",$C83) | I83: =IF($C83="","",INDEX(Taxepunkter!$B:$B,$C83)&" / "&INDEX(Taxepunkter!$C:$C,$C83)) | J83: =IF($G83="","",$G83) | K83: =IF($C83="","",INDEX(Taxepunkter!$C:$C,$C83)&IF(INDEX(Taxepunkter!$D:$D,$C83)="","",". "&INDEX(Taxepunkter!$D:$D,$C83))) | L83: =IF($C83="","","RENH") | M83: =IF($C83="","","HUSH") | N83: =IF($C83="","",1) | O83: =IF($C83="","","ÅRKV") | P83: =IF($C83="","",_xludf.TEXTJOIN(" ",TRUE,INDEX(Taxepunkter!$C:$C,$C83),INDEX(Taxepunkter!$D:$D,$C83))) | U83: =IF($C83="","",0) | W83: =IF($C83="","","-") | X83: =IF($C83="","",1) | Y83: =IF($C83="","","ANTB")
A84: =IF($C84="","",INDEX(Taxepunkter!$A:$A,$C84)) | D84: =IF($C84="","",_xludf.TEXTJOIN(" ",TRUE,INDEX(Taxepunkter!$C:$C,$C84),INDEX(Taxepunkter!$D:$D,$C84))) | E84: =IF($C84="","","Saknas i EDP – föreslagen ny taxa") | F84: =IF($C84="","","Automatiserad mall: fyll Rad i Taxepunkter och FöreslagenTaxekod") | H84: =IF($C84="","",$C84) | I84: =IF($C84="","",INDEX(Taxepunkter!$B:$B,$C84)&" / "&INDEX(Taxepunkter!$C:$C,$C84)) | J84: =IF($G84="","",$G84) | K84: =IF($C84="","",INDEX(Taxepunkter!$C:$C,$C84)&IF(INDEX(Taxepunkter!$D:$D,$C84)="","",". "&INDEX(Taxepunkter!$D:$D,$C84))) | L84: =IF($C84="","","RENH") | M84: =IF($C84="","","HUSH") | N84: =IF($C84="","",1) | O84: =IF($C84="","","ÅRKV") | P84: =IF($C84="","",_xludf.TEXTJOIN(" ",TRUE,INDEX(Taxepunkter!$C:$C,$C84),INDEX(Taxepunkter!$D:$D,$C84))) | U84: =IF($C84="","",0) | W84: =IF($C84="","","-") | X84: =IF($C84="","",1) | Y84: =IF($C84="","","ANTB")
A85: =IF($C85="","",INDEX(Taxepunkter!$A:$A,$C85)) | D85: =IF($C85="","",_xludf.TEXTJOIN(" ",TRUE,INDEX(Taxepunkter!$C:$C,$C85),INDEX(Taxepunkter!$D:$D,$C85))) | E85: =IF($C85="","","Saknas i EDP – föreslagen ny taxa") | F85: =IF($C85="","","Automatiserad mall: fyll Rad i Taxepunkter och FöreslagenTaxekod") | H85: =IF($C85="","",$C85) | I85: =IF($C85="","",INDEX(Taxepunkter!$B:$B,$C85)&" / "&INDEX(Taxepunkter!$C:$C,$C85)) | J85: =IF($G85="","",$G85) | K85: =IF($C85="","",INDEX(Taxepunkter!$C:$C,$C85)&IF(INDEX(Taxepunkter!$D:$D,$C85)="","",". "&INDEX(Taxepunkter!$D:$D,$C85))) | L85: =IF($C85="","","RENH") | M85: =IF($C85="","","HUSH") | N85: =IF($C85="","",1) | O85: =IF($C85="","","ÅRKV") | P85: =IF($C85="","",_xludf.TEXTJOIN(" ",TRUE,INDEX(Taxepunkter!$C:$C,$C85),INDEX(Taxepunkter!$D:$D,$C85))) | U85: =IF($C85="","",0) | W85: =IF($C85="","","-") | X85: =IF($C85="","",1) | Y85: =IF($C85="","","ANTB")
A86: =IF($C86="","",INDEX(Taxepunkter!$A:$A,$C86)) | D86: =IF($C86="","",_xludf.TEXTJOIN(" ",TRUE,INDEX(Taxepunkter!$C:$C,$C86),INDEX(Taxepunkter!$D:$D,$C86))) | E86: =IF($C86="","","Saknas i EDP – föreslagen ny taxa") | F86: =IF($C86="","","Automatiserad mall: fyll Rad i Taxepunkter och FöreslagenTaxekod") | H86: =IF($C86="","",$C86) | I86: =IF($C86="","",INDEX(Taxepunkter!$B:$B,$C86)&" / "&INDEX(Taxepunkter!$C:$C,$C86)) | J86: =IF($G86="","",$G86) | K86: =IF($C86="","",INDEX(Taxepunkter!$C:$C,$C86)&IF(INDEX(Taxepunkter!$D:$D,$C86)="","",". "&INDEX(Taxepunkter!$D:$D,$C86))) | L86: =IF($C86="","","RENH") | M86: =IF($C86="","","HUSH") | N86: =IF($C86="","",1) | O86: =IF($C86="","","ÅRKV") | P86: =IF($C86="","",_xludf.TEXTJOIN(" ",TRUE,INDEX(Taxepunkter!$C:$C,$C86),INDEX(Taxepunkter!$D:$D,$C86))) | U86: =IF($C86="","",0) | W86: =IF($C86="","","-") | X86: =IF($C86="","",1) | Y86: =IF($C86="","","ANTB")
... A200: =IF($C200="","",INDEX(Taxepunkter!$A:$A,$C200)) | D200: =IF($C200="","",_xludf.TEXTJOIN(" ",TRUE,INDEX(Taxepunkter!$C:$C,$C200),INDEX(Taxepunkter!$D:$D,$C200))) | E200: =IF($C200="","","Saknas i EDP – föreslagen ny taxa") | F200: =IF($C200="","","Automatiserad mall: fyll Rad i Taxepunkter och FöreslagenTaxekod") | H200: =IF($C200="","",$C200) | I200: =IF($C200="","",INDEX(Taxepunkter!$B:$B,$C200)&" / "&INDEX(Taxepunkter!$C:$C,$C200)) | J200: =IF($G200="","",$G200) | K200: =IF($C200="","",INDEX(Taxepunkter!$C:$C,$C200)&IF(INDEX(Taxepunkter!$D:$D,$C200)="","",". "&INDEX(Taxepunkter!$D:$D,$C200))) | L200: =IF($C200="","","RENH") | M200: =IF($C200="","","HUSH") | N200: =IF($C200="","",1) | O200: =IF($C200="","","ÅRKV") | P200: =IF($C200="","",_xludf.TEXTJOIN(" ",TRUE,INDEX(Taxepunkter!$C:$C,$C200),INDEX(Taxepunkter!$D:$D,$C200))) | U200: =IF($C200="","",0) | W200: =IF($C200="","","-") | X200: =IF($C200="","",1) | Y200: =IF($C200="","","ANTB")

Sheet Kontrollrapport
A1: Typ | B1: Paragraf | C1: Rad i Taxepunkter | D1: Källpunkt | E1: Taxapunkt | F1: Variant | G1: Föreslagen taxekod | H1: Status/Kommentar
A2: Struktur korrigerad | B2: §2.2.1 | C2: 19 | D2: 11 | E2: Kärl 240 l (mat-/restavfall) | F2: Hämtning månadsvis | H2: Tidigare tom rad fylld enligt Word.
A3: Struktur korrigerad | B3: §2.2.4 | C3: 58 | D3: 44 | E3: Kärl 190 l (tidningar och returpapper) | F3: Hämtning varje vecka | H3: Tidigare saknad/tom rad fylld enligt Word.
A4: Struktur korrigerad | B4: §2.2.5 | C4: 72 | D4: 56 | E4: Kärl 370 l (restavfall) | F4: Hämtning varje vecka | H4: Tidigare tom rad fylld enligt Word.
A5: Struktur korrigerad | B5: §2.2.5 | C5: 76 | D5: 60 | E5: Kärl 660 l (restavfall) | F5: Hämtning var 14:e dag | H5: Tidigare tom rad fylld enligt Word.
A6: Struktur korrigerad | B6: §2.2.5 | C6: 79 | D6: 63 | E6: Kärl 140 l (matavfall) | F6: Hämtning var 14:e dag | H6: Tidigare tom rad fylld enligt Word.
A7: Struktur korrigerad | B7: §2.2.5 | C7: 82 | D7: 66 | E7: Lastväxlarflak (restavfall) | F7: Avgift per tömning | H7: Flyttad/fylld så ordning följer Word.
A8: Struktur korrigerad | B8: §2.2.5 | C8: 83 | D8: 67 | E8: Bottentömmande behållare (mat-/restavfall) | F8: Tillägg för två tömningar per vecka | H8: Tidigare saknad rad fylld enligt Word.
A9: Struktur korrigerad | B9: §2.2.6 | C9: 91 | D9: 73 | E9: Kärl 370 l (restavfall) | F9: Hämtning månadsvis | H9: Tidigare tom rad fylld enligt Word.
A10: Struktur korrigerad | B10: §2.2.6 | C10: 94 | D10: 76 | E10: Kärl 660 l (restavfall) | F10: Hämtning månadsvis | H10: Tidigare tom rad fylld enligt Word.
A11: Struktur korrigerad | B11: §2.2.6 | C11: 97 | D11: 79 | E11: Kärl 140 l (matavfall) | F11: Hämtning månadsvis | H11: Tidigare tom rad fylld enligt Word.
A12: Taxa_Saknas | B12: §2.1 | C12: 11 | D12: 5 | E12: Lägenhet för specialändamål | G12: GRUNDSPEC | H12: Saknas i EDP – föreslagen ny taxa
A13: Taxa_Saknas | B13: §2.1 | C13: 12 | D13: 6 | E13: Anläggning | G13: GRUNDANL | H13: Saknas i EDP – föreslagen ny taxa
A14: Taxa_Saknas | B14: §2.1 | C14: 13 | D14: 7 | E14: Säsongsbaserad uppställningsplats | G14: GRUNDSÄS | H14: Saknas i EDP – föreslagen ny taxa
A15: Taxa_Saknas | B15: §2.1 | C15: 14 | D15: 8 | E15: Campingstuga/-lägenhet | G15: GRUNDCAMP | H15: Saknas i EDP – föreslagen ny taxa
A16: Taxa_Saknas | B16: §2.1 | C16: 15 | D16: 9 | E16: Administrativ avgift vid beviljad dispens om uppehåll i hämtning eller eget omhändertagande av avfall under kommunalt ansvar | G16: ADMINDISP | H16: Saknas i EDP – föreslagen ny taxa
A17: Taxa_Saknas | B17: §2.2.1 | C17: 19 | D17: 11 | E17: Kärl 240 l (mat-/restavfall) | F17: Hämtning månadsvis | G17: KÄ240RM12 | H17: Saknas i EDP – föreslagen ny taxa
A18: Taxa_Saknas | B18: §2.2.1 | C18: 21 | D18: 13 | E18: Extrakärl 190 l (restavfall) | F18: Hämtning månadsvis | G18: KÄ190XRM12 | H18: Saknas i EDP – föreslagen ny taxa
A19: Taxa_Saknas | B19: §2.2.2 | C19: 25 | D19: 15 | E19: Kärl 240 l (mat-/restavfall) | F19: Hämtning månadsvis | G19: KÄ240RM12FRI | H19: Saknas i EDP – föreslagen ny taxa
A20: Taxa_Saknas | B20: §2.2.2 | C20: 26 | D20: 16 | E20: Extrakärl 190 l (restavfall) | F20: Hämtning var 14:e dag | G20: KÄ190XRM26FRI | H20: Saknas i EDP – föreslagen ny taxa
A21: Taxa_Saknas | B21: §2.2.2 | C21: 27 | D21: 17 | E21: Extrakärl 190 l (restavfall) | F21: Hämtning månadsvis | G21: KÄ190XRM12FRI | H21: Saknas i EDP – föreslagen ny taxa
A22: Taxa_Saknas | B22: §2.2.3 | C22: 30 | D22: 18 | E22: Gemensam uppsamlingsplats för mat-/restavfall | G22: GEMUPPMR | H22: Saknas i EDP – föreslagen ny taxa
A23: Taxa_Saknas | B23: §2.2.3 | C23: 31 | D23: 19 | E23: Extra digital licens (årskostnad) | G23: GEMUPPEXTRA | H23: Saknas i EDP – föreslagen ny taxa
A24: Taxa_Saknas | B24: §2.2.3 | C24: 32 | D24: 20 | E24: Fysisk nyckel, kallad fob (engångskostnad) | G24: GEMUPPFOB | H24: Saknas i EDP – föreslagen ny taxa
A25: Taxa_Saknas | B25: §2.2.3 | C25: 33 | D25: 21 | E25: Byte av telefonnummer kopplat till licens | G25: GEMUPPBYTE | H25: Saknas i EDP – föreslagen ny taxa
A26: Taxa_Saknas | B26: §2.2.3 | C26: 34 | D26: 22 | E26: Kostnad för öppning av behållare | G26: GEMUPPÖPP | H26: Saknas i EDP – föreslagen ny taxa
A27: Taxa_Saknas | B27: §2.2.4 | C27: 39 | D27: 25 | E27: Kärl 240 l (mat-/restavfall) | F27: Hämtning månadsvis | G27: KÄ240RM12FV | H27: Saknas i EDP – föreslagen ny taxa
A28: Taxa_Saknas | B28: §2.2.4 | C28: 42 | D28: 28 | E28: Kärl 370 l (restavfall) | F28: Hämtning månadsvis | G28: KÄ370RE12FV | H28: Saknas i EDP – föreslagen ny taxa
A29: Taxa_Saknas | B29: §2.2.4 | C29: 45 | D29: 31 | E29: Kärl 660 l (restavfall) | F29: Hämtning månadsvis | G29: KÄ660RE12FV | H29: Saknas i EDP – föreslagen ny taxa
A30: Taxa_Saknas | B30: §2.2.4 | C30: 48 | D30: 34 | E30: Kärl 140 l (matavfall) | F30: Hämtning månadsvis | G30: KÄ140MA12FV | H30: Saknas i EDP – föreslagen ny taxa
A31: Taxa_Saknas | B31: §2.2.4 | C31: 49 | D31: 35 | E31: Kärl 190 l (förpackningar) | F31: Hämtning varje vecka | G31: KÄ190FP52FV | H31: Saknas i EDP – föreslagen ny taxa
A32: Taxa_Saknas | B32: §2.2.4 | C32: 50 | D32: 36 | E32: Kärl 190 l (förpackningar) | F32: Hämtning var 14:e dag | G32: KÄ190FP26FV | H32: Saknas i EDP – föreslagen ny taxa
A33: Taxa_Saknas | B33: §2.2.4 | C33: 51 | D33: 37 | E33: Kärl 190 l (förpackningar) | F33: Hämtning månadsvis | G33: KÄ190FP12FV | H33: Saknas i EDP – föreslagen ny taxa
A34: Taxa_Saknas | B34: §2.2.4 | C34: 52 | D34: 38 | E34: Kärl 370 l (förpackningar) | F34: Hämtning varje vecka | G34: KÄ370FP52FV | H34: Saknas i EDP – föreslagen ny taxa
A35: Taxa_Saknas | B35: §2.2.4 | C35: 53 | D35: 39 | E35: Kärl 370 l (förpackningar) | F35: Hämtning var 14:e dag | G35: KÄ370FP26FV | H35: Saknas i EDP – föreslagen ny taxa
A36: Taxa_Saknas | B36: §2.2.4 | C36: 54 | D36: 40 | E36: Kärl 370 l (förpackningar) | F36: Hämtning månadsvis | G36: KÄ370FP12FV | H36: Saknas i EDP – föreslagen ny taxa
A37: Taxa_Saknas | B37: §2.2.4 | C37: 55 | D37: 41 | E37: Kärl 660 l (förpackningar) | F37: Hämtning varje vecka | G37: KÄ660FP52FV | H37: Saknas i EDP – föreslagen ny taxa
A38: Taxa_Saknas | B38: §2.2.4 | C38: 56 | D38: 42 | E38: Kärl 660 l (förpackningar) | F38: Hämtning var 14:e dag | G38: KÄ660FP26FV | H38: Saknas i EDP – föreslagen ny taxa
... A78: Taxa_Saknas | B78: §2.2.6 | C78: 100 | D78: 82 | E78: Bottentömmande behållare (mat-/restavfall) | F78: Tillägg för två tömningar per vecka | G78: BTMR2VFV | H78: Saknas i EDP – föreslagen ny taxa
A82: Uppdatering | B82: Paragraf | C82: Rad i Taxepunkter | D82: Taxepunkt | E82: Åtgärd | F82: Taxekod | G82: Kommentar | H82: Status
A83: FV återanvändning | B83: §2.2.5 | C83: 69 | D83: Kärl 240 l (mat-/restavfall) / Hämtning varje vecka | E83: Taxekod ifylld | F83: KÄ240RM52FV | G83: FV = flerbostadshus eller verksamhet, EDP-träff bekräftad | H83: OK
A84: FV återanvändning | B84: §2.2.5 | C84: 70 | D84: Kärl 240 l (mat-/restavfall) / Hämtning var 14:e dag | E84: Taxekod ifylld | F84: KÄ240RM26FV | G84: FV = flerbostadshus eller verksamhet, EDP-träff bekräftad | H84: OK
A85: FV återanvändning | B85: §2.2.5 | C85: 72 | D85: Kärl 370 l (restavfall) / Hämtning varje vecka | E85: Taxekod ifylld | F85: KÄ370RE52FV | G85: FV = flerbostadshus eller verksamhet, EDP-träff bekräftad | H85: OK
A86: FV återanvändning | B86: §2.2.5 | C86: 73 | D86: Kärl 370 l (restavfall) / Hämtning var 14:e dag | E86: Taxekod ifylld | F86: KÄ370RE26FV | G86: FV = flerbostadshus eller verksamhet, EDP-träff bekräftad | H86: OK
A87: FV återanvändning | B87: §2.2.5 | C87: 75 | D87: Kärl 660 l (restavfall) / Hämtning varje vecka | E87: Taxekod ifylld | F87: KÄ660RE52FV | G87: FV = flerbostadshus eller verksamhet, EDP-träff bekräftad | H87: OK
A88: FV återanvändning | B88: §2.2.5 | C88: 76 | D88: Kärl 660 l (restavfall) / Hämtning var 14:e dag | E88: Taxekod ifylld | F88: KÄ660RE26FV | G88: FV = flerbostadshus eller verksamhet, EDP-träff bekräftad | H88: OK
A89: FV återanvändning | B89: §2.2.5 | C89: 78 | D89: Kärl 140 l (matavfall) / Hämtning varje vecka | E89: Taxekod ifylld | F89: KÄ140MA52FV | G89: FV = flerbostadshus eller verksamhet, EDP-träff bekräftad | H89: OK
A90: FV återanvändning | B90: §2.2.5 | C90: 79 | D90: Kärl 140 l (matavfall) / Hämtning var 14:e dag | E90: Taxekod ifylld | F90: KÄ140MA26FV | G90: FV = flerbostadshus eller verksamhet, EDP-träff bekräftad | H90: OK
A91: Tolkning | B91: Taxa_från_edp | D91: Taxekoder och strFaktor | E91: Ny flik skapad | F91: Taxekod_Tolkning | G91: Tolkningar baserade på strTaxebenamning, strTaxedelAvser och strFaktor | H91: OK
A93: Korrigering | B93: Kodtolkning | D93: MB3600RE26 | E93: Tidigare misstanke borttagen | G93: Ingen rad hittad där MB3600RE26 anger matavfall i strTaxedelAvser. Tidigare notering var feltolkning. | H93: OK
A95: Uppdatering | B95: Paragraf | C95: Rad/område | D95: Taxepunkt | E95: Åtgärd | F95: Taxekod/Förslag | G95: Kommentar | H95: Status
A96: Ny kolumn | B96: Taxepunkter | C96: Efter Taxakod | D96: Föreslagen Taxa | E96: Kolumn tillagd | F96: Formelstyrd | G96: Visar Taxakod om bekräftad, annars FöreslagenTaxekod från Taxa_Saknas baserat på intRecnum/radnummer. | H96: OK
A98: Uppdatering | B98: Paragraf | C98: Rad/område | D98: Taxepunkt | E98: Åtgärd | F98: Taxekod/Förslag | G98: Kommentar | H98: Status
A99: DH-regel | B99: §2.2.6 | C99: 86:100 | D99: Detaljhandel | E99: FV-förslag ersatta med DH-förslag | F99: DH | G99: Taxakod lämnas tom i Taxepunkter; Föreslagen Taxa hämtar DH från Taxa_Saknas. | H99: OK
A105: Uppdatering | B105: Område | C105: Rad/område | D105: Taxepunkt | E105: Åtgärd | F105: Taxekod/Förslag | G105: Kommentar | H105: Status
A106: Dokumentation | B106: Arbetsbok | C106: Nya flikar | D106: Självdokumentation | E106: Projektregler, arbetsflöde, källdokument, prompt, status och Taxepunkter-dokumentation skapad | G106: Masterfilen är förberedd för framtida ny import. | H106: OK
A107: Ny kolumn | B107: Taxepunkter | C107: Efter Aktuellt pris | D107: Föreslaget pris | E107: Kolumn införd | G107: Aktuellt pris är fortsatt EDP-källa; Föreslaget pris är arbetspris. | H107: OK
A108: Uppdatering | B108: Paragraf | C108: Rad/område | D108: Taxepunkt | E108: Åtgärd | F108: Taxekod/Förslag | G108: Kommentar | H108: Status
A109: Kostnadsfri rad | B109: §2.2.1 | C109: 22 | D109: Kärl 370 l (papper-/plastförpackningar) | E109: Rad tillagd | F109: KÄ370FP | G109: Saknas i EDP, ligger i Taxa_Saknas. | H109: OK
A110: Kostnadsfri rad | B110: §2.2.2 | C110: 29 | D110: Kärl 370 l (papper-/plastförpackningar) | E110: Rad tillagd | F110: KÄ370FPFRI | G110: Saknas i EDP, ligger i Taxa_Saknas. | H110: OK
A111: Kostnadsfri rad | B111: §2.2.3 | C111: 33 | D111: Gemensam uppsamlingsplats för förpackningar | E111: Rad tillagd | F111: GEMUPPFPFRI | G111: Saknas i EDP, ligger i Taxa_Saknas. | H111: OK
A112: Uppdatering | B112: Område | C112: Rad/område | D112: Taxepunkt | E112: Åtgärd | F112: Taxekod/Förslag | G112: Kommentar | H112: Status
A113: Master v2.0 Rev1 | B113: Arbetsbok | C113: Samtliga centrala flikar | D113: Visuell standard | E113: Färgstandard tillämpad | G113: Färgstandard, dokumentation och Revision_Etapp1 skapad. | H113: OK
A114: Master v2.0 Rev1 | B114: Dokumentation | C114: Nya flikar | D114: Taxa_Saknas/Taxa_från_edp | E114: Dokumentation skapad | G114: Formler, beroenden och källflikar dokumenterade. | H114: OK
A115: Uppdatering | B115: Område | C115: Rad/område | D115: Taxepunkt | E115: Åtgärd | F115: Taxekod/Förslag | G115: Kommentar | H115: Status
A116: Formelrevision | B116: Taxepunkter | C116: G/H/I/J/M/N | D116: Formelkolumner | E116: Formler återställda/standardiserade | G116: Samma formeltyp nedåt i arbetsområdet. | H116: OK
A117: Datavalidering | B117: Taxepunkter | C117: F7:F370 | D117: Taxakod | E117: Dropdown tillagd | G117: Lista pekar på Taxa_från_edp!B2:B371. | H117: OK
A118: Automationsmall | B118: Taxa_Saknas | C118: 72:200 | D118: Nya saknade taxor | E118: Mall skapad | G118: Fyll C och G, övriga kolumner fylls med formler. | H118: OK
A119: Uppdatering | B119: Område | C119: Rad/område | D119: Taxepunkt | E119: Åtgärd | F119: Taxekod/Förslag | G119: Kommentar | H119: Status
A120: Border-standard | B120: Hela arbetsboken | C120: Använda områden | D120: Outside borders | E120: Standardiserad | G120: Alla centrala tabellområden har tunn grå outside border. Rubriker har mörkare outside border. | H120: OK
A121: Uppdatering | B121: Område | C121: Rad/område | D121: Taxepunkt | E121: Åtgärd | F121: Taxekod/Förslag | G121: Kommentar | H121: Status
A122: Full border-standard | B122: Hela arbetsboken | C122: Centrala tabellområden | D122: Inside + outside borders | E122: Standardiserad | G122: Alla celler i tabellområden har ljusgrå rutnät och tabellerna har mörkare ytterkant. | H122: OK
A130: Uppdatering | B130: Paragraf | C130: Rad/område | D130: Taxepunkt | E130: Åtgärd | F130: Taxekod/Förslag | G130: Kommentar | H130: Status
A131: Word-kontroll | B131: §2.2.4 | C131: 40:69 | D131: Flerbostadshus | E131: Kontrollerad mot Word | G131: 30 taxerader enligt Word finns i Taxepunkter: 27 matrisrader + 3 specialrader. | H131: OK
A132: EDP-match | B132: §2.2.4 | C132: 40,41,43,44,46,47,49,50 | D132: KÄ 240/370/660/140 | E132: Befintliga EDP-taxor behållna | F132: KÄ*FV | G132: Exakta strTaxekod finns i Taxa_från_edp. | H132: OK
A133: Saknas | B133: §2.2.4 | C133: 42,45,48,51:66 | D133: Månadsvis + förpackningar + tidningar | E133: Taxakod lämnas tom | G133: Ligger i Taxa_Saknas med föreslagen taxekod. | H133: OK
A134: Kodregel | B134: §2.2.4 | C134: 67:68 | D134: Bottentömmande behållare | E134: Förslag uppdaterat | F134: MBRMFPFV / MBRMFP2VFV | G134: BTMR ersatt av MB-prefix enligt bekräftad regel. | H134: OK
A135: Saknas | B135: §2.2.4 | C135: 69 | D135: Gemensam uppsamlingsplats per lägenhet | E135: Förslag uppdaterat | F135: GEMUPPMRFPFLB | G135: Ingen exakt EDP-match för mat-/restavfall + förpackningar per lägenhet. | H135: OK
A137: Uppdatering | B137: Paragraf | C137: Rad/område | D137: Taxepunkt | E137: Åtgärd | F137: Taxekod/Förslag | G137: Kommentar | H137: Status
A138: Word-kontroll | B138: §2.2.5 | C138: 72:86 | D138: Verksamheter | E138: Kontrollerad mot Word | G138: 15 taxerader enligt Word finns i Taxepunkter: 12 kärlrader + 3 specialrader. | H138: OK
A139: EDP-match | B139: §2.2.5 | C139: 72,73,75,76,78,79,81,82 | D139: KÄ 240/370/660/140 | E139: Befintliga EDP-taxor behållna | F139: KÄ*FV | G139: FV = flerbostadshus eller verksamhet enligt bekräftad regel. | H139: OK
A140: Saknas | B140: §2.2.5 | C140: 74,77,80,83 | D140: Månadsvis | E140: Taxakod lämnas tom | F140: KÄ*12FV | G140: Saknas som exakt EDP-taxekod och ligger i Taxa_Saknas. | H140: OK
A141: Kodregel | B141: §2.2.5 | C141: 84,86 | D141: Bottentömmande behållare | E141: Förslag uppdaterat | F141: MBRMFV / MBRM2VFV | G141: BTMR ersatt med MB-prefix enligt bekräftad regel. | H141: OK
A142: Kodregel | B142: §2.2.5 | C142: 85 | D142: Lastväxlarflak | E142: Förslag kontrollerat | F142: LVREFV | G142: LV-prefix behålls som föreslagen taxa; ingen exakt EDP-match hittad. | H142: OK
A144: Uppdatering | B144: Paragraf | C144: Rad/område | D144: Taxepunkt | E144: Åtgärd | F144: Taxekod/Förslag | G144: Kommentar | H144: Status
A145: Word-kontroll | B145: §2.2.6 | C145: 89:103 | D145: Detaljhandel | E145: Kontrollerad mot Word | G145: 15 taxerader enligt Word finns i Taxepunkter: 12 kärlrader + 3 specialrader. | H145: OK
A146: EDP-kontroll | B146: §2.2.6 | C146: 89:103 | D146: Detaljhandel | E146: Inga exakta DH-taxekoder i Taxa_från_edp | G146: Taxakod lämnas tom och Föreslagen Taxa hämtas från Taxa_Saknas. | H146: OK
A147: Kodregel | B147: §2.2.6 | C147: 89:100 | D147: Kärl | E147: DH-suffix används | F147: KÄ*DH | G147: Detaljhandel är egen kategori och ska inte använda FV. | H147: OK
A148: Kodregel | B148: §2.2.6 | C148: 101,103 | D148: Bottentömmande behållare | E148: Förslag uppdaterat | F148: MBRMDH / MBRM2VDH | G148: BTMR ersatt med MB-prefix enligt bekräftad regel. | H148: OK
A149: Kodregel | B149: §2.2.6 | C149: 102 | D149: Lastväxlarflak | E149: Förslag kontrollerat | F149: LVREDH | G149: LV-prefix används för lastväxlarflak restavfall detaljhandel. | H149: OK
A151: Uppdatering | B151: Paragraf | C151: Rad/område | D151: Taxepunkt | E151: Åtgärd | F151: Taxekod/Förslag | G151: Kommentar | H151: Status
A152: Word-kontroll | B152: §2.2.7 | C152: 106:108 | D152: Förbrukat matfett, kontorspapper eller returpapper | E152: Kontrollerad mot Word | G152: 3 taxerader enligt Word finns nu i Taxepunkter. | H152: OK
A153: Komplettering | B153: §2.2.7 | C153: 107 | D153: Egen överlämning kontors-/returpapper | E153: Rad tillagd/fylld i Taxepunkter | F153: EGENKONTRET | G153: Raden fanns i Word men saknades som taxerad i Taxepunkter. | H153: OK
A154: EDP-kontroll | B154: §2.2.7 | C154: 106:108 | D154: Samtliga | E154: Ingen exakt EDP-träff | G154: Taxakod lämnas tom och Föreslagen Taxa hämtas från Taxa_Saknas. | H154: OK
A155: Kodregel | B155: §2.2.7 | C155: 106 | D155: Kärl 140 l kontors-/returpapper | E155: Förslag skapat | F155: KÄ140TI | G155: TI används som bekräftad koddel för tidningar/returpapper. | H155: OK
A156: Kodregel | B156: §2.2.7 | C156: 107:108 | D156: Egen överlämning | E156: Förslag skapat | F156: EGENKONTRET / EGENMATFETT | G156: Funktionskoder skapade utifrån Wordtext. | H156: OK

Sheet Taxekod_Tolkning
A1: Koddel | B1: Typ | C1: Betydelse | D1: Exempel | E1: Första förekomst | F1: Källa | G1: Status | H1: Kommentar
A2: KÄ | B2: Prefix | C2: Kärl | D2: KÄ240RM26 | E2: Taxa_från_edp rad 234 / strTaxekod KÄ240RM26 | F2: strTaxekod + strTaxebenamning | G2: Bekräftad
A3: MB | B3: Prefix | C3: Markbehållare eller underjordsbehållare | D3: MB3200RE26 | E3: Taxa_från_edp rad 211 / 271 | F3: strTaxebenamning + användarbekräftelse | G3: Bekräftad | H3: Kan omfatta både mark- och underjordsbehållare.
